2025/10/16 11:25:08 [notice] 1#1: using the "epoll" event method
2025/10/16 11:25:08 [notice] 1#1: nginx/1.28.0
2025/10/16 11:25:08 [notice] 1#1: built by gcc 13.3.0 (Ubuntu 13.3.0-6ubuntu2~24.04) 
2025/10/16 11:25:08 [notice] 1#1: OS: Linux 6.17.2-arch1-1
2025/10/16 11:25:08 [notice] 1#1: getrlimit(RLIMIT_NOFILE): 1024:524288
2025/10/16 11:25:08 [notice] 1#1: start worker processes
2025/10/16 11:25:08 [notice] 1#1: start worker process 7
2025/10/16 11:25:08 [notice] 1#1: start worker process 8
2025/10/16 11:25:08 [info] 7#7: audio_encoder_process_init: using aac encoder "aac"
2025/10/16 11:25:08 [warn] 7#7: audio_encoder_process_init: encoder does not support the required input format, audio encoding is disabled
2025/10/16 11:25:08 [info] 8#8: audio_encoder_process_init: using aac encoder "aac"
2025/10/16 11:25:08 [warn] 8#8: audio_encoder_process_init: encoder does not support the required input format, audio encoding is disabled
2025/10/16 11:25:08 [notice] 1#1: start worker process 9
2025/10/16 11:25:08 [notice] 1#1: start worker process 10
2025/10/16 11:25:08 [info] 9#9: audio_encoder_process_init: using aac encoder "aac"
2025/10/16 11:25:08 [warn] 9#9: audio_encoder_process_init: encoder does not support the required input format, audio encoding is disabled
2025/10/16 11:25:08 [info] 10#10: audio_encoder_process_init: using aac encoder "aac"
2025/10/16 11:25:08 [notice] 1#1: start worker process 11
2025/10/16 11:25:08 [warn] 10#10: audio_encoder_process_init: encoder does not support the required input format, audio encoding is disabled
2025/10/16 11:25:08 [notice] 1#1: start worker process 12
2025/10/16 11:25:08 [info] 11#11: audio_encoder_process_init: using aac encoder "aac"
2025/10/16 11:25:08 [warn] 11#11: audio_encoder_process_init: encoder does not support the required input format, audio encoding is disabled
2025/10/16 11:25:08 [info] 12#12: audio_encoder_process_init: using aac encoder "aac"
2025/10/16 11:25:08 [warn] 12#12: audio_encoder_process_init: encoder does not support the required input format, audio encoding is disabled
2025/10/16 11:25:08 [notice] 1#1: start worker process 13
2025/10/16 11:25:08 [info] 13#13: audio_encoder_process_init: using aac encoder "aac"
2025/10/16 11:25:08 [warn] 13#13: audio_encoder_process_init: encoder does not support the required input format, audio encoding is disabled
2025/10/16 11:25:08 [notice] 1#1: start worker process 14
2025/10/16 11:25:08 [info] 14#14: audio_encoder_process_init: using aac encoder "aac"
2025/10/16 11:25:08 [warn] 14#14: audio_encoder_process_init: encoder does not support the required input format, audio encoding is disabled
2025/10/16 11:25:08 [notice] 1#1: start worker process 15
2025/10/16 11:25:08 [info] 15#15: audio_encoder_process_init: using aac encoder "aac"
2025/10/16 11:25:08 [warn] 15#15: audio_encoder_process_init: encoder does not support the required input format, audio encoding is disabled
2025/10/16 11:25:08 [notice] 1#1: start worker process 16
2025/10/16 11:25:08 [info] 16#16: audio_encoder_process_init: using aac encoder "aac"
2025/10/16 11:25:08 [warn] 16#16: audio_encoder_process_init: encoder does not support the required input format, audio encoding is disabled
2025/10/16 11:25:08 [notice] 1#1: start worker process 17
2025/10/16 11:25:08 [info] 17#17: audio_encoder_process_init: using aac encoder "aac"
2025/10/16 11:25:08 [warn] 17#17: audio_encoder_process_init: encoder does not support the required input format, audio encoding is disabled
2025/10/16 11:25:08 [notice] 1#1: start worker process 18
2025/10/16 11:25:08 [info] 18#18: audio_encoder_process_init: using aac encoder "aac"
2025/10/16 11:25:08 [warn] 18#18: audio_encoder_process_init: encoder does not support the required input format, audio encoding is disabled
2025/10/16 11:25:08 [notice] 1#1: start worker process 19
2025/10/16 11:25:08 [info] 19#19: audio_encoder_process_init: using aac encoder "aac"
2025/10/16 11:25:08 [warn] 19#19: audio_encoder_process_init: encoder does not support the required input format, audio encoding is disabled
2025/10/16 11:25:08 [notice] 1#1: start worker process 20
2025/10/16 11:25:08 [info] 20#20: audio_encoder_process_init: using aac encoder "aac"
2025/10/16 11:25:08 [warn] 20#20: audio_encoder_process_init: encoder does not support the required input format, audio encoding is disabled
2025/10/16 11:25:08 [notice] 1#1: start worker process 21
2025/10/16 11:25:08 [info] 21#21: audio_encoder_process_init: using aac encoder "aac"
2025/10/16 11:25:08 [warn] 21#21: audio_encoder_process_init: encoder does not support the required input format, audio encoding is disabled
2025/10/16 11:25:08 [notice] 1#1: start worker process 22
2025/10/16 11:25:08 [info] 22#22: audio_encoder_process_init: using aac encoder "aac"
2025/10/16 11:25:08 [warn] 22#22: audio_encoder_process_init: encoder does not support the required input format, audio encoding is disabled
2025/10/16 11:25:08 [notice] 1#1: start worker process 23
2025/10/16 11:25:08 [info] 23#23: audio_encoder_process_init: using aac encoder "aac"
2025/10/16 11:25:08 [warn] 23#23: audio_encoder_process_init: encoder does not support the required input format, audio encoding is disabled
2025/10/16 11:25:08 [notice] 1#1: start worker process 24
2025/10/16 11:25:08 [info] 24#24: audio_encoder_process_init: using aac encoder "aac"
2025/10/16 11:25:08 [warn] 24#24: audio_encoder_process_init: encoder does not support the required input format, audio encoding is disabled
2025/10/16 11:25:08 [notice] 1#1: start worker process 25
2025/10/16 11:25:08 [info] 25#25: audio_encoder_process_init: using aac encoder "aac"
2025/10/16 11:25:08 [warn] 25#25: audio_encoder_process_init: encoder does not support the required input format, audio encoding is disabled
2025/10/16 11:25:08 [notice] 1#1: start worker process 26
2025/10/16 11:25:08 [info] 26#26: audio_encoder_process_init: using aac encoder "aac"
2025/10/16 11:25:08 [warn] 26#26: audio_encoder_process_init: encoder does not support the required input format, audio encoding is disabled
2025/10/16 11:25:27 [error] 7#7: *1 ngx_child_request_wev_handler: upstream returned a bad status 404 while sending to client, client: 172.20.0.1, server: localhost, request: "GET /hls/nesbyen/nesbyenlive01_2022-06-16_14-59-35.mp4/master.m3u8 HTTP/1.1", host: "localhost"
2025/10/16 11:25:27 [info] 7#7: *1 client 172.20.0.1 closed keepalive connection
2025/10/16 11:26:18 [notice] 1#1: signal 3 (SIGQUIT) received, shutting down
2025/10/16 11:26:18 [notice] 7#7: gracefully shutting down
2025/10/16 11:26:18 [notice] 8#8: gracefully shutting down
2025/10/16 11:26:18 [notice] 7#7: exiting
2025/10/16 11:26:18 [notice] 15#15: gracefully shutting down
2025/10/16 11:26:18 [notice] 8#8: exiting
2025/10/16 11:26:18 [notice] 15#15: exiting
2025/10/16 11:26:18 [notice] 16#16: gracefully shutting down
2025/10/16 11:26:18 [notice] 11#11: gracefully shutting down
2025/10/16 11:26:18 [notice] 10#10: gracefully shutting down
2025/10/16 11:26:18 [notice] 14#14: gracefully shutting down
2025/10/16 11:26:18 [notice] 9#9: gracefully shutting down
2025/10/16 11:26:18 [notice] 21#21: gracefully shutting down
2025/10/16 11:26:18 [notice] 16#16: exiting
2025/10/16 11:26:18 [notice] 11#11: exiting
2025/10/16 11:26:18 [notice] 10#10: exiting
2025/10/16 11:26:18 [notice] 12#12: gracefully shutting down
2025/10/16 11:26:18 [notice] 19#19: gracefully shutting down
2025/10/16 11:26:18 [notice] 14#14: exiting
2025/10/16 11:26:18 [notice] 18#18: gracefully shutting down
2025/10/16 11:26:18 [notice] 20#20: gracefully shutting down
2025/10/16 11:26:18 [notice] 17#17: gracefully shutting down
2025/10/16 11:26:18 [notice] 24#24: gracefully shutting down
2025/10/16 11:26:18 [notice] 9#9: exiting
2025/10/16 11:26:18 [notice] 22#22: gracefully shutting down
2025/10/16 11:26:18 [notice] 13#13: gracefully shutting down
2025/10/16 11:26:18 [notice] 21#21: exiting
2025/10/16 11:26:18 [notice] 7#7: exit
2025/10/16 11:26:18 [notice] 12#12: exiting
2025/10/16 11:26:18 [notice] 19#19: exiting
2025/10/16 11:26:18 [notice] 18#18: exiting
2025/10/16 11:26:18 [notice] 20#20: exiting
2025/10/16 11:26:18 [notice] 15#15: exit
2025/10/16 11:26:18 [notice] 8#8: exit
2025/10/16 11:26:18 [notice] 17#17: exiting
2025/10/16 11:26:18 [notice] 24#24: exiting
2025/10/16 11:26:18 [notice] 22#22: exiting
2025/10/16 11:26:18 [notice] 13#13: exiting
2025/10/16 11:26:18 [notice] 16#16: exit
2025/10/16 11:26:18 [notice] 11#11: exit
2025/10/16 11:26:18 [notice] 10#10: exit
2025/10/16 11:26:18 [notice] 14#14: exit
2025/10/16 11:26:18 [notice] 9#9: exit
2025/10/16 11:26:18 [notice] 20#20: exit
2025/10/16 11:26:18 [notice] 18#18: exit
2025/10/16 11:26:18 [notice] 19#19: exit
2025/10/16 11:26:18 [notice] 12#12: exit
2025/10/16 11:26:18 [notice] 21#21: exit
2025/10/16 11:26:18 [notice] 17#17: exit
2025/10/16 11:26:18 [notice] 24#24: exit
2025/10/16 11:26:18 [notice] 22#22: exit
2025/10/16 11:26:18 [notice] 13#13: exit
2025/10/16 11:26:18 [notice] 23#23: gracefully shutting down
2025/10/16 11:26:18 [notice] 25#25: gracefully shutting down
2025/10/16 11:26:18 [notice] 26#26: gracefully shutting down
2025/10/16 11:26:18 [notice] 23#23: exiting
2025/10/16 11:26:18 [notice] 25#25: exiting
2025/10/16 11:26:18 [notice] 26#26: exiting
2025/10/16 11:26:18 [notice] 23#23: exit
2025/10/16 11:26:18 [notice] 25#25: exit
2025/10/16 11:26:18 [notice] 26#26: exit
2025/10/16 11:26:18 [notice] 1#1: signal 17 (SIGCHLD) received from 11
2025/10/16 11:26:18 [notice] 1#1: worker process 11 exited with code 0
2025/10/16 11:26:18 [notice] 1#1: signal 29 (SIGIO) received
2025/10/16 11:26:18 [notice] 1#1: signal 17 (SIGCHLD) received from 24
2025/10/16 11:26:18 [notice] 1#1: worker process 24 exited with code 0
2025/10/16 11:26:18 [notice] 1#1: signal 29 (SIGIO) received
2025/10/16 11:26:18 [notice] 1#1: signal 17 (SIGCHLD) received from 7
2025/10/16 11:26:18 [notice] 1#1: worker process 7 exited with code 0
2025/10/16 11:26:18 [notice] 1#1: signal 29 (SIGIO) received
2025/10/16 11:26:18 [notice] 1#1: signal 17 (SIGCHLD) received from 8
2025/10/16 11:26:18 [notice] 1#1: worker process 8 exited with code 0
2025/10/16 11:26:18 [notice] 1#1: worker process 26 exited with code 0
2025/10/16 11:26:18 [notice] 1#1: signal 29 (SIGIO) received
2025/10/16 11:26:18 [notice] 1#1: signal 17 (SIGCHLD) received from 26
2025/10/16 11:26:18 [notice] 1#1: signal 17 (SIGCHLD) received from 20
2025/10/16 11:26:18 [notice] 1#1: worker process 10 exited with code 0
2025/10/16 11:26:18 [notice] 1#1: worker process 15 exited with code 0
2025/10/16 11:26:18 [notice] 1#1: worker process 17 exited with code 0
2025/10/16 11:26:18 [notice] 1#1: worker process 18 exited with code 0
2025/10/16 11:26:18 [notice] 1#1: worker process 19 exited with code 0
2025/10/16 11:26:18 [notice] 1#1: worker process 20 exited with code 0
2025/10/16 11:26:18 [notice] 1#1: worker process 22 exited with code 0
2025/10/16 11:26:18 [notice] 1#1: signal 29 (SIGIO) received
2025/10/16 11:26:18 [notice] 1#1: signal 17 (SIGCHLD) received from 17
2025/10/16 11:26:18 [notice] 1#1: signal 17 (SIGCHLD) received from 13
2025/10/16 11:26:18 [notice] 1#1: worker process 13 exited with code 0
2025/10/16 11:26:18 [notice] 1#1: signal 29 (SIGIO) received
2025/10/16 11:26:18 [notice] 1#1: signal 17 (SIGCHLD) received from 14
2025/10/16 11:26:18 [notice] 1#1: worker process 14 exited with code 0
2025/10/16 11:26:18 [notice] 1#1: worker process 16 exited with code 0
2025/10/16 11:26:18 [notice] 1#1: signal 29 (SIGIO) received
2025/10/16 11:26:18 [notice] 1#1: signal 17 (SIGCHLD) received from 21
2025/10/16 11:26:18 [notice] 1#1: worker process 9 exited with code 0
2025/10/16 11:26:18 [notice] 1#1: worker process 21 exited with code 0
2025/10/16 11:26:18 [notice] 1#1: signal 29 (SIGIO) received
2025/10/16 11:26:18 [notice] 1#1: signal 17 (SIGCHLD) received from 9
2025/10/16 11:26:18 [notice] 1#1: signal 17 (SIGCHLD) received from 12
2025/10/16 11:26:18 [notice] 1#1: worker process 12 exited with code 0
2025/10/16 11:26:18 [notice] 1#1: signal 29 (SIGIO) received
2025/10/16 11:26:18 [notice] 1#1: signal 17 (SIGCHLD) received from 25
2025/10/16 11:26:18 [notice] 1#1: worker process 25 exited with code 0
2025/10/16 11:26:18 [notice] 1#1: signal 29 (SIGIO) received
2025/10/16 11:26:18 [notice] 1#1: signal 17 (SIGCHLD) received from 23
2025/10/16 11:26:18 [notice] 1#1: worker process 23 exited with code 0
2025/10/16 11:26:18 [notice] 1#1: exit
2025/10/16 11:26:18 [notice] 1#1: using the "epoll" event method
2025/10/16 11:26:18 [notice] 1#1: nginx/1.28.0
2025/10/16 11:26:18 [notice] 1#1: built by gcc 13.3.0 (Ubuntu 13.3.0-6ubuntu2~24.04) 
2025/10/16 11:26:18 [notice] 1#1: OS: Linux 6.17.2-arch1-1
2025/10/16 11:26:18 [notice] 1#1: getrlimit(RLIMIT_NOFILE): 1024:524288
2025/10/16 11:26:18 [notice] 1#1: start worker processes
2025/10/16 11:26:18 [notice] 1#1: start worker process 7
2025/10/16 11:26:18 [notice] 1#1: start worker process 8
2025/10/16 11:26:18 [info] 7#7: audio_encoder_process_init: using aac encoder "aac"
2025/10/16 11:26:18 [warn] 7#7: audio_encoder_process_init: encoder does not support the required input format, audio encoding is disabled
2025/10/16 11:26:18 [notice] 1#1: start worker process 9
2025/10/16 11:26:18 [info] 8#8: audio_encoder_process_init: using aac encoder "aac"
2025/10/16 11:26:18 [warn] 8#8: audio_encoder_process_init: encoder does not support the required input format, audio encoding is disabled
2025/10/16 11:26:18 [notice] 1#1: start worker process 10
2025/10/16 11:26:18 [info] 9#9: audio_encoder_process_init: using aac encoder "aac"
2025/10/16 11:26:18 [warn] 9#9: audio_encoder_process_init: encoder does not support the required input format, audio encoding is disabled
2025/10/16 11:26:18 [info] 10#10: audio_encoder_process_init: using aac encoder "aac"
2025/10/16 11:26:18 [warn] 10#10: audio_encoder_process_init: encoder does not support the required input format, audio encoding is disabled
2025/10/16 11:26:18 [notice] 1#1: start worker process 11
2025/10/16 11:26:18 [info] 11#11: audio_encoder_process_init: using aac encoder "aac"
2025/10/16 11:26:18 [warn] 11#11: audio_encoder_process_init: encoder does not support the required input format, audio encoding is disabled
2025/10/16 11:26:18 [notice] 1#1: start worker process 12
2025/10/16 11:26:18 [info] 12#12: audio_encoder_process_init: using aac encoder "aac"
2025/10/16 11:26:18 [warn] 12#12: audio_encoder_process_init: encoder does not support the required input format, audio encoding is disabled
2025/10/16 11:26:18 [notice] 1#1: start worker process 13
2025/10/16 11:26:18 [info] 13#13: audio_encoder_process_init: using aac encoder "aac"
2025/10/16 11:26:18 [warn] 13#13: audio_encoder_process_init: encoder does not support the required input format, audio encoding is disabled
2025/10/16 11:26:18 [notice] 1#1: start worker process 14
2025/10/16 11:26:18 [info] 14#14: audio_encoder_process_init: using aac encoder "aac"
2025/10/16 11:26:18 [warn] 14#14: audio_encoder_process_init: encoder does not support the required input format, audio encoding is disabled
2025/10/16 11:26:18 [notice] 1#1: start worker process 15
2025/10/16 11:26:18 [info] 15#15: audio_encoder_process_init: using aac encoder "aac"
2025/10/16 11:26:18 [warn] 15#15: audio_encoder_process_init: encoder does not support the required input format, audio encoding is disabled
2025/10/16 11:26:18 [notice] 1#1: start worker process 16
2025/10/16 11:26:18 [info] 16#16: audio_encoder_process_init: using aac encoder "aac"
2025/10/16 11:26:18 [warn] 16#16: audio_encoder_process_init: encoder does not support the required input format, audio encoding is disabled
2025/10/16 11:26:18 [notice] 1#1: start worker process 17
2025/10/16 11:26:18 [info] 17#17: audio_encoder_process_init: using aac encoder "aac"
2025/10/16 11:26:18 [warn] 17#17: audio_encoder_process_init: encoder does not support the required input format, audio encoding is disabled
2025/10/16 11:26:18 [notice] 1#1: start worker process 18
2025/10/16 11:26:18 [info] 18#18: audio_encoder_process_init: using aac encoder "aac"
2025/10/16 11:26:18 [warn] 18#18: audio_encoder_process_init: encoder does not support the required input format, audio encoding is disabled
2025/10/16 11:26:18 [notice] 1#1: start worker process 19
2025/10/16 11:26:18 [info] 19#19: audio_encoder_process_init: using aac encoder "aac"
2025/10/16 11:26:18 [warn] 19#19: audio_encoder_process_init: encoder does not support the required input format, audio encoding is disabled
2025/10/16 11:26:18 [notice] 1#1: start worker process 20
2025/10/16 11:26:18 [info] 20#20: audio_encoder_process_init: using aac encoder "aac"
2025/10/16 11:26:18 [warn] 20#20: audio_encoder_process_init: encoder does not support the required input format, audio encoding is disabled
2025/10/16 11:26:18 [notice] 1#1: start worker process 21
2025/10/16 11:26:18 [info] 21#21: audio_encoder_process_init: using aac encoder "aac"
2025/10/16 11:26:18 [warn] 21#21: audio_encoder_process_init: encoder does not support the required input format, audio encoding is disabled
2025/10/16 11:26:18 [notice] 1#1: start worker process 22
2025/10/16 11:26:18 [info] 22#22: audio_encoder_process_init: using aac encoder "aac"
2025/10/16 11:26:18 [notice] 1#1: start worker process 23
2025/10/16 11:26:18 [warn] 22#22: audio_encoder_process_init: encoder does not support the required input format, audio encoding is disabled
2025/10/16 11:26:18 [info] 23#23: audio_encoder_process_init: using aac encoder "aac"
2025/10/16 11:26:18 [warn] 23#23: audio_encoder_process_init: encoder does not support the required input format, audio encoding is disabled
2025/10/16 11:26:18 [notice] 1#1: start worker process 24
2025/10/16 11:26:18 [info] 24#24: audio_encoder_process_init: using aac encoder "aac"
2025/10/16 11:26:18 [warn] 24#24: audio_encoder_process_init: encoder does not support the required input format, audio encoding is disabled
2025/10/16 11:26:18 [notice] 1#1: start worker process 25
2025/10/16 11:26:18 [info] 25#25: audio_encoder_process_init: using aac encoder "aac"
2025/10/16 11:26:18 [warn] 25#25: audio_encoder_process_init: encoder does not support the required input format, audio encoding is disabled
2025/10/16 11:26:18 [notice] 1#1: start worker process 26
2025/10/16 11:26:18 [info] 26#26: audio_encoder_process_init: using aac encoder "aac"
2025/10/16 11:26:18 [warn] 26#26: audio_encoder_process_init: encoder does not support the required input format, audio encoding is disabled
2025/10/16 11:26:45 [error] 7#7: *1 ngx_child_request_wev_handler: upstream returned a bad status 404 while sending to client, client: 172.20.0.1, server: localhost, request: "GET /hls/nesbyen/nesbyenlive01_2022-06-16_14-59-35.mp4/master.m3u8 HTTP/1.1", host: "localhost"
2025/10/16 11:26:45 [info] 7#7: *1 client 172.20.0.1 closed keepalive connection
2025/10/16 11:27:25 [notice] 1#1: signal 3 (SIGQUIT) received, shutting down
2025/10/16 11:27:25 [notice] 7#7: gracefully shutting down
2025/10/16 11:27:25 [notice] 11#11: gracefully shutting down
2025/10/16 11:27:25 [notice] 14#14: gracefully shutting down
2025/10/16 11:27:25 [notice] 7#7: exiting
2025/10/16 11:27:25 [notice] 11#11: exiting
2025/10/16 11:27:25 [notice] 14#14: exiting
2025/10/16 11:27:25 [notice] 17#17: gracefully shutting down
2025/10/16 11:27:25 [notice] 22#22: gracefully shutting down
2025/10/16 11:27:25 [notice] 20#20: gracefully shutting down
2025/10/16 11:27:25 [notice] 18#18: gracefully shutting down
2025/10/16 11:27:25 [notice] 15#15: gracefully shutting down
2025/10/16 11:27:25 [notice] 16#16: gracefully shutting down
2025/10/16 11:27:25 [notice] 9#9: gracefully shutting down
2025/10/16 11:27:25 [notice] 8#8: gracefully shutting down
2025/10/16 11:27:25 [notice] 21#21: gracefully shutting down
2025/10/16 11:27:25 [notice] 19#19: gracefully shutting down
2025/10/16 11:27:25 [notice] 17#17: exiting
2025/10/16 11:27:25 [notice] 22#22: exiting
2025/10/16 11:27:25 [notice] 12#12: gracefully shutting down
2025/10/16 11:27:25 [notice] 10#10: gracefully shutting down
2025/10/16 11:27:25 [notice] 13#13: gracefully shutting down
2025/10/16 11:27:25 [notice] 20#20: exiting
2025/10/16 11:27:25 [notice] 18#18: exiting
2025/10/16 11:27:25 [notice] 25#25: gracefully shutting down
2025/10/16 11:27:25 [notice] 15#15: exiting
2025/10/16 11:27:25 [notice] 16#16: exiting
2025/10/16 11:27:25 [notice] 7#7: exit
2025/10/16 11:27:25 [notice] 9#9: exiting
2025/10/16 11:27:25 [notice] 8#8: exiting
2025/10/16 11:27:25 [notice] 21#21: exiting
2025/10/16 11:27:25 [notice] 19#19: exiting
2025/10/16 11:27:25 [notice] 14#14: exit
2025/10/16 11:27:25 [notice] 12#12: exiting
2025/10/16 11:27:25 [notice] 10#10: exiting
2025/10/16 11:27:25 [notice] 13#13: exiting
2025/10/16 11:27:25 [notice] 25#25: exiting
2025/10/16 11:27:25 [notice] 17#17: exit
2025/10/16 11:27:25 [notice] 22#22: exit
2025/10/16 11:27:25 [notice] 18#18: exit
2025/10/16 11:27:25 [notice] 20#20: exit
2025/10/16 11:27:25 [notice] 16#16: exit
2025/10/16 11:27:25 [notice] 15#15: exit
2025/10/16 11:27:25 [notice] 21#21: exit
2025/10/16 11:27:25 [notice] 9#9: exit
2025/10/16 11:27:25 [notice] 8#8: exit
2025/10/16 11:27:25 [notice] 12#12: exit
2025/10/16 11:27:25 [notice] 13#13: exit
2025/10/16 11:27:25 [notice] 25#25: exit
2025/10/16 11:27:25 [notice] 10#10: exit
2025/10/16 11:27:25 [notice] 19#19: exit
2025/10/16 11:27:25 [notice] 11#11: exit
2025/10/16 11:27:25 [notice] 26#26: gracefully shutting down
2025/10/16 11:27:25 [notice] 26#26: exiting
2025/10/16 11:27:25 [notice] 24#24: gracefully shutting down
2025/10/16 11:27:25 [notice] 23#23: gracefully shutting down
2025/10/16 11:27:25 [notice] 24#24: exiting
2025/10/16 11:27:25 [notice] 23#23: exiting
2025/10/16 11:27:25 [notice] 24#24: exit
2025/10/16 11:27:25 [notice] 26#26: exit
2025/10/16 11:27:25 [notice] 23#23: exit
2025/10/16 11:27:25 [notice] 1#1: signal 17 (SIGCHLD) received from 20
2025/10/16 11:27:25 [notice] 1#1: worker process 10 exited with code 0
2025/10/16 11:27:25 [notice] 1#1: worker process 14 exited with code 0
2025/10/16 11:27:25 [notice] 1#1: worker process 16 exited with code 0
2025/10/16 11:27:25 [notice] 1#1: worker process 20 exited with code 0
2025/10/16 11:27:25 [notice] 1#1: worker process 24 exited with code 0
2025/10/16 11:27:25 [notice] 1#1: signal 29 (SIGIO) received
2025/10/16 11:27:25 [notice] 1#1: signal 17 (SIGCHLD) received from 25
2025/10/16 11:27:25 [notice] 1#1: worker process 8 exited with code 0
2025/10/16 11:27:25 [notice] 1#1: worker process 19 exited with code 0
2025/10/16 11:27:25 [notice] 1#1: worker process 25 exited with code 0
2025/10/16 11:27:25 [notice] 1#1: worker process 26 exited with code 0
2025/10/16 11:27:25 [notice] 1#1: signal 29 (SIGIO) received
2025/10/16 11:27:25 [notice] 1#1: signal 17 (SIGCHLD) received from 8
2025/10/16 11:27:25 [notice] 1#1: worker process 7 exited with code 0
2025/10/16 11:27:25 [notice] 1#1: worker process 9 exited with code 0
2025/10/16 11:27:25 [notice] 1#1: signal 29 (SIGIO) received
2025/10/16 11:27:25 [notice] 1#1: signal 17 (SIGCHLD) received from 7
2025/10/16 11:27:25 [notice] 1#1: signal 17 (SIGCHLD) received from 11
2025/10/16 11:27:25 [notice] 1#1: worker process 11 exited with code 0
2025/10/16 11:27:25 [notice] 1#1: worker process 12 exited with code 0
2025/10/16 11:27:25 [notice] 1#1: worker process 18 exited with code 0
2025/10/16 11:27:25 [notice] 1#1: signal 29 (SIGIO) received
2025/10/16 11:27:25 [notice] 1#1: signal 17 (SIGCHLD) received from 23
2025/10/16 11:27:25 [notice] 1#1: worker process 13 exited with code 0
2025/10/16 11:27:25 [notice] 1#1: worker process 23 exited with code 0
2025/10/16 11:27:25 [notice] 1#1: signal 29 (SIGIO) received
2025/10/16 11:27:25 [notice] 1#1: signal 17 (SIGCHLD) received from 13
2025/10/16 11:27:25 [notice] 1#1: worker process 22 exited with code 0
2025/10/16 11:27:25 [notice] 1#1: signal 29 (SIGIO) received
2025/10/16 11:27:25 [notice] 1#1: signal 17 (SIGCHLD) received from 17
2025/10/16 11:27:25 [notice] 1#1: worker process 17 exited with code 0
2025/10/16 11:27:25 [notice] 1#1: worker process 15 exited with code 0
2025/10/16 11:27:25 [notice] 1#1: signal 29 (SIGIO) received
2025/10/16 11:27:25 [notice] 1#1: signal 17 (SIGCHLD) received from 15
2025/10/16 11:27:25 [notice] 1#1: signal 17 (SIGCHLD) received from 21
2025/10/16 11:27:25 [notice] 1#1: worker process 21 exited with code 0
2025/10/16 11:27:25 [notice] 1#1: exit
2025/10/16 11:27:25 [notice] 1#1: using the "epoll" event method
2025/10/16 11:27:25 [notice] 1#1: nginx/1.28.0
2025/10/16 11:27:25 [notice] 1#1: built by gcc 13.3.0 (Ubuntu 13.3.0-6ubuntu2~24.04) 
2025/10/16 11:27:25 [notice] 1#1: OS: Linux 6.17.2-arch1-1
2025/10/16 11:27:25 [notice] 1#1: getrlimit(RLIMIT_NOFILE): 1024:524288
2025/10/16 11:27:25 [notice] 1#1: start worker processes
2025/10/16 11:27:25 [notice] 1#1: start worker process 7
2025/10/16 11:27:25 [notice] 1#1: start worker process 8
2025/10/16 11:27:25 [info] 7#7: audio_encoder_process_init: using aac encoder "aac"
2025/10/16 11:27:25 [warn] 7#7: audio_encoder_process_init: encoder does not support the required input format, audio encoding is disabled
2025/10/16 11:27:25 [notice] 1#1: start worker process 9
2025/10/16 11:27:25 [info] 8#8: audio_encoder_process_init: using aac encoder "aac"
2025/10/16 11:27:25 [warn] 8#8: audio_encoder_process_init: encoder does not support the required input format, audio encoding is disabled
2025/10/16 11:27:25 [notice] 1#1: start worker process 10
2025/10/16 11:27:25 [info] 9#9: audio_encoder_process_init: using aac encoder "aac"
2025/10/16 11:27:25 [warn] 9#9: audio_encoder_process_init: encoder does not support the required input format, audio encoding is disabled
2025/10/16 11:27:25 [notice] 1#1: start worker process 11
2025/10/16 11:27:25 [info] 10#10: audio_encoder_process_init: using aac encoder "aac"
2025/10/16 11:27:25 [warn] 10#10: audio_encoder_process_init: encoder does not support the required input format, audio encoding is disabled
2025/10/16 11:27:25 [notice] 1#1: start worker process 12
2025/10/16 11:27:25 [info] 11#11: audio_encoder_process_init: using aac encoder "aac"
2025/10/16 11:27:25 [warn] 11#11: audio_encoder_process_init: encoder does not support the required input format, audio encoding is disabled
2025/10/16 11:27:25 [notice] 1#1: start worker process 13
2025/10/16 11:27:25 [info] 12#12: audio_encoder_process_init: using aac encoder "aac"
2025/10/16 11:27:25 [warn] 12#12: audio_encoder_process_init: encoder does not support the required input format, audio encoding is disabled
2025/10/16 11:27:25 [notice] 1#1: start worker process 14
2025/10/16 11:27:25 [info] 13#13: audio_encoder_process_init: using aac encoder "aac"
2025/10/16 11:27:25 [warn] 13#13: audio_encoder_process_init: encoder does not support the required input format, audio encoding is disabled
2025/10/16 11:27:25 [notice] 1#1: start worker process 15
2025/10/16 11:27:25 [info] 14#14: audio_encoder_process_init: using aac encoder "aac"
2025/10/16 11:27:25 [warn] 14#14: audio_encoder_process_init: encoder does not support the required input format, audio encoding is disabled
2025/10/16 11:27:25 [notice] 1#1: start worker process 16
2025/10/16 11:27:25 [info] 15#15: audio_encoder_process_init: using aac encoder "aac"
2025/10/16 11:27:25 [warn] 15#15: audio_encoder_process_init: encoder does not support the required input format, audio encoding is disabled
2025/10/16 11:27:25 [notice] 1#1: start worker process 17
2025/10/16 11:27:25 [info] 16#16: audio_encoder_process_init: using aac encoder "aac"
2025/10/16 11:27:25 [warn] 16#16: audio_encoder_process_init: encoder does not support the required input format, audio encoding is disabled
2025/10/16 11:27:25 [info] 17#17: audio_encoder_process_init: using aac encoder "aac"
2025/10/16 11:27:25 [warn] 17#17: audio_encoder_process_init: encoder does not support the required input format, audio encoding is disabled
2025/10/16 11:27:25 [notice] 1#1: start worker process 18
2025/10/16 11:27:25 [notice] 1#1: start worker process 19
2025/10/16 11:27:25 [info] 18#18: audio_encoder_process_init: using aac encoder "aac"
2025/10/16 11:27:25 [warn] 18#18: audio_encoder_process_init: encoder does not support the required input format, audio encoding is disabled
2025/10/16 11:27:25 [notice] 1#1: start worker process 20
2025/10/16 11:27:25 [info] 19#19: audio_encoder_process_init: using aac encoder "aac"
2025/10/16 11:27:25 [warn] 19#19: audio_encoder_process_init: encoder does not support the required input format, audio encoding is disabled
2025/10/16 11:27:25 [notice] 1#1: start worker process 21
2025/10/16 11:27:25 [info] 20#20: audio_encoder_process_init: using aac encoder "aac"
2025/10/16 11:27:25 [warn] 20#20: audio_encoder_process_init: encoder does not support the required input format, audio encoding is disabled
2025/10/16 11:27:25 [info] 21#21: audio_encoder_process_init: using aac encoder "aac"
2025/10/16 11:27:25 [warn] 21#21: audio_encoder_process_init: encoder does not support the required input format, audio encoding is disabled
2025/10/16 11:27:25 [notice] 1#1: start worker process 22
2025/10/16 11:27:25 [notice] 1#1: start worker process 23
2025/10/16 11:27:25 [info] 22#22: audio_encoder_process_init: using aac encoder "aac"
2025/10/16 11:27:25 [warn] 22#22: audio_encoder_process_init: encoder does not support the required input format, audio encoding is disabled
2025/10/16 11:27:25 [notice] 1#1: start worker process 24
2025/10/16 11:27:25 [info] 23#23: audio_encoder_process_init: using aac encoder "aac"
2025/10/16 11:27:25 [warn] 23#23: audio_encoder_process_init: encoder does not support the required input format, audio encoding is disabled
2025/10/16 11:27:25 [info] 24#24: audio_encoder_process_init: using aac encoder "aac"
2025/10/16 11:27:25 [warn] 24#24: audio_encoder_process_init: encoder does not support the required input format, audio encoding is disabled
2025/10/16 11:27:25 [notice] 1#1: start worker process 25
2025/10/16 11:27:25 [info] 25#25: audio_encoder_process_init: using aac encoder "aac"
2025/10/16 11:27:25 [warn] 25#25: audio_encoder_process_init: encoder does not support the required input format, audio encoding is disabled
2025/10/16 11:27:25 [notice] 1#1: start worker process 26
2025/10/16 11:27:25 [info] 26#26: audio_encoder_process_init: using aac encoder "aac"
2025/10/16 11:27:25 [warn] 26#26: audio_encoder_process_init: encoder does not support the required input format, audio encoding is disabled
2025/10/16 11:27:37 [error] 7#7: *1 ngx_child_request_wev_handler: upstream returned a bad status 404 while sending to client, client: 172.20.0.1, server: localhost, request: "HEAD /hls/nesbyen/nesbyenlive01_2022-06-16_14-59-35.mp4/master.m3u8 HTTP/1.1", host: "localhost"
2025/10/16 11:27:37 [info] 7#7: *1 client 172.20.0.1 closed keepalive connection
2025/10/16 11:27:44 [error] 8#8: *3 ngx_child_request_wev_handler: upstream returned a bad status 404 while sending to client, client: 172.20.0.1, server: localhost, request: "GET /hls/nesbyen/nesbyenlive01_2022-06-16_14-59-35.mp4/master.m3u8 HTTP/1.1", host: "localhost"
2025/10/16 11:28:06 [error] 9#9: *5 ngx_child_request_wev_handler: upstream returned a bad status 404 while sending to client, client: 172.20.0.1, server: localhost, request: "GET /hls/nesbyen/nesbyenlive01_2022-06-16_14-59-35.mp4/master.m3u8 HTTP/1.1", host: "localhost"
2025/10/16 11:28:07 [error] 10#10: *7 ngx_child_request_wev_handler: upstream returned a bad status 404 while sending to client, client: 172.20.0.1, server: localhost, request: "GET /hls/nesbyen/nesbyenlive01_2022-06-16_14-59-35.mp4/master.m3u8 HTTP/1.1", host: "localhost"
2025/10/16 11:28:07 [info] 10#10: *7 client 172.20.0.1 closed keepalive connection
2025/10/16 11:30:50 [notice] 1#1: signal 3 (SIGQUIT) received, shutting down
2025/10/16 11:30:50 [notice] 8#8: gracefully shutting down
2025/10/16 11:30:50 [notice] 7#7: gracefully shutting down
2025/10/16 11:30:50 [notice] 8#8: exiting
2025/10/16 11:30:50 [notice] 16#16: gracefully shutting down
2025/10/16 11:30:50 [notice] 7#7: exiting
2025/10/16 11:30:50 [notice] 22#22: gracefully shutting down
2025/10/16 11:30:50 [notice] 20#20: gracefully shutting down
2025/10/16 11:30:50 [notice] 13#13: gracefully shutting down
2025/10/16 11:30:50 [notice] 11#11: gracefully shutting down
2025/10/16 11:30:50 [notice] 10#10: gracefully shutting down
2025/10/16 11:30:50 [notice] 14#14: gracefully shutting down
2025/10/16 11:30:50 [notice] 16#16: exiting
2025/10/16 11:30:50 [notice] 17#17: gracefully shutting down
2025/10/16 11:30:50 [notice] 21#21: gracefully shutting down
2025/10/16 11:30:50 [notice] 24#24: gracefully shutting down
2025/10/16 11:30:50 [notice] 9#9: gracefully shutting down
2025/10/16 11:30:50 [notice] 18#18: gracefully shutting down
2025/10/16 11:30:50 [notice] 12#12: gracefully shutting down
2025/10/16 11:30:50 [notice] 22#22: exiting
2025/10/16 11:30:50 [notice] 15#15: gracefully shutting down
2025/10/16 11:30:50 [notice] 20#20: exiting
2025/10/16 11:30:50 [notice] 19#19: gracefully shutting down
2025/10/16 11:30:50 [notice] 13#13: exiting
2025/10/16 11:30:50 [notice] 11#11: exiting
2025/10/16 11:30:50 [notice] 8#8: exit
2025/10/16 11:30:50 [notice] 10#10: exiting
2025/10/16 11:30:50 [notice] 14#14: exiting
2025/10/16 11:30:50 [notice] 7#7: exit
2025/10/16 11:30:50 [notice] 17#17: exiting
2025/10/16 11:30:50 [notice] 21#21: exiting
2025/10/16 11:30:50 [notice] 24#24: exiting
2025/10/16 11:30:50 [notice] 9#9: exiting
2025/10/16 11:30:50 [notice] 18#18: exiting
2025/10/16 11:30:50 [notice] 12#12: exiting
2025/10/16 11:30:50 [notice] 15#15: exiting
2025/10/16 11:30:50 [notice] 19#19: exiting
2025/10/16 11:30:50 [notice] 16#16: exit
2025/10/16 11:30:50 [notice] 10#10: exit
2025/10/16 11:30:50 [notice] 22#22: exit
2025/10/16 11:30:50 [notice] 9#9: exit
2025/10/16 11:30:50 [notice] 20#20: exit
2025/10/16 11:30:50 [notice] 13#13: exit
2025/10/16 11:30:50 [notice] 11#11: exit
2025/10/16 11:30:50 [notice] 14#14: exit
2025/10/16 11:30:50 [notice] 17#17: exit
2025/10/16 11:30:50 [notice] 21#21: exit
2025/10/16 11:30:50 [notice] 24#24: exit
2025/10/16 11:30:50 [notice] 12#12: exit
2025/10/16 11:30:50 [notice] 15#15: exit
2025/10/16 11:30:50 [notice] 19#19: exit
2025/10/16 11:30:50 [notice] 18#18: exit
2025/10/16 11:30:50 [notice] 23#23: gracefully shutting down
2025/10/16 11:30:50 [notice] 26#26: gracefully shutting down
2025/10/16 11:30:50 [notice] 25#25: gracefully shutting down
2025/10/16 11:30:50 [notice] 23#23: exiting
2025/10/16 11:30:50 [notice] 26#26: exiting
2025/10/16 11:30:50 [notice] 25#25: exiting
2025/10/16 11:30:50 [notice] 23#23: exit
2025/10/16 11:30:50 [notice] 26#26: exit
2025/10/16 11:30:50 [notice] 25#25: exit
2025/10/16 11:30:50 [notice] 1#1: signal 17 (SIGCHLD) received from 13
2025/10/16 11:30:50 [notice] 1#1: worker process 13 exited with code 0
2025/10/16 11:30:50 [notice] 1#1: signal 29 (SIGIO) received
2025/10/16 11:30:50 [notice] 1#1: signal 17 (SIGCHLD) received from 24
2025/10/16 11:30:50 [notice] 1#1: worker process 24 exited with code 0
2025/10/16 11:30:50 [notice] 1#1: signal 29 (SIGIO) received
2025/10/16 11:30:50 [notice] 1#1: signal 17 (SIGCHLD) received from 18
2025/10/16 11:30:50 [notice] 1#1: worker process 18 exited with code 0
2025/10/16 11:30:50 [notice] 1#1: signal 29 (SIGIO) received
2025/10/16 11:30:50 [notice] 1#1: signal 17 (SIGCHLD) received from 9
2025/10/16 11:30:50 [notice] 1#1: worker process 9 exited with code 0
2025/10/16 11:30:50 [notice] 1#1: signal 29 (SIGIO) received
2025/10/16 11:30:50 [notice] 1#1: signal 17 (SIGCHLD) received from 15
2025/10/16 11:30:50 [notice] 1#1: worker process 12 exited with code 0
2025/10/16 11:30:50 [notice] 1#1: worker process 15 exited with code 0
2025/10/16 11:30:50 [notice] 1#1: worker process 11 exited with code 0
2025/10/16 11:30:50 [notice] 1#1: worker process 19 exited with code 0
2025/10/16 11:30:50 [notice] 1#1: worker process 22 exited with code 0
2025/10/16 11:30:50 [notice] 1#1: signal 29 (SIGIO) received
2025/10/16 11:30:50 [notice] 1#1: signal 17 (SIGCHLD) received from 11
2025/10/16 11:30:50 [notice] 1#1: signal 17 (SIGCHLD) received from 25
2025/10/16 11:30:50 [notice] 1#1: worker process 8 exited with code 0
2025/10/16 11:30:50 [notice] 1#1: worker process 21 exited with code 0
2025/10/16 11:30:50 [notice] 1#1: worker process 25 exited with code 0
2025/10/16 11:30:50 [notice] 1#1: signal 29 (SIGIO) received
2025/10/16 11:30:50 [notice] 1#1: signal 17 (SIGCHLD) received from 20
2025/10/16 11:30:50 [notice] 1#1: worker process 20 exited with code 0
2025/10/16 11:30:50 [notice] 1#1: signal 29 (SIGIO) received
2025/10/16 11:30:50 [notice] 1#1: signal 17 (SIGCHLD) received from 26
2025/10/16 11:30:50 [notice] 1#1: worker process 17 exited with code 0
2025/10/16 11:30:50 [notice] 1#1: worker process 26 exited with code 0
2025/10/16 11:30:50 [notice] 1#1: signal 29 (SIGIO) received
2025/10/16 11:30:50 [notice] 1#1: signal 17 (SIGCHLD) received from 17
2025/10/16 11:30:50 [notice] 1#1: signal 17 (SIGCHLD) received from 16
2025/10/16 11:30:50 [notice] 1#1: worker process 16 exited with code 0
2025/10/16 11:30:50 [notice] 1#1: signal 29 (SIGIO) received
2025/10/16 11:30:50 [notice] 1#1: signal 17 (SIGCHLD) received from 14
2025/10/16 11:30:50 [notice] 1#1: worker process 14 exited with code 0
2025/10/16 11:30:50 [notice] 1#1: signal 29 (SIGIO) received
2025/10/16 11:30:50 [notice] 1#1: signal 17 (SIGCHLD) received from 7
2025/10/16 11:30:50 [notice] 1#1: worker process 7 exited with code 0
2025/10/16 11:30:50 [notice] 1#1: signal 29 (SIGIO) received
2025/10/16 11:30:50 [notice] 1#1: signal 17 (SIGCHLD) received from 10
2025/10/16 11:30:50 [notice] 1#1: worker process 10 exited with code 0
2025/10/16 11:30:50 [notice] 1#1: worker process 23 exited with code 0
2025/10/16 11:30:50 [notice] 1#1: exit
2025/10/16 11:30:52 [notice] 1#1: using the "epoll" event method
2025/10/16 11:30:52 [notice] 1#1: nginx/1.28.0
2025/10/16 11:30:52 [notice] 1#1: built by gcc 13.3.0 (Ubuntu 13.3.0-6ubuntu2~24.04) 
2025/10/16 11:30:52 [notice] 1#1: OS: Linux 6.17.2-arch1-1
2025/10/16 11:30:52 [notice] 1#1: getrlimit(RLIMIT_NOFILE): 1024:524288
2025/10/16 11:30:52 [notice] 1#1: start worker processes
2025/10/16 11:30:52 [notice] 1#1: start worker process 7
2025/10/16 11:30:52 [notice] 1#1: start worker process 8
2025/10/16 11:30:52 [info] 7#7: audio_encoder_process_init: using aac encoder "aac"
2025/10/16 11:30:52 [warn] 7#7: audio_encoder_process_init: encoder does not support the required input format, audio encoding is disabled
2025/10/16 11:30:52 [notice] 1#1: start worker process 9
2025/10/16 11:30:52 [info] 8#8: audio_encoder_process_init: using aac encoder "aac"
2025/10/16 11:30:52 [warn] 8#8: audio_encoder_process_init: encoder does not support the required input format, audio encoding is disabled
2025/10/16 11:30:52 [notice] 1#1: start worker process 10
2025/10/16 11:30:52 [info] 9#9: audio_encoder_process_init: using aac encoder "aac"
2025/10/16 11:30:52 [warn] 9#9: audio_encoder_process_init: encoder does not support the required input format, audio encoding is disabled
2025/10/16 11:30:52 [info] 10#10: audio_encoder_process_init: using aac encoder "aac"
2025/10/16 11:30:52 [notice] 1#1: start worker process 11
2025/10/16 11:30:52 [warn] 10#10: audio_encoder_process_init: encoder does not support the required input format, audio encoding is disabled
2025/10/16 11:30:52 [info] 11#11: audio_encoder_process_init: using aac encoder "aac"
2025/10/16 11:30:52 [warn] 11#11: audio_encoder_process_init: encoder does not support the required input format, audio encoding is disabled
2025/10/16 11:30:52 [notice] 1#1: start worker process 12
2025/10/16 11:30:52 [notice] 1#1: start worker process 13
2025/10/16 11:30:52 [info] 12#12: audio_encoder_process_init: using aac encoder "aac"
2025/10/16 11:30:52 [warn] 12#12: audio_encoder_process_init: encoder does not support the required input format, audio encoding is disabled
2025/10/16 11:30:52 [info] 13#13: audio_encoder_process_init: using aac encoder "aac"
2025/10/16 11:30:52 [warn] 13#13: audio_encoder_process_init: encoder does not support the required input format, audio encoding is disabled
2025/10/16 11:30:52 [notice] 1#1: start worker process 14
2025/10/16 11:30:52 [info] 14#14: audio_encoder_process_init: using aac encoder "aac"
2025/10/16 11:30:52 [warn] 14#14: audio_encoder_process_init: encoder does not support the required input format, audio encoding is disabled
2025/10/16 11:30:52 [notice] 1#1: start worker process 15
2025/10/16 11:30:52 [info] 15#15: audio_encoder_process_init: using aac encoder "aac"
2025/10/16 11:30:52 [warn] 15#15: audio_encoder_process_init: encoder does not support the required input format, audio encoding is disabled
2025/10/16 11:30:52 [notice] 1#1: start worker process 16
2025/10/16 11:30:52 [info] 16#16: audio_encoder_process_init: using aac encoder "aac"
2025/10/16 11:30:52 [warn] 16#16: audio_encoder_process_init: encoder does not support the required input format, audio encoding is disabled
2025/10/16 11:30:52 [notice] 1#1: start worker process 17
2025/10/16 11:30:52 [info] 17#17: audio_encoder_process_init: using aac encoder "aac"
2025/10/16 11:30:52 [warn] 17#17: audio_encoder_process_init: encoder does not support the required input format, audio encoding is disabled
2025/10/16 11:30:52 [notice] 1#1: start worker process 18
2025/10/16 11:30:52 [info] 18#18: audio_encoder_process_init: using aac encoder "aac"
2025/10/16 11:30:52 [notice] 1#1: start worker process 19
2025/10/16 11:30:52 [warn] 18#18: audio_encoder_process_init: encoder does not support the required input format, audio encoding is disabled
2025/10/16 11:30:52 [info] 19#19: audio_encoder_process_init: using aac encoder "aac"
2025/10/16 11:30:52 [warn] 19#19: audio_encoder_process_init: encoder does not support the required input format, audio encoding is disabled
2025/10/16 11:30:52 [notice] 1#1: start worker process 20
2025/10/16 11:30:52 [info] 20#20: audio_encoder_process_init: using aac encoder "aac"
2025/10/16 11:30:52 [warn] 20#20: audio_encoder_process_init: encoder does not support the required input format, audio encoding is disabled
2025/10/16 11:30:52 [notice] 1#1: start worker process 21
2025/10/16 11:30:52 [info] 21#21: audio_encoder_process_init: using aac encoder "aac"
2025/10/16 11:30:52 [warn] 21#21: audio_encoder_process_init: encoder does not support the required input format, audio encoding is disabled
2025/10/16 11:30:52 [notice] 1#1: start worker process 22
2025/10/16 11:30:52 [info] 22#22: audio_encoder_process_init: using aac encoder "aac"
2025/10/16 11:30:52 [warn] 22#22: audio_encoder_process_init: encoder does not support the required input format, audio encoding is disabled
2025/10/16 11:30:52 [notice] 1#1: start worker process 23
2025/10/16 11:30:52 [info] 23#23: audio_encoder_process_init: using aac encoder "aac"
2025/10/16 11:30:52 [warn] 23#23: audio_encoder_process_init: encoder does not support the required input format, audio encoding is disabled
2025/10/16 11:30:52 [notice] 1#1: start worker process 24
2025/10/16 11:30:52 [info] 24#24: audio_encoder_process_init: using aac encoder "aac"
2025/10/16 11:30:52 [warn] 24#24: audio_encoder_process_init: encoder does not support the required input format, audio encoding is disabled
2025/10/16 11:30:52 [notice] 1#1: start worker process 25
2025/10/16 11:30:52 [info] 25#25: audio_encoder_process_init: using aac encoder "aac"
2025/10/16 11:30:52 [warn] 25#25: audio_encoder_process_init: encoder does not support the required input format, audio encoding is disabled
2025/10/16 11:30:52 [notice] 1#1: start worker process 26
2025/10/16 11:30:52 [info] 26#26: audio_encoder_process_init: using aac encoder "aac"
2025/10/16 11:30:52 [warn] 26#26: audio_encoder_process_init: encoder does not support the required input format, audio encoding is disabled
2025/10/16 11:30:54 [error] 7#7: *1 ngx_child_request_wev_handler: upstream returned a bad status 404 while sending to client, client: 172.20.0.1, server: localhost, request: "GET /hls/nesbyen/nesbyenlive01_2022-06-16_14-59-35.mp4/master.m3u8 HTTP/1.1", host: "localhost"
2025/10/16 11:30:55 [error] 8#8: *4 ngx_child_request_wev_handler: upstream returned a bad status 404 while sending to client, client: 172.20.0.1, server: localhost, request: "GET /hls/nesbyen/nesbyenlive01_2022-06-16_14-59-35.mp4/master.m3u8 HTTP/1.1", host: "localhost"
2025/10/16 11:30:55 [info] 8#8: *4 client 172.20.0.1 closed keepalive connection
2025/10/16 11:31:54 [notice] 1#1: signal 3 (SIGQUIT) received, shutting down
2025/10/16 11:31:54 [notice] 8#8: gracefully shutting down
2025/10/16 11:31:54 [notice] 7#7: gracefully shutting down
2025/10/16 11:31:54 [notice] 9#9: gracefully shutting down
2025/10/16 11:31:54 [notice] 11#11: gracefully shutting down
2025/10/16 11:31:54 [notice] 12#12: gracefully shutting down
2025/10/16 11:31:54 [notice] 15#15: gracefully shutting down
2025/10/16 11:31:54 [notice] 14#14: gracefully shutting down
2025/10/16 11:31:54 [notice] 8#8: exiting
2025/10/16 11:31:54 [notice] 17#17: gracefully shutting down
2025/10/16 11:31:54 [notice] 16#16: gracefully shutting down
2025/10/16 11:31:54 [notice] 21#21: gracefully shutting down
2025/10/16 11:31:54 [notice] 7#7: exiting
2025/10/16 11:31:54 [notice] 10#10: gracefully shutting down
2025/10/16 11:31:54 [notice] 18#18: gracefully shutting down
2025/10/16 11:31:54 [notice] 9#9: exiting
2025/10/16 11:31:54 [notice] 11#11: exiting
2025/10/16 11:31:54 [notice] 19#19: gracefully shutting down
2025/10/16 11:31:54 [notice] 12#12: exiting
2025/10/16 11:31:54 [notice] 15#15: exiting
2025/10/16 11:31:54 [notice] 23#23: gracefully shutting down
2025/10/16 11:31:54 [notice] 14#14: exiting
2025/10/16 11:31:54 [notice] 13#13: gracefully shutting down
2025/10/16 11:31:54 [notice] 17#17: exiting
2025/10/16 11:31:54 [notice] 16#16: exiting
2025/10/16 11:31:54 [notice] 21#21: exiting
2025/10/16 11:31:54 [notice] 10#10: exiting
2025/10/16 11:31:54 [notice] 18#18: exiting
2025/10/16 11:31:54 [notice] 19#19: exiting
2025/10/16 11:31:54 [notice] 8#8: exit
2025/10/16 11:31:54 [notice] 23#23: exiting
2025/10/16 11:31:54 [notice] 13#13: exiting
2025/10/16 11:31:54 [notice] 7#7: exit
2025/10/16 11:31:54 [notice] 9#9: exit
2025/10/16 11:31:54 [notice] 11#11: exit
2025/10/16 11:31:54 [notice] 12#12: exit
2025/10/16 11:31:54 [notice] 15#15: exit
2025/10/16 11:31:54 [notice] 14#14: exit
2025/10/16 11:31:54 [notice] 16#16: exit
2025/10/16 11:31:54 [notice] 17#17: exit
2025/10/16 11:31:54 [notice] 21#21: exit
2025/10/16 11:31:54 [notice] 10#10: exit
2025/10/16 11:31:54 [notice] 18#18: exit
2025/10/16 11:31:54 [notice] 13#13: exit
2025/10/16 11:31:54 [notice] 19#19: exit
2025/10/16 11:31:54 [notice] 23#23: exit
2025/10/16 11:31:54 [notice] 22#22: gracefully shutting down
2025/10/16 11:31:54 [notice] 20#20: gracefully shutting down
2025/10/16 11:31:54 [notice] 22#22: exiting
2025/10/16 11:31:54 [notice] 20#20: exiting
2025/10/16 11:31:54 [notice] 24#24: gracefully shutting down
2025/10/16 11:31:54 [notice] 24#24: exiting
2025/10/16 11:31:54 [notice] 22#22: exit
2025/10/16 11:31:54 [notice] 20#20: exit
2025/10/16 11:31:54 [notice] 24#24: exit
2025/10/16 11:31:54 [notice] 25#25: gracefully shutting down
2025/10/16 11:31:54 [notice] 25#25: exiting
2025/10/16 11:31:54 [notice] 25#25: exit
2025/10/16 11:31:54 [notice] 26#26: gracefully shutting down
2025/10/16 11:31:54 [notice] 26#26: exiting
2025/10/16 11:31:54 [notice] 26#26: exit
2025/10/16 11:31:54 [notice] 1#1: signal 17 (SIGCHLD) received from 12
2025/10/16 11:31:54 [notice] 1#1: worker process 12 exited with code 0
2025/10/16 11:31:54 [notice] 1#1: worker process 15 exited with code 0
2025/10/16 11:31:54 [notice] 1#1: signal 29 (SIGIO) received
2025/10/16 11:31:54 [notice] 1#1: signal 17 (SIGCHLD) received from 17
2025/10/16 11:31:54 [notice] 1#1: worker process 17 exited with code 0
2025/10/16 11:31:54 [notice] 1#1: signal 29 (SIGIO) received
2025/10/16 11:31:54 [notice] 1#1: signal 17 (SIGCHLD) received from 16
2025/10/16 11:31:54 [notice] 1#1: worker process 16 exited with code 0
2025/10/16 11:31:54 [notice] 1#1: signal 29 (SIGIO) received
2025/10/16 11:31:54 [notice] 1#1: signal 17 (SIGCHLD) received from 14
2025/10/16 11:31:54 [notice] 1#1: worker process 9 exited with code 0
2025/10/16 11:31:54 [notice] 1#1: worker process 11 exited with code 0
2025/10/16 11:31:54 [notice] 1#1: worker process 14 exited with code 0
2025/10/16 11:31:54 [notice] 1#1: signal 29 (SIGIO) received
2025/10/16 11:31:54 [notice] 1#1: signal 17 (SIGCHLD) received from 9
2025/10/16 11:31:54 [notice] 1#1: signal 17 (SIGCHLD) received from 10
2025/10/16 11:31:54 [notice] 1#1: worker process 10 exited with code 0
2025/10/16 11:31:54 [notice] 1#1: worker process 13 exited with code 0
2025/10/16 11:31:54 [notice] 1#1: signal 29 (SIGIO) received
2025/10/16 11:31:54 [notice] 1#1: signal 17 (SIGCHLD) received from 13
2025/10/16 11:31:54 [notice] 1#1: worker process 24 exited with code 0
2025/10/16 11:31:54 [notice] 1#1: signal 29 (SIGIO) received
2025/10/16 11:31:54 [notice] 1#1: signal 17 (SIGCHLD) received from 18
2025/10/16 11:31:54 [notice] 1#1: worker process 18 exited with code 0
2025/10/16 11:31:54 [notice] 1#1: signal 29 (SIGIO) received
2025/10/16 11:31:54 [notice] 1#1: signal 17 (SIGCHLD) received from 25
2025/10/16 11:31:54 [notice] 1#1: worker process 23 exited with code 0
2025/10/16 11:31:54 [notice] 1#1: worker process 25 exited with code 0
2025/10/16 11:31:54 [notice] 1#1: signal 29 (SIGIO) received
2025/10/16 11:31:54 [notice] 1#1: signal 17 (SIGCHLD) received from 23
2025/10/16 11:31:54 [notice] 1#1: signal 17 (SIGCHLD) received from 22
2025/10/16 11:31:54 [notice] 1#1: worker process 22 exited with code 0
2025/10/16 11:31:54 [notice] 1#1: signal 29 (SIGIO) received
2025/10/16 11:31:54 [notice] 1#1: signal 17 (SIGCHLD) received from 20
2025/10/16 11:31:54 [notice] 1#1: worker process 20 exited with code 0
2025/10/16 11:31:54 [notice] 1#1: worker process 19 exited with code 0
2025/10/16 11:31:54 [notice] 1#1: signal 29 (SIGIO) received
2025/10/16 11:31:54 [notice] 1#1: signal 17 (SIGCHLD) received from 19
2025/10/16 11:31:54 [notice] 1#1: worker process 21 exited with code 0
2025/10/16 11:31:54 [notice] 1#1: signal 29 (SIGIO) received
2025/10/16 11:31:54 [notice] 1#1: signal 17 (SIGCHLD) received from 7
2025/10/16 11:31:54 [notice] 1#1: worker process 7 exited with code 0
2025/10/16 11:31:54 [notice] 1#1: signal 29 (SIGIO) received
2025/10/16 11:31:54 [notice] 1#1: signal 17 (SIGCHLD) received from 8
2025/10/16 11:31:54 [notice] 1#1: worker process 8 exited with code 0
2025/10/16 11:31:54 [notice] 1#1: signal 17 (SIGCHLD) received from 26
2025/10/16 11:31:54 [notice] 1#1: worker process 26 exited with code 0
2025/10/16 11:31:54 [notice] 1#1: exit
2025/10/16 11:31:54 [notice] 1#1: using the "epoll" event method
2025/10/16 11:31:54 [notice] 1#1: nginx/1.28.0
2025/10/16 11:31:54 [notice] 1#1: built by gcc 13.3.0 (Ubuntu 13.3.0-6ubuntu2~24.04) 
2025/10/16 11:31:54 [notice] 1#1: OS: Linux 6.17.2-arch1-1
2025/10/16 11:31:54 [notice] 1#1: getrlimit(RLIMIT_NOFILE): 1024:524288
2025/10/16 11:31:54 [notice] 1#1: start worker processes
2025/10/16 11:31:54 [notice] 1#1: start worker process 7
2025/10/16 11:31:54 [notice] 1#1: start worker process 8
2025/10/16 11:31:54 [info] 7#7: audio_encoder_process_init: using aac encoder "aac"
2025/10/16 11:31:54 [warn] 7#7: audio_encoder_process_init: encoder does not support the required input format, audio encoding is disabled
2025/10/16 11:31:54 [notice] 1#1: start worker process 9
2025/10/16 11:31:54 [info] 8#8: audio_encoder_process_init: using aac encoder "aac"
2025/10/16 11:31:54 [warn] 8#8: audio_encoder_process_init: encoder does not support the required input format, audio encoding is disabled
2025/10/16 11:31:54 [notice] 1#1: start worker process 10
2025/10/16 11:31:54 [info] 9#9: audio_encoder_process_init: using aac encoder "aac"
2025/10/16 11:31:54 [warn] 9#9: audio_encoder_process_init: encoder does not support the required input format, audio encoding is disabled
2025/10/16 11:31:54 [notice] 1#1: start worker process 11
2025/10/16 11:31:54 [info] 10#10: audio_encoder_process_init: using aac encoder "aac"
2025/10/16 11:31:54 [warn] 10#10: audio_encoder_process_init: encoder does not support the required input format, audio encoding is disabled
2025/10/16 11:31:54 [info] 11#11: audio_encoder_process_init: using aac encoder "aac"
2025/10/16 11:31:54 [notice] 1#1: start worker process 12
2025/10/16 11:31:54 [warn] 11#11: audio_encoder_process_init: encoder does not support the required input format, audio encoding is disabled
2025/10/16 11:31:54 [info] 12#12: audio_encoder_process_init: using aac encoder "aac"
2025/10/16 11:31:54 [warn] 12#12: audio_encoder_process_init: encoder does not support the required input format, audio encoding is disabled
2025/10/16 11:31:54 [notice] 1#1: start worker process 13
2025/10/16 11:31:54 [info] 13#13: audio_encoder_process_init: using aac encoder "aac"
2025/10/16 11:31:54 [warn] 13#13: audio_encoder_process_init: encoder does not support the required input format, audio encoding is disabled
2025/10/16 11:31:54 [notice] 1#1: start worker process 14
2025/10/16 11:31:54 [info] 14#14: audio_encoder_process_init: using aac encoder "aac"
2025/10/16 11:31:54 [notice] 1#1: start worker process 15
2025/10/16 11:31:54 [warn] 14#14: audio_encoder_process_init: encoder does not support the required input format, audio encoding is disabled
2025/10/16 11:31:54 [info] 15#15: audio_encoder_process_init: using aac encoder "aac"
2025/10/16 11:31:54 [warn] 15#15: audio_encoder_process_init: encoder does not support the required input format, audio encoding is disabled
2025/10/16 11:31:54 [notice] 1#1: start worker process 16
2025/10/16 11:31:54 [info] 16#16: audio_encoder_process_init: using aac encoder "aac"
2025/10/16 11:31:54 [warn] 16#16: audio_encoder_process_init: encoder does not support the required input format, audio encoding is disabled
2025/10/16 11:31:54 [notice] 1#1: start worker process 17
2025/10/16 11:31:54 [info] 17#17: audio_encoder_process_init: using aac encoder "aac"
2025/10/16 11:31:54 [warn] 17#17: audio_encoder_process_init: encoder does not support the required input format, audio encoding is disabled
2025/10/16 11:31:54 [notice] 1#1: start worker process 18
2025/10/16 11:31:54 [info] 18#18: audio_encoder_process_init: using aac encoder "aac"
2025/10/16 11:31:54 [warn] 18#18: audio_encoder_process_init: encoder does not support the required input format, audio encoding is disabled
2025/10/16 11:31:54 [notice] 1#1: start worker process 19
2025/10/16 11:31:54 [info] 19#19: audio_encoder_process_init: using aac encoder "aac"
2025/10/16 11:31:54 [warn] 19#19: audio_encoder_process_init: encoder does not support the required input format, audio encoding is disabled
2025/10/16 11:31:54 [notice] 1#1: start worker process 20
2025/10/16 11:31:54 [info] 20#20: audio_encoder_process_init: using aac encoder "aac"
2025/10/16 11:31:54 [warn] 20#20: audio_encoder_process_init: encoder does not support the required input format, audio encoding is disabled
2025/10/16 11:31:54 [notice] 1#1: start worker process 21
2025/10/16 11:31:54 [info] 21#21: audio_encoder_process_init: using aac encoder "aac"
2025/10/16 11:31:54 [warn] 21#21: audio_encoder_process_init: encoder does not support the required input format, audio encoding is disabled
2025/10/16 11:31:54 [notice] 1#1: start worker process 22
2025/10/16 11:31:54 [info] 22#22: audio_encoder_process_init: using aac encoder "aac"
2025/10/16 11:31:54 [warn] 22#22: audio_encoder_process_init: encoder does not support the required input format, audio encoding is disabled
2025/10/16 11:31:54 [notice] 1#1: start worker process 23
2025/10/16 11:31:54 [info] 23#23: audio_encoder_process_init: using aac encoder "aac"
2025/10/16 11:31:54 [warn] 23#23: audio_encoder_process_init: encoder does not support the required input format, audio encoding is disabled
2025/10/16 11:31:54 [notice] 1#1: start worker process 24
2025/10/16 11:31:54 [info] 24#24: audio_encoder_process_init: using aac encoder "aac"
2025/10/16 11:31:54 [warn] 24#24: audio_encoder_process_init: encoder does not support the required input format, audio encoding is disabled
2025/10/16 11:31:54 [notice] 1#1: start worker process 25
2025/10/16 11:31:54 [info] 25#25: audio_encoder_process_init: using aac encoder "aac"
2025/10/16 11:31:54 [warn] 25#25: audio_encoder_process_init: encoder does not support the required input format, audio encoding is disabled
2025/10/16 11:31:54 [notice] 1#1: start worker process 26
2025/10/16 11:31:54 [info] 26#26: audio_encoder_process_init: using aac encoder "aac"
2025/10/16 11:31:54 [warn] 26#26: audio_encoder_process_init: encoder does not support the required input format, audio encoding is disabled
2025/10/16 11:32:02 [error] 7#7: *1 ngx_child_request_wev_handler: upstream returned a bad status 404 while sending to client, client: 172.20.0.1, server: localhost, request: "HEAD /hls/nesbyen/nesbyenlive01_2022-06-16_14-59-35.mp4/master.m3u8 HTTP/1.1", host: "localhost"
2025/10/16 11:32:02 [info] 7#7: *1 client 172.20.0.1 closed keepalive connection
2025/10/16 11:33:59 [notice] 1#1: signal 3 (SIGQUIT) received, shutting down
2025/10/16 11:33:59 [notice] 7#7: gracefully shutting down
2025/10/16 11:33:59 [notice] 8#8: gracefully shutting down
2025/10/16 11:33:59 [notice] 13#13: gracefully shutting down
2025/10/16 11:33:59 [notice] 14#14: gracefully shutting down
2025/10/16 11:33:59 [notice] 15#15: gracefully shutting down
2025/10/16 11:33:59 [notice] 7#7: exiting
2025/10/16 11:33:59 [notice] 12#12: gracefully shutting down
2025/10/16 11:33:59 [notice] 8#8: exiting
2025/10/16 11:33:59 [notice] 16#16: gracefully shutting down
2025/10/16 11:33:59 [notice] 13#13: exiting
2025/10/16 11:33:59 [notice] 19#19: gracefully shutting down
2025/10/16 11:33:59 [notice] 16#16: exiting
2025/10/16 11:33:59 [notice] 11#11: gracefully shutting down
2025/10/16 11:33:59 [notice] 19#19: exiting
2025/10/16 11:33:59 [notice] 14#14: exiting
2025/10/16 11:33:59 [notice] 8#8: exit
2025/10/16 11:33:59 [notice] 15#15: exiting
2025/10/16 11:33:59 [notice] 11#11: exiting
2025/10/16 11:33:59 [notice] 21#21: gracefully shutting down
2025/10/16 11:33:59 [notice] 13#13: exit
2025/10/16 11:33:59 [notice] 20#20: gracefully shutting down
2025/10/16 11:33:59 [notice] 21#21: exiting
2025/10/16 11:33:59 [notice] 12#12: exiting
2025/10/16 11:33:59 [notice] 20#20: exiting
2025/10/16 11:33:59 [notice] 17#17: gracefully shutting down
2025/10/16 11:33:59 [notice] 19#19: exit
2025/10/16 11:33:59 [notice] 9#9: gracefully shutting down
2025/10/16 11:33:59 [notice] 14#14: exit
2025/10/16 11:33:59 [notice] 16#16: exit
2025/10/16 11:33:59 [notice] 15#15: exit
2025/10/16 11:33:59 [notice] 11#11: exit
2025/10/16 11:33:59 [notice] 17#17: exiting
2025/10/16 11:33:59 [notice] 9#9: exiting
2025/10/16 11:33:59 [notice] 20#20: exit
2025/10/16 11:33:59 [notice] 21#21: exit
2025/10/16 11:33:59 [notice] 12#12: exit
2025/10/16 11:33:59 [notice] 9#9: exit
2025/10/16 11:33:59 [notice] 17#17: exit
2025/10/16 11:33:59 [notice] 25#25: gracefully shutting down
2025/10/16 11:33:59 [notice] 26#26: gracefully shutting down
2025/10/16 11:33:59 [notice] 25#25: exiting
2025/10/16 11:33:59 [notice] 24#24: gracefully shutting down
2025/10/16 11:33:59 [notice] 26#26: exiting
2025/10/16 11:33:59 [notice] 23#23: gracefully shutting down
2025/10/16 11:33:59 [notice] 24#24: exiting
2025/10/16 11:33:59 [notice] 10#10: gracefully shutting down
2025/10/16 11:33:59 [notice] 23#23: exiting
2025/10/16 11:33:59 [notice] 18#18: gracefully shutting down
2025/10/16 11:33:59 [notice] 10#10: exiting
2025/10/16 11:33:59 [notice] 22#22: gracefully shutting down
2025/10/16 11:33:59 [notice] 18#18: exiting
2025/10/16 11:33:59 [notice] 7#7: exit
2025/10/16 11:33:59 [notice] 22#22: exiting
2025/10/16 11:33:59 [notice] 25#25: exit
2025/10/16 11:33:59 [notice] 24#24: exit
2025/10/16 11:33:59 [notice] 26#26: exit
2025/10/16 11:33:59 [notice] 23#23: exit
2025/10/16 11:33:59 [notice] 10#10: exit
2025/10/16 11:33:59 [notice] 18#18: exit
2025/10/16 11:33:59 [notice] 22#22: exit
2025/10/16 11:33:59 [notice] 1#1: signal 17 (SIGCHLD) received from 12
2025/10/16 11:33:59 [notice] 1#1: worker process 12 exited with code 0
2025/10/16 11:33:59 [notice] 1#1: signal 29 (SIGIO) received
2025/10/16 11:33:59 [notice] 1#1: signal 17 (SIGCHLD) received from 8
2025/10/16 11:33:59 [notice] 1#1: worker process 8 exited with code 0
2025/10/16 11:33:59 [notice] 1#1: worker process 15 exited with code 0
2025/10/16 11:33:59 [notice] 1#1: worker process 16 exited with code 0
2025/10/16 11:33:59 [notice] 1#1: worker process 18 exited with code 0
2025/10/16 11:33:59 [notice] 1#1: worker process 19 exited with code 0
2025/10/16 11:33:59 [notice] 1#1: worker process 20 exited with code 0
2025/10/16 11:33:59 [notice] 1#1: worker process 25 exited with code 0
2025/10/16 11:33:59 [notice] 1#1: worker process 26 exited with code 0
2025/10/16 11:33:59 [notice] 1#1: signal 29 (SIGIO) received
2025/10/16 11:33:59 [notice] 1#1: signal 17 (SIGCHLD) received from 13
2025/10/16 11:33:59 [notice] 1#1: worker process 13 exited with code 0
2025/10/16 11:33:59 [notice] 1#1: signal 29 (SIGIO) received
2025/10/16 11:33:59 [notice] 1#1: signal 17 (SIGCHLD) received from 17
2025/10/16 11:33:59 [notice] 1#1: worker process 17 exited with code 0
2025/10/16 11:33:59 [notice] 1#1: signal 29 (SIGIO) received
2025/10/16 11:33:59 [notice] 1#1: signal 17 (SIGCHLD) received from 24
2025/10/16 11:33:59 [notice] 1#1: worker process 24 exited with code 0
2025/10/16 11:33:59 [notice] 1#1: signal 29 (SIGIO) received
2025/10/16 11:33:59 [notice] 1#1: signal 17 (SIGCHLD) received from 11
2025/10/16 11:33:59 [notice] 1#1: worker process 11 exited with code 0
2025/10/16 11:33:59 [notice] 1#1: signal 29 (SIGIO) received
2025/10/16 11:33:59 [notice] 1#1: signal 17 (SIGCHLD) received from 23
2025/10/16 11:33:59 [notice] 1#1: worker process 9 exited with code 0
2025/10/16 11:33:59 [notice] 1#1: worker process 23 exited with code 0
2025/10/16 11:33:59 [notice] 1#1: signal 29 (SIGIO) received
2025/10/16 11:33:59 [notice] 1#1: signal 17 (SIGCHLD) received from 9
2025/10/16 11:33:59 [notice] 1#1: signal 17 (SIGCHLD) received from 7
2025/10/16 11:33:59 [notice] 1#1: worker process 7 exited with code 0
2025/10/16 11:33:59 [notice] 1#1: signal 29 (SIGIO) received
2025/10/16 11:33:59 [notice] 1#1: signal 17 (SIGCHLD) received from 14
2025/10/16 11:33:59 [notice] 1#1: worker process 14 exited with code 0
2025/10/16 11:33:59 [notice] 1#1: worker process 22 exited with code 0
2025/10/16 11:33:59 [notice] 1#1: signal 29 (SIGIO) received
2025/10/16 11:33:59 [notice] 1#1: signal 17 (SIGCHLD) received from 21
2025/10/16 11:33:59 [notice] 1#1: worker process 21 exited with code 0
2025/10/16 11:33:59 [notice] 1#1: signal 17 (SIGCHLD) received from 10
2025/10/16 11:33:59 [notice] 1#1: worker process 10 exited with code 0
2025/10/16 11:33:59 [notice] 1#1: exit
2025/10/16 11:34:00 [notice] 1#1: using the "epoll" event method
2025/10/16 11:34:00 [notice] 1#1: nginx/1.28.0
2025/10/16 11:34:00 [notice] 1#1: built by gcc 13.3.0 (Ubuntu 13.3.0-6ubuntu2~24.04) 
2025/10/16 11:34:00 [notice] 1#1: OS: Linux 6.17.2-arch1-1
2025/10/16 11:34:00 [notice] 1#1: getrlimit(RLIMIT_NOFILE): 1024:524288
2025/10/16 11:34:00 [notice] 1#1: start worker processes
2025/10/16 11:34:00 [notice] 1#1: start worker process 7
2025/10/16 11:34:00 [notice] 1#1: start worker process 8
2025/10/16 11:34:00 [info] 7#7: audio_encoder_process_init: using aac encoder "aac"
2025/10/16 11:34:00 [warn] 7#7: audio_encoder_process_init: encoder does not support the required input format, audio encoding is disabled
2025/10/16 11:34:00 [notice] 1#1: start worker process 9
2025/10/16 11:34:00 [info] 8#8: audio_encoder_process_init: using aac encoder "aac"
2025/10/16 11:34:00 [warn] 8#8: audio_encoder_process_init: encoder does not support the required input format, audio encoding is disabled
2025/10/16 11:34:00 [notice] 1#1: start worker process 10
2025/10/16 11:34:00 [info] 9#9: audio_encoder_process_init: using aac encoder "aac"
2025/10/16 11:34:00 [warn] 9#9: audio_encoder_process_init: encoder does not support the required input format, audio encoding is disabled
2025/10/16 11:34:00 [notice] 1#1: start worker process 11
2025/10/16 11:34:00 [info] 10#10: audio_encoder_process_init: using aac encoder "aac"
2025/10/16 11:34:00 [warn] 10#10: audio_encoder_process_init: encoder does not support the required input format, audio encoding is disabled
2025/10/16 11:34:00 [info] 11#11: audio_encoder_process_init: using aac encoder "aac"
2025/10/16 11:34:00 [warn] 11#11: audio_encoder_process_init: encoder does not support the required input format, audio encoding is disabled
2025/10/16 11:34:00 [notice] 1#1: start worker process 12
2025/10/16 11:34:00 [notice] 1#1: start worker process 13
2025/10/16 11:34:00 [info] 12#12: audio_encoder_process_init: using aac encoder "aac"
2025/10/16 11:34:00 [warn] 12#12: audio_encoder_process_init: encoder does not support the required input format, audio encoding is disabled
2025/10/16 11:34:00 [info] 13#13: audio_encoder_process_init: using aac encoder "aac"
2025/10/16 11:34:00 [warn] 13#13: audio_encoder_process_init: encoder does not support the required input format, audio encoding is disabled
2025/10/16 11:34:00 [notice] 1#1: start worker process 14
2025/10/16 11:34:00 [info] 14#14: audio_encoder_process_init: using aac encoder "aac"
2025/10/16 11:34:00 [warn] 14#14: audio_encoder_process_init: encoder does not support the required input format, audio encoding is disabled
2025/10/16 11:34:00 [notice] 1#1: start worker process 15
2025/10/16 11:34:00 [info] 15#15: audio_encoder_process_init: using aac encoder "aac"
2025/10/16 11:34:00 [warn] 15#15: audio_encoder_process_init: encoder does not support the required input format, audio encoding is disabled
2025/10/16 11:34:00 [notice] 1#1: start worker process 16
2025/10/16 11:34:00 [info] 16#16: audio_encoder_process_init: using aac encoder "aac"
2025/10/16 11:34:00 [warn] 16#16: audio_encoder_process_init: encoder does not support the required input format, audio encoding is disabled
2025/10/16 11:34:00 [notice] 1#1: start worker process 17
2025/10/16 11:34:00 [info] 17#17: audio_encoder_process_init: using aac encoder "aac"
2025/10/16 11:34:00 [warn] 17#17: audio_encoder_process_init: encoder does not support the required input format, audio encoding is disabled
2025/10/16 11:34:00 [notice] 1#1: start worker process 18
2025/10/16 11:34:00 [info] 18#18: audio_encoder_process_init: using aac encoder "aac"
2025/10/16 11:34:00 [warn] 18#18: audio_encoder_process_init: encoder does not support the required input format, audio encoding is disabled
2025/10/16 11:34:00 [notice] 1#1: start worker process 19
2025/10/16 11:34:00 [info] 19#19: audio_encoder_process_init: using aac encoder "aac"
2025/10/16 11:34:00 [warn] 19#19: audio_encoder_process_init: encoder does not support the required input format, audio encoding is disabled
2025/10/16 11:34:00 [notice] 1#1: start worker process 20
2025/10/16 11:34:00 [info] 20#20: audio_encoder_process_init: using aac encoder "aac"
2025/10/16 11:34:00 [warn] 20#20: audio_encoder_process_init: encoder does not support the required input format, audio encoding is disabled
2025/10/16 11:34:00 [notice] 1#1: start worker process 21
2025/10/16 11:34:00 [info] 21#21: audio_encoder_process_init: using aac encoder "aac"
2025/10/16 11:34:00 [warn] 21#21: audio_encoder_process_init: encoder does not support the required input format, audio encoding is disabled
2025/10/16 11:34:00 [notice] 1#1: start worker process 22
2025/10/16 11:34:00 [info] 22#22: audio_encoder_process_init: using aac encoder "aac"
2025/10/16 11:34:00 [warn] 22#22: audio_encoder_process_init: encoder does not support the required input format, audio encoding is disabled
2025/10/16 11:34:00 [notice] 1#1: start worker process 23
2025/10/16 11:34:00 [info] 23#23: audio_encoder_process_init: using aac encoder "aac"
2025/10/16 11:34:00 [warn] 23#23: audio_encoder_process_init: encoder does not support the required input format, audio encoding is disabled
2025/10/16 11:34:00 [notice] 1#1: start worker process 24
2025/10/16 11:34:00 [info] 24#24: audio_encoder_process_init: using aac encoder "aac"
2025/10/16 11:34:00 [warn] 24#24: audio_encoder_process_init: encoder does not support the required input format, audio encoding is disabled
2025/10/16 11:34:00 [notice] 1#1: start worker process 25
2025/10/16 11:34:00 [info] 25#25: audio_encoder_process_init: using aac encoder "aac"
2025/10/16 11:34:00 [warn] 25#25: audio_encoder_process_init: encoder does not support the required input format, audio encoding is disabled
2025/10/16 11:34:00 [notice] 1#1: start worker process 26
2025/10/16 11:34:00 [info] 26#26: audio_encoder_process_init: using aac encoder "aac"
2025/10/16 11:34:00 [warn] 26#26: audio_encoder_process_init: encoder does not support the required input format, audio encoding is disabled
2025/10/16 11:34:12 [error] 7#7: *1 connect() to [2a01:4f9:b000::1]:443 failed (101: Network is unreachable) while connecting to upstream, client: 172.20.0.1, server: localhost, request: "GET /hls/nesbyen/nesbyenlive01_2022-06-16_14-59-35.mp4/master.m3u8 HTTP/1.1", subrequest: "/remote/hls/nesbyen/nesbyenlive01_2022-06-16_14-59-35.mp4", upstream: "https://[2a01:4f9:b000::1]:443/nesbyen/nesbyenlive01_2022-06-16_14-59-35.mp4", host: "localhost"
2025/10/16 11:34:12 [warn] 7#7: *1 upstream server temporarily disabled while connecting to upstream, client: 172.20.0.1, server: localhost, request: "GET /hls/nesbyen/nesbyenlive01_2022-06-16_14-59-35.mp4/master.m3u8 HTTP/1.1", subrequest: "/remote/hls/nesbyen/nesbyenlive01_2022-06-16_14-59-35.mp4", upstream: "https://[2a01:4f9:b000::1]:443/nesbyen/nesbyenlive01_2022-06-16_14-59-35.mp4", host: "localhost"
2025/10/16 11:34:13 [error] 10#10: *9 connect() to [2a01:4f9:b000::1]:443 failed (101: Network is unreachable) while connecting to upstream, client: 172.20.0.1, server: localhost, request: "GET /hls/nesbyen/nesbyenlive01_2022-06-16_14-59-35.mp4/segment-1-v1-a1.ts HTTP/1.1", subrequest: "/remote/hls/nesbyen/nesbyenlive01_2022-06-16_14-59-35.mp4", upstream: "https://[2a01:4f9:b000::1]:443/nesbyen/nesbyenlive01_2022-06-16_14-59-35.mp4", host: "localhost"
2025/10/16 11:34:13 [warn] 10#10: *9 upstream server temporarily disabled while connecting to upstream, client: 172.20.0.1, server: localhost, request: "GET /hls/nesbyen/nesbyenlive01_2022-06-16_14-59-35.mp4/segment-1-v1-a1.ts HTTP/1.1", subrequest: "/remote/hls/nesbyen/nesbyenlive01_2022-06-16_14-59-35.mp4", upstream: "https://[2a01:4f9:b000::1]:443/nesbyen/nesbyenlive01_2022-06-16_14-59-35.mp4", host: "localhost"
2025/10/16 11:34:13 [error] 10#10: *9 connect() to [2a01:4f9:b000::1]:443 failed (101: Network is unreachable) while connecting to upstream, client: 172.20.0.1, server: localhost, request: "GET /hls/nesbyen/nesbyenlive01_2022-06-16_14-59-35.mp4/segment-1-v1-a1.ts HTTP/1.1", subrequest: "/remote/hls/nesbyen/nesbyenlive01_2022-06-16_14-59-35.mp4", upstream: "https://[2a01:4f9:b000::1]:443/nesbyen/nesbyenlive01_2022-06-16_14-59-35.mp4", host: "localhost"
2025/10/16 11:34:13 [warn] 10#10: *9 upstream server temporarily disabled while connecting to upstream, client: 172.20.0.1, server: localhost, request: "GET /hls/nesbyen/nesbyenlive01_2022-06-16_14-59-35.mp4/segment-1-v1-a1.ts HTTP/1.1", subrequest: "/remote/hls/nesbyen/nesbyenlive01_2022-06-16_14-59-35.mp4", upstream: "https://[2a01:4f9:b000::1]:443/nesbyen/nesbyenlive01_2022-06-16_14-59-35.mp4", host: "localhost"
2025/10/16 11:34:13 [error] 11#11: *14 connect() to [2a01:4f9:b000::1]:443 failed (101: Network is unreachable) while connecting to upstream, client: 172.20.0.1, server: localhost, request: "GET /hls/nesbyen/nesbyenlive01_2022-06-16_14-59-35.mp4/segment-2-v1-a1.ts HTTP/1.1", subrequest: "/remote/hls/nesbyen/nesbyenlive01_2022-06-16_14-59-35.mp4", upstream: "https://[2a01:4f9:b000::1]:443/nesbyen/nesbyenlive01_2022-06-16_14-59-35.mp4", host: "localhost"
2025/10/16 11:34:13 [warn] 11#11: *14 upstream server temporarily disabled while connecting to upstream, client: 172.20.0.1, server: localhost, request: "GET /hls/nesbyen/nesbyenlive01_2022-06-16_14-59-35.mp4/segment-2-v1-a1.ts HTTP/1.1", subrequest: "/remote/hls/nesbyen/nesbyenlive01_2022-06-16_14-59-35.mp4", upstream: "https://[2a01:4f9:b000::1]:443/nesbyen/nesbyenlive01_2022-06-16_14-59-35.mp4", host: "localhost"
2025/10/16 11:34:13 [error] 10#10: *9 connect() to [2a01:4f9:b000::1]:443 failed (101: Network is unreachable) while connecting to upstream, client: 172.20.0.1, server: localhost, request: "GET /hls/nesbyen/nesbyenlive01_2022-06-16_14-59-35.mp4/segment-1-v1-a1.ts HTTP/1.1", subrequest: "/remote/hls/nesbyen/nesbyenlive01_2022-06-16_14-59-35.mp4", upstream: "https://[2a01:4f9:b000::1]:443/nesbyen/nesbyenlive01_2022-06-16_14-59-35.mp4", host: "localhost"
2025/10/16 11:34:13 [warn] 10#10: *9 upstream server temporarily disabled while connecting to upstream, client: 172.20.0.1, server: localhost, request: "GET /hls/nesbyen/nesbyenlive01_2022-06-16_14-59-35.mp4/segment-1-v1-a1.ts HTTP/1.1", subrequest: "/remote/hls/nesbyen/nesbyenlive01_2022-06-16_14-59-35.mp4", upstream: "https://[2a01:4f9:b000::1]:443/nesbyen/nesbyenlive01_2022-06-16_14-59-35.mp4", host: "localhost"
2025/10/16 11:34:13 [error] 11#11: *14 connect() to [2a01:4f9:b000::1]:443 failed (101: Network is unreachable) while connecting to upstream, client: 172.20.0.1, server: localhost, request: "GET /hls/nesbyen/nesbyenlive01_2022-06-16_14-59-35.mp4/segment-2-v1-a1.ts HTTP/1.1", subrequest: "/remote/hls/nesbyen/nesbyenlive01_2022-06-16_14-59-35.mp4", upstream: "https://[2a01:4f9:b000::1]:443/nesbyen/nesbyenlive01_2022-06-16_14-59-35.mp4", host: "localhost"
2025/10/16 11:34:13 [warn] 11#11: *14 upstream server temporarily disabled while connecting to upstream, client: 172.20.0.1, server: localhost, request: "GET /hls/nesbyen/nesbyenlive01_2022-06-16_14-59-35.mp4/segment-2-v1-a1.ts HTTP/1.1", subrequest: "/remote/hls/nesbyen/nesbyenlive01_2022-06-16_14-59-35.mp4", upstream: "https://[2a01:4f9:b000::1]:443/nesbyen/nesbyenlive01_2022-06-16_14-59-35.mp4", host: "localhost"
2025/10/16 11:34:14 [error] 10#10: *9 connect() to [2a01:4f9:b000::1]:443 failed (101: Network is unreachable) while connecting to upstream, client: 172.20.0.1, server: localhost, request: "GET /hls/nesbyen/nesbyenlive01_2022-06-16_14-59-35.mp4/segment-1-v1-a1.ts HTTP/1.1", subrequest: "/remote/hls/nesbyen/nesbyenlive01_2022-06-16_14-59-35.mp4", upstream: "https://[2a01:4f9:b000::1]:443/nesbyen/nesbyenlive01_2022-06-16_14-59-35.mp4", host: "localhost"
2025/10/16 11:34:14 [warn] 10#10: *9 upstream server temporarily disabled while connecting to upstream, client: 172.20.0.1, server: localhost, request: "GET /hls/nesbyen/nesbyenlive01_2022-06-16_14-59-35.mp4/segment-1-v1-a1.ts HTTP/1.1", subrequest: "/remote/hls/nesbyen/nesbyenlive01_2022-06-16_14-59-35.mp4", upstream: "https://[2a01:4f9:b000::1]:443/nesbyen/nesbyenlive01_2022-06-16_14-59-35.mp4", host: "localhost"
2025/10/16 11:34:14 [error] 11#11: *14 connect() to [2a01:4f9:b000::1]:443 failed (101: Network is unreachable) while connecting to upstream, client: 172.20.0.1, server: localhost, request: "GET /hls/nesbyen/nesbyenlive01_2022-06-16_14-59-35.mp4/segment-2-v1-a1.ts HTTP/1.1", subrequest: "/remote/hls/nesbyen/nesbyenlive01_2022-06-16_14-59-35.mp4", upstream: "https://[2a01:4f9:b000::1]:443/nesbyen/nesbyenlive01_2022-06-16_14-59-35.mp4", host: "localhost"
2025/10/16 11:34:14 [warn] 11#11: *14 upstream server temporarily disabled while connecting to upstream, client: 172.20.0.1, server: localhost, request: "GET /hls/nesbyen/nesbyenlive01_2022-06-16_14-59-35.mp4/segment-2-v1-a1.ts HTTP/1.1", subrequest: "/remote/hls/nesbyen/nesbyenlive01_2022-06-16_14-59-35.mp4", upstream: "https://[2a01:4f9:b000::1]:443/nesbyen/nesbyenlive01_2022-06-16_14-59-35.mp4", host: "localhost"
2025/10/16 11:34:14 [error] 10#10: *9 connect() to [2a01:4f9:b000::1]:443 failed (101: Network is unreachable) while connecting to upstream, client: 172.20.0.1, server: localhost, request: "GET /hls/nesbyen/nesbyenlive01_2022-06-16_14-59-35.mp4/segment-1-v1-a1.ts HTTP/1.1", subrequest: "/remote/hls/nesbyen/nesbyenlive01_2022-06-16_14-59-35.mp4", upstream: "https://[2a01:4f9:b000::1]:443/nesbyen/nesbyenlive01_2022-06-16_14-59-35.mp4", host: "localhost"
2025/10/16 11:34:14 [warn] 10#10: *9 upstream server temporarily disabled while connecting to upstream, client: 172.20.0.1, server: localhost, request: "GET /hls/nesbyen/nesbyenlive01_2022-06-16_14-59-35.mp4/segment-1-v1-a1.ts HTTP/1.1", subrequest: "/remote/hls/nesbyen/nesbyenlive01_2022-06-16_14-59-35.mp4", upstream: "https://[2a01:4f9:b000::1]:443/nesbyen/nesbyenlive01_2022-06-16_14-59-35.mp4", host: "localhost"
2025/10/16 11:34:14 [error] 11#11: *14 connect() to [2a01:4f9:b000::1]:443 failed (101: Network is unreachable) while connecting to upstream, client: 172.20.0.1, server: localhost, request: "GET /hls/nesbyen/nesbyenlive01_2022-06-16_14-59-35.mp4/segment-2-v1-a1.ts HTTP/1.1", subrequest: "/remote/hls/nesbyen/nesbyenlive01_2022-06-16_14-59-35.mp4", upstream: "https://[2a01:4f9:b000::1]:443/nesbyen/nesbyenlive01_2022-06-16_14-59-35.mp4", host: "localhost"
2025/10/16 11:34:14 [warn] 11#11: *14 upstream server temporarily disabled while connecting to upstream, client: 172.20.0.1, server: localhost, request: "GET /hls/nesbyen/nesbyenlive01_2022-06-16_14-59-35.mp4/segment-2-v1-a1.ts HTTP/1.1", subrequest: "/remote/hls/nesbyen/nesbyenlive01_2022-06-16_14-59-35.mp4", upstream: "https://[2a01:4f9:b000::1]:443/nesbyen/nesbyenlive01_2022-06-16_14-59-35.mp4", host: "localhost"
2025/10/16 11:34:14 [error] 11#11: *14 connect() to [2a01:4f9:b000::1]:443 failed (101: Network is unreachable) while connecting to upstream, client: 172.20.0.1, server: localhost, request: "GET /hls/nesbyen/nesbyenlive01_2022-06-16_14-59-35.mp4/segment-2-v1-a1.ts HTTP/1.1", subrequest: "/remote/hls/nesbyen/nesbyenlive01_2022-06-16_14-59-35.mp4", upstream: "https://[2a01:4f9:b000::1]:443/nesbyen/nesbyenlive01_2022-06-16_14-59-35.mp4", host: "localhost"
2025/10/16 11:34:14 [warn] 11#11: *14 upstream server temporarily disabled while connecting to upstream, client: 172.20.0.1, server: localhost, request: "GET /hls/nesbyen/nesbyenlive01_2022-06-16_14-59-35.mp4/segment-2-v1-a1.ts HTTP/1.1", subrequest: "/remote/hls/nesbyen/nesbyenlive01_2022-06-16_14-59-35.mp4", upstream: "https://[2a01:4f9:b000::1]:443/nesbyen/nesbyenlive01_2022-06-16_14-59-35.mp4", host: "localhost"
2025/10/16 11:34:14 [error] 10#10: *9 connect() to [2a01:4f9:b000::1]:443 failed (101: Network is unreachable) while connecting to upstream, client: 172.20.0.1, server: localhost, request: "GET /hls/nesbyen/nesbyenlive01_2022-06-16_14-59-35.mp4/segment-1-v1-a1.ts HTTP/1.1", subrequest: "/remote/hls/nesbyen/nesbyenlive01_2022-06-16_14-59-35.mp4", upstream: "https://[2a01:4f9:b000::1]:443/nesbyen/nesbyenlive01_2022-06-16_14-59-35.mp4", host: "localhost"
2025/10/16 11:34:14 [warn] 10#10: *9 upstream server temporarily disabled while connecting to upstream, client: 172.20.0.1, server: localhost, request: "GET /hls/nesbyen/nesbyenlive01_2022-06-16_14-59-35.mp4/segment-1-v1-a1.ts HTTP/1.1", subrequest: "/remote/hls/nesbyen/nesbyenlive01_2022-06-16_14-59-35.mp4", upstream: "https://[2a01:4f9:b000::1]:443/nesbyen/nesbyenlive01_2022-06-16_14-59-35.mp4", host: "localhost"
2025/10/16 11:34:15 [error] 10#10: *9 connect() to [2a01:4f9:b000::1]:443 failed (101: Network is unreachable) while connecting to upstream, client: 172.20.0.1, server: localhost, request: "GET /hls/nesbyen/nesbyenlive01_2022-06-16_14-59-35.mp4/segment-1-v1-a1.ts HTTP/1.1", subrequest: "/remote/hls/nesbyen/nesbyenlive01_2022-06-16_14-59-35.mp4", upstream: "https://[2a01:4f9:b000::1]:443/nesbyen/nesbyenlive01_2022-06-16_14-59-35.mp4", host: "localhost"
2025/10/16 11:34:15 [warn] 10#10: *9 upstream server temporarily disabled while connecting to upstream, client: 172.20.0.1, server: localhost, request: "GET /hls/nesbyen/nesbyenlive01_2022-06-16_14-59-35.mp4/segment-1-v1-a1.ts HTTP/1.1", subrequest: "/remote/hls/nesbyen/nesbyenlive01_2022-06-16_14-59-35.mp4", upstream: "https://[2a01:4f9:b000::1]:443/nesbyen/nesbyenlive01_2022-06-16_14-59-35.mp4", host: "localhost"
2025/10/16 11:34:15 [error] 11#11: *14 connect() to [2a01:4f9:b000::1]:443 failed (101: Network is unreachable) while connecting to upstream, client: 172.20.0.1, server: localhost, request: "GET /hls/nesbyen/nesbyenlive01_2022-06-16_14-59-35.mp4/segment-2-v1-a1.ts HTTP/1.1", subrequest: "/remote/hls/nesbyen/nesbyenlive01_2022-06-16_14-59-35.mp4", upstream: "https://[2a01:4f9:b000::1]:443/nesbyen/nesbyenlive01_2022-06-16_14-59-35.mp4", host: "localhost"
2025/10/16 11:34:15 [warn] 11#11: *14 upstream server temporarily disabled while connecting to upstream, client: 172.20.0.1, server: localhost, request: "GET /hls/nesbyen/nesbyenlive01_2022-06-16_14-59-35.mp4/segment-2-v1-a1.ts HTTP/1.1", subrequest: "/remote/hls/nesbyen/nesbyenlive01_2022-06-16_14-59-35.mp4", upstream: "https://[2a01:4f9:b000::1]:443/nesbyen/nesbyenlive01_2022-06-16_14-59-35.mp4", host: "localhost"
2025/10/16 11:34:15 [error] 11#11: *14 connect() to [2a01:4f9:b000::1]:443 failed (101: Network is unreachable) while connecting to upstream, client: 172.20.0.1, server: localhost, request: "GET /hls/nesbyen/nesbyenlive01_2022-06-16_14-59-35.mp4/segment-2-v1-a1.ts HTTP/1.1", subrequest: "/remote/hls/nesbyen/nesbyenlive01_2022-06-16_14-59-35.mp4", upstream: "https://[2a01:4f9:b000::1]:443/nesbyen/nesbyenlive01_2022-06-16_14-59-35.mp4", host: "localhost"
2025/10/16 11:34:15 [warn] 11#11: *14 upstream server temporarily disabled while connecting to upstream, client: 172.20.0.1, server: localhost, request: "GET /hls/nesbyen/nesbyenlive01_2022-06-16_14-59-35.mp4/segment-2-v1-a1.ts HTTP/1.1", subrequest: "/remote/hls/nesbyen/nesbyenlive01_2022-06-16_14-59-35.mp4", upstream: "https://[2a01:4f9:b000::1]:443/nesbyen/nesbyenlive01_2022-06-16_14-59-35.mp4", host: "localhost"
2025/10/16 11:34:15 [error] 11#11: *14 connect() to [2a01:4f9:b000::1]:443 failed (101: Network is unreachable) while connecting to upstream, client: 172.20.0.1, server: localhost, request: "GET /hls/nesbyen/nesbyenlive01_2022-06-16_14-59-35.mp4/segment-2-v1-a1.ts HTTP/1.1", subrequest: "/remote/hls/nesbyen/nesbyenlive01_2022-06-16_14-59-35.mp4", upstream: "https://[2a01:4f9:b000::1]:443/nesbyen/nesbyenlive01_2022-06-16_14-59-35.mp4", host: "localhost"
2025/10/16 11:34:15 [warn] 11#11: *14 upstream server temporarily disabled while connecting to upstream, client: 172.20.0.1, server: localhost, request: "GET /hls/nesbyen/nesbyenlive01_2022-06-16_14-59-35.mp4/segment-2-v1-a1.ts HTTP/1.1", subrequest: "/remote/hls/nesbyen/nesbyenlive01_2022-06-16_14-59-35.mp4", upstream: "https://[2a01:4f9:b000::1]:443/nesbyen/nesbyenlive01_2022-06-16_14-59-35.mp4", host: "localhost"
2025/10/16 11:34:15 [error] 10#10: *9 connect() to [2a01:4f9:b000::1]:443 failed (101: Network is unreachable) while connecting to upstream, client: 172.20.0.1, server: localhost, request: "GET /hls/nesbyen/nesbyenlive01_2022-06-16_14-59-35.mp4/segment-3-v1-a1.ts HTTP/1.1", subrequest: "/remote/hls/nesbyen/nesbyenlive01_2022-06-16_14-59-35.mp4", upstream: "https://[2a01:4f9:b000::1]:443/nesbyen/nesbyenlive01_2022-06-16_14-59-35.mp4", host: "localhost"
2025/10/16 11:34:15 [warn] 10#10: *9 upstream server temporarily disabled while connecting to upstream, client: 172.20.0.1, server: localhost, request: "GET /hls/nesbyen/nesbyenlive01_2022-06-16_14-59-35.mp4/segment-3-v1-a1.ts HTTP/1.1", subrequest: "/remote/hls/nesbyen/nesbyenlive01_2022-06-16_14-59-35.mp4", upstream: "https://[2a01:4f9:b000::1]:443/nesbyen/nesbyenlive01_2022-06-16_14-59-35.mp4", host: "localhost"
2025/10/16 11:34:16 [error] 11#11: *14 connect() to [2a01:4f9:b000::1]:443 failed (101: Network is unreachable) while connecting to upstream, client: 172.20.0.1, server: localhost, request: "GET /hls/nesbyen/nesbyenlive01_2022-06-16_14-59-35.mp4/segment-2-v1-a1.ts HTTP/1.1", subrequest: "/remote/hls/nesbyen/nesbyenlive01_2022-06-16_14-59-35.mp4", upstream: "https://[2a01:4f9:b000::1]:443/nesbyen/nesbyenlive01_2022-06-16_14-59-35.mp4", host: "localhost"
2025/10/16 11:34:16 [warn] 11#11: *14 upstream server temporarily disabled while connecting to upstream, client: 172.20.0.1, server: localhost, request: "GET /hls/nesbyen/nesbyenlive01_2022-06-16_14-59-35.mp4/segment-2-v1-a1.ts HTTP/1.1", subrequest: "/remote/hls/nesbyen/nesbyenlive01_2022-06-16_14-59-35.mp4", upstream: "https://[2a01:4f9:b000::1]:443/nesbyen/nesbyenlive01_2022-06-16_14-59-35.mp4", host: "localhost"
2025/10/16 11:34:16 [error] 11#11: *14 connect() to [2a01:4f9:b000::1]:443 failed (101: Network is unreachable) while connecting to upstream, client: 172.20.0.1, server: localhost, request: "GET /hls/nesbyen/nesbyenlive01_2022-06-16_14-59-35.mp4/segment-2-v1-a1.ts HTTP/1.1", subrequest: "/remote/hls/nesbyen/nesbyenlive01_2022-06-16_14-59-35.mp4", upstream: "https://[2a01:4f9:b000::1]:443/nesbyen/nesbyenlive01_2022-06-16_14-59-35.mp4", host: "localhost"
2025/10/16 11:34:16 [warn] 11#11: *14 upstream server temporarily disabled while connecting to upstream, client: 172.20.0.1, server: localhost, request: "GET /hls/nesbyen/nesbyenlive01_2022-06-16_14-59-35.mp4/segment-2-v1-a1.ts HTTP/1.1", subrequest: "/remote/hls/nesbyen/nesbyenlive01_2022-06-16_14-59-35.mp4", upstream: "https://[2a01:4f9:b000::1]:443/nesbyen/nesbyenlive01_2022-06-16_14-59-35.mp4", host: "localhost"
2025/10/16 11:34:16 [error] 10#10: *9 connect() to [2a01:4f9:b000::1]:443 failed (101: Network is unreachable) while connecting to upstream, client: 172.20.0.1, server: localhost, request: "GET /hls/nesbyen/nesbyenlive01_2022-06-16_14-59-35.mp4/segment-3-v1-a1.ts HTTP/1.1", subrequest: "/remote/hls/nesbyen/nesbyenlive01_2022-06-16_14-59-35.mp4", upstream: "https://[2a01:4f9:b000::1]:443/nesbyen/nesbyenlive01_2022-06-16_14-59-35.mp4", host: "localhost"
2025/10/16 11:34:16 [warn] 10#10: *9 upstream server temporarily disabled while connecting to upstream, client: 172.20.0.1, server: localhost, request: "GET /hls/nesbyen/nesbyenlive01_2022-06-16_14-59-35.mp4/segment-3-v1-a1.ts HTTP/1.1", subrequest: "/remote/hls/nesbyen/nesbyenlive01_2022-06-16_14-59-35.mp4", upstream: "https://[2a01:4f9:b000::1]:443/nesbyen/nesbyenlive01_2022-06-16_14-59-35.mp4", host: "localhost"
2025/10/16 11:34:16 [error] 10#10: *9 connect() to [2a01:4f9:b000::1]:443 failed (101: Network is unreachable) while connecting to upstream, client: 172.20.0.1, server: localhost, request: "GET /hls/nesbyen/nesbyenlive01_2022-06-16_14-59-35.mp4/segment-3-v1-a1.ts HTTP/1.1", subrequest: "/remote/hls/nesbyen/nesbyenlive01_2022-06-16_14-59-35.mp4", upstream: "https://[2a01:4f9:b000::1]:443/nesbyen/nesbyenlive01_2022-06-16_14-59-35.mp4", host: "localhost"
2025/10/16 11:34:16 [warn] 10#10: *9 upstream server temporarily disabled while connecting to upstream, client: 172.20.0.1, server: localhost, request: "GET /hls/nesbyen/nesbyenlive01_2022-06-16_14-59-35.mp4/segment-3-v1-a1.ts HTTP/1.1", subrequest: "/remote/hls/nesbyen/nesbyenlive01_2022-06-16_14-59-35.mp4", upstream: "https://[2a01:4f9:b000::1]:443/nesbyen/nesbyenlive01_2022-06-16_14-59-35.mp4", host: "localhost"
2025/10/16 11:34:16 [error] 10#10: *9 connect() to [2a01:4f9:b000::1]:443 failed (101: Network is unreachable) while connecting to upstream, client: 172.20.0.1, server: localhost, request: "GET /hls/nesbyen/nesbyenlive01_2022-06-16_14-59-35.mp4/segment-3-v1-a1.ts HTTP/1.1", subrequest: "/remote/hls/nesbyen/nesbyenlive01_2022-06-16_14-59-35.mp4", upstream: "https://[2a01:4f9:b000::1]:443/nesbyen/nesbyenlive01_2022-06-16_14-59-35.mp4", host: "localhost"
2025/10/16 11:34:16 [warn] 10#10: *9 upstream server temporarily disabled while connecting to upstream, client: 172.20.0.1, server: localhost, request: "GET /hls/nesbyen/nesbyenlive01_2022-06-16_14-59-35.mp4/segment-3-v1-a1.ts HTTP/1.1", subrequest: "/remote/hls/nesbyen/nesbyenlive01_2022-06-16_14-59-35.mp4", upstream: "https://[2a01:4f9:b000::1]:443/nesbyen/nesbyenlive01_2022-06-16_14-59-35.mp4", host: "localhost"
2025/10/16 11:34:16 [error] 10#10: *9 connect() to [2a01:4f9:b000::1]:443 failed (101: Network is unreachable) while connecting to upstream, client: 172.20.0.1, server: localhost, request: "GET /hls/nesbyen/nesbyenlive01_2022-06-16_14-59-35.mp4/segment-3-v1-a1.ts HTTP/1.1", subrequest: "/remote/hls/nesbyen/nesbyenlive01_2022-06-16_14-59-35.mp4", upstream: "https://[2a01:4f9:b000::1]:443/nesbyen/nesbyenlive01_2022-06-16_14-59-35.mp4", host: "localhost"
2025/10/16 11:34:16 [warn] 10#10: *9 upstream server temporarily disabled while connecting to upstream, client: 172.20.0.1, server: localhost, request: "GET /hls/nesbyen/nesbyenlive01_2022-06-16_14-59-35.mp4/segment-3-v1-a1.ts HTTP/1.1", subrequest: "/remote/hls/nesbyen/nesbyenlive01_2022-06-16_14-59-35.mp4", upstream: "https://[2a01:4f9:b000::1]:443/nesbyen/nesbyenlive01_2022-06-16_14-59-35.mp4", host: "localhost"
2025/10/16 11:34:17 [error] 10#10: *9 connect() to [2a01:4f9:b000::1]:443 failed (101: Network is unreachable) while connecting to upstream, client: 172.20.0.1, server: localhost, request: "GET /hls/nesbyen/nesbyenlive01_2022-06-16_14-59-35.mp4/segment-3-v1-a1.ts HTTP/1.1", subrequest: "/remote/hls/nesbyen/nesbyenlive01_2022-06-16_14-59-35.mp4", upstream: "https://[2a01:4f9:b000::1]:443/nesbyen/nesbyenlive01_2022-06-16_14-59-35.mp4", host: "localhost"
2025/10/16 11:34:17 [warn] 10#10: *9 upstream server temporarily disabled while connecting to upstream, client: 172.20.0.1, server: localhost, request: "GET /hls/nesbyen/nesbyenlive01_2022-06-16_14-59-35.mp4/segment-3-v1-a1.ts HTTP/1.1", subrequest: "/remote/hls/nesbyen/nesbyenlive01_2022-06-16_14-59-35.mp4", upstream: "https://[2a01:4f9:b000::1]:443/nesbyen/nesbyenlive01_2022-06-16_14-59-35.mp4", host: "localhost"
2025/10/16 11:34:17 [error] 11#11: *14 connect() to [2a01:4f9:b000::1]:443 failed (101: Network is unreachable) while connecting to upstream, client: 172.20.0.1, server: localhost, request: "GET /hls/nesbyen/nesbyenlive01_2022-06-16_14-59-35.mp4/segment-4-v1-a1.ts HTTP/1.1", subrequest: "/remote/hls/nesbyen/nesbyenlive01_2022-06-16_14-59-35.mp4", upstream: "https://[2a01:4f9:b000::1]:443/nesbyen/nesbyenlive01_2022-06-16_14-59-35.mp4", host: "localhost"
2025/10/16 11:34:17 [warn] 11#11: *14 upstream server temporarily disabled while connecting to upstream, client: 172.20.0.1, server: localhost, request: "GET /hls/nesbyen/nesbyenlive01_2022-06-16_14-59-35.mp4/segment-4-v1-a1.ts HTTP/1.1", subrequest: "/remote/hls/nesbyen/nesbyenlive01_2022-06-16_14-59-35.mp4", upstream: "https://[2a01:4f9:b000::1]:443/nesbyen/nesbyenlive01_2022-06-16_14-59-35.mp4", host: "localhost"
2025/10/16 11:34:17 [error] 10#10: *9 connect() to [2a01:4f9:b000::1]:443 failed (101: Network is unreachable) while connecting to upstream, client: 172.20.0.1, server: localhost, request: "GET /hls/nesbyen/nesbyenlive01_2022-06-16_14-59-35.mp4/segment-3-v1-a1.ts HTTP/1.1", subrequest: "/remote/hls/nesbyen/nesbyenlive01_2022-06-16_14-59-35.mp4", upstream: "https://[2a01:4f9:b000::1]:443/nesbyen/nesbyenlive01_2022-06-16_14-59-35.mp4", host: "localhost"
2025/10/16 11:34:17 [warn] 10#10: *9 upstream server temporarily disabled while connecting to upstream, client: 172.20.0.1, server: localhost, request: "GET /hls/nesbyen/nesbyenlive01_2022-06-16_14-59-35.mp4/segment-3-v1-a1.ts HTTP/1.1", subrequest: "/remote/hls/nesbyen/nesbyenlive01_2022-06-16_14-59-35.mp4", upstream: "https://[2a01:4f9:b000::1]:443/nesbyen/nesbyenlive01_2022-06-16_14-59-35.mp4", host: "localhost"
2025/10/16 11:34:17 [error] 10#10: *9 connect() to [2a01:4f9:b000::1]:443 failed (101: Network is unreachable) while connecting to upstream, client: 172.20.0.1, server: localhost, request: "GET /hls/nesbyen/nesbyenlive01_2022-06-16_14-59-35.mp4/segment-3-v1-a1.ts HTTP/1.1", subrequest: "/remote/hls/nesbyen/nesbyenlive01_2022-06-16_14-59-35.mp4", upstream: "https://[2a01:4f9:b000::1]:443/nesbyen/nesbyenlive01_2022-06-16_14-59-35.mp4", host: "localhost"
2025/10/16 11:34:17 [warn] 10#10: *9 upstream server temporarily disabled while connecting to upstream, client: 172.20.0.1, server: localhost, request: "GET /hls/nesbyen/nesbyenlive01_2022-06-16_14-59-35.mp4/segment-3-v1-a1.ts HTTP/1.1", subrequest: "/remote/hls/nesbyen/nesbyenlive01_2022-06-16_14-59-35.mp4", upstream: "https://[2a01:4f9:b000::1]:443/nesbyen/nesbyenlive01_2022-06-16_14-59-35.mp4", host: "localhost"
2025/10/16 11:34:17 [error] 10#10: *9 connect() to [2a01:4f9:b000::1]:443 failed (101: Network is unreachable) while connecting to upstream, client: 172.20.0.1, server: localhost, request: "GET /hls/nesbyen/nesbyenlive01_2022-06-16_14-59-35.mp4/segment-3-v1-a1.ts HTTP/1.1", subrequest: "/remote/hls/nesbyen/nesbyenlive01_2022-06-16_14-59-35.mp4", upstream: "https://[2a01:4f9:b000::1]:443/nesbyen/nesbyenlive01_2022-06-16_14-59-35.mp4", host: "localhost"
2025/10/16 11:34:17 [warn] 10#10: *9 upstream server temporarily disabled while connecting to upstream, client: 172.20.0.1, server: localhost, request: "GET /hls/nesbyen/nesbyenlive01_2022-06-16_14-59-35.mp4/segment-3-v1-a1.ts HTTP/1.1", subrequest: "/remote/hls/nesbyen/nesbyenlive01_2022-06-16_14-59-35.mp4", upstream: "https://[2a01:4f9:b000::1]:443/nesbyen/nesbyenlive01_2022-06-16_14-59-35.mp4", host: "localhost"
2025/10/16 11:34:18 [error] 10#10: *9 connect() to [2a01:4f9:b000::1]:443 failed (101: Network is unreachable) while connecting to upstream, client: 172.20.0.1, server: localhost, request: "GET /hls/nesbyen/nesbyenlive01_2022-06-16_14-59-35.mp4/segment-5-v1-a1.ts HTTP/1.1", subrequest: "/remote/hls/nesbyen/nesbyenlive01_2022-06-16_14-59-35.mp4", upstream: "https://[2a01:4f9:b000::1]:443/nesbyen/nesbyenlive01_2022-06-16_14-59-35.mp4", host: "localhost"
2025/10/16 11:34:18 [warn] 10#10: *9 upstream server temporarily disabled while connecting to upstream, client: 172.20.0.1, server: localhost, request: "GET /hls/nesbyen/nesbyenlive01_2022-06-16_14-59-35.mp4/segment-5-v1-a1.ts HTTP/1.1", subrequest: "/remote/hls/nesbyen/nesbyenlive01_2022-06-16_14-59-35.mp4", upstream: "https://[2a01:4f9:b000::1]:443/nesbyen/nesbyenlive01_2022-06-16_14-59-35.mp4", host: "localhost"
2025/10/16 11:34:18 [error] 10#10: *9 connect() to [2a01:4f9:b000::1]:443 failed (101: Network is unreachable) while connecting to upstream, client: 172.20.0.1, server: localhost, request: "GET /hls/nesbyen/nesbyenlive01_2022-06-16_14-59-35.mp4/segment-5-v1-a1.ts HTTP/1.1", subrequest: "/remote/hls/nesbyen/nesbyenlive01_2022-06-16_14-59-35.mp4", upstream: "https://[2a01:4f9:b000::1]:443/nesbyen/nesbyenlive01_2022-06-16_14-59-35.mp4", host: "localhost"
2025/10/16 11:34:18 [warn] 10#10: *9 upstream server temporarily disabled while connecting to upstream, client: 172.20.0.1, server: localhost, request: "GET /hls/nesbyen/nesbyenlive01_2022-06-16_14-59-35.mp4/segment-5-v1-a1.ts HTTP/1.1", subrequest: "/remote/hls/nesbyen/nesbyenlive01_2022-06-16_14-59-35.mp4", upstream: "https://[2a01:4f9:b000::1]:443/nesbyen/nesbyenlive01_2022-06-16_14-59-35.mp4", host: "localhost"
2025/10/16 11:34:18 [error] 11#11: *14 connect() to [2a01:4f9:b000::1]:443 failed (101: Network is unreachable) while connecting to upstream, client: 172.20.0.1, server: localhost, request: "GET /hls/nesbyen/nesbyenlive01_2022-06-16_14-59-35.mp4/segment-4-v1-a1.ts HTTP/1.1", subrequest: "/remote/hls/nesbyen/nesbyenlive01_2022-06-16_14-59-35.mp4", upstream: "https://[2a01:4f9:b000::1]:443/nesbyen/nesbyenlive01_2022-06-16_14-59-35.mp4", host: "localhost"
2025/10/16 11:34:18 [warn] 11#11: *14 upstream server temporarily disabled while connecting to upstream, client: 172.20.0.1, server: localhost, request: "GET /hls/nesbyen/nesbyenlive01_2022-06-16_14-59-35.mp4/segment-4-v1-a1.ts HTTP/1.1", subrequest: "/remote/hls/nesbyen/nesbyenlive01_2022-06-16_14-59-35.mp4", upstream: "https://[2a01:4f9:b000::1]:443/nesbyen/nesbyenlive01_2022-06-16_14-59-35.mp4", host: "localhost"
2025/10/16 11:34:18 [error] 10#10: *9 connect() to [2a01:4f9:b000::1]:443 failed (101: Network is unreachable) while connecting to upstream, client: 172.20.0.1, server: localhost, request: "GET /hls/nesbyen/nesbyenlive01_2022-06-16_14-59-35.mp4/segment-5-v1-a1.ts HTTP/1.1", subrequest: "/remote/hls/nesbyen/nesbyenlive01_2022-06-16_14-59-35.mp4", upstream: "https://[2a01:4f9:b000::1]:443/nesbyen/nesbyenlive01_2022-06-16_14-59-35.mp4", host: "localhost"
2025/10/16 11:34:18 [warn] 10#10: *9 upstream server temporarily disabled while connecting to upstream, client: 172.20.0.1, server: localhost, request: "GET /hls/nesbyen/nesbyenlive01_2022-06-16_14-59-35.mp4/segment-5-v1-a1.ts HTTP/1.1", subrequest: "/remote/hls/nesbyen/nesbyenlive01_2022-06-16_14-59-35.mp4", upstream: "https://[2a01:4f9:b000::1]:443/nesbyen/nesbyenlive01_2022-06-16_14-59-35.mp4", host: "localhost"
2025/10/16 11:34:18 [error] 10#10: *9 connect() to [2a01:4f9:b000::1]:443 failed (101: Network is unreachable) while connecting to upstream, client: 172.20.0.1, server: localhost, request: "GET /hls/nesbyen/nesbyenlive01_2022-06-16_14-59-35.mp4/segment-5-v1-a1.ts HTTP/1.1", subrequest: "/remote/hls/nesbyen/nesbyenlive01_2022-06-16_14-59-35.mp4", upstream: "https://[2a01:4f9:b000::1]:443/nesbyen/nesbyenlive01_2022-06-16_14-59-35.mp4", host: "localhost"
2025/10/16 11:34:18 [warn] 10#10: *9 upstream server temporarily disabled while connecting to upstream, client: 172.20.0.1, server: localhost, request: "GET /hls/nesbyen/nesbyenlive01_2022-06-16_14-59-35.mp4/segment-5-v1-a1.ts HTTP/1.1", subrequest: "/remote/hls/nesbyen/nesbyenlive01_2022-06-16_14-59-35.mp4", upstream: "https://[2a01:4f9:b000::1]:443/nesbyen/nesbyenlive01_2022-06-16_14-59-35.mp4", host: "localhost"
2025/10/16 11:34:19 [error] 11#11: *14 connect() to [2a01:4f9:b000::1]:443 failed (101: Network is unreachable) while connecting to upstream, client: 172.20.0.1, server: localhost, request: "GET /hls/nesbyen/nesbyenlive01_2022-06-16_14-59-35.mp4/segment-6-v1-a1.ts HTTP/1.1", subrequest: "/remote/hls/nesbyen/nesbyenlive01_2022-06-16_14-59-35.mp4", upstream: "https://[2a01:4f9:b000::1]:443/nesbyen/nesbyenlive01_2022-06-16_14-59-35.mp4", host: "localhost"
2025/10/16 11:34:19 [warn] 11#11: *14 upstream server temporarily disabled while connecting to upstream, client: 172.20.0.1, server: localhost, request: "GET /hls/nesbyen/nesbyenlive01_2022-06-16_14-59-35.mp4/segment-6-v1-a1.ts HTTP/1.1", subrequest: "/remote/hls/nesbyen/nesbyenlive01_2022-06-16_14-59-35.mp4", upstream: "https://[2a01:4f9:b000::1]:443/nesbyen/nesbyenlive01_2022-06-16_14-59-35.mp4", host: "localhost"
2025/10/16 11:34:19 [error] 10#10: *9 connect() to [2a01:4f9:b000::1]:443 failed (101: Network is unreachable) while connecting to upstream, client: 172.20.0.1, server: localhost, request: "GET /hls/nesbyen/nesbyenlive01_2022-06-16_14-59-35.mp4/segment-5-v1-a1.ts HTTP/1.1", subrequest: "/remote/hls/nesbyen/nesbyenlive01_2022-06-16_14-59-35.mp4", upstream: "https://[2a01:4f9:b000::1]:443/nesbyen/nesbyenlive01_2022-06-16_14-59-35.mp4", host: "localhost"
2025/10/16 11:34:19 [warn] 10#10: *9 upstream server temporarily disabled while connecting to upstream, client: 172.20.0.1, server: localhost, request: "GET /hls/nesbyen/nesbyenlive01_2022-06-16_14-59-35.mp4/segment-5-v1-a1.ts HTTP/1.1", subrequest: "/remote/hls/nesbyen/nesbyenlive01_2022-06-16_14-59-35.mp4", upstream: "https://[2a01:4f9:b000::1]:443/nesbyen/nesbyenlive01_2022-06-16_14-59-35.mp4", host: "localhost"
2025/10/16 11:34:19 [error] 10#10: *9 connect() to [2a01:4f9:b000::1]:443 failed (101: Network is unreachable) while connecting to upstream, client: 172.20.0.1, server: localhost, request: "GET /hls/nesbyen/nesbyenlive01_2022-06-16_14-59-35.mp4/segment-5-v1-a1.ts HTTP/1.1", subrequest: "/remote/hls/nesbyen/nesbyenlive01_2022-06-16_14-59-35.mp4", upstream: "https://[2a01:4f9:b000::1]:443/nesbyen/nesbyenlive01_2022-06-16_14-59-35.mp4", host: "localhost"
2025/10/16 11:34:19 [warn] 10#10: *9 upstream server temporarily disabled while connecting to upstream, client: 172.20.0.1, server: localhost, request: "GET /hls/nesbyen/nesbyenlive01_2022-06-16_14-59-35.mp4/segment-5-v1-a1.ts HTTP/1.1", subrequest: "/remote/hls/nesbyen/nesbyenlive01_2022-06-16_14-59-35.mp4", upstream: "https://[2a01:4f9:b000::1]:443/nesbyen/nesbyenlive01_2022-06-16_14-59-35.mp4", host: "localhost"
2025/10/16 11:34:19 [error] 11#11: *14 connect() to [2a01:4f9:b000::1]:443 failed (101: Network is unreachable) while connecting to upstream, client: 172.20.0.1, server: localhost, request: "GET /hls/nesbyen/nesbyenlive01_2022-06-16_14-59-35.mp4/segment-6-v1-a1.ts HTTP/1.1", subrequest: "/remote/hls/nesbyen/nesbyenlive01_2022-06-16_14-59-35.mp4", upstream: "https://[2a01:4f9:b000::1]:443/nesbyen/nesbyenlive01_2022-06-16_14-59-35.mp4", host: "localhost"
2025/10/16 11:34:19 [warn] 11#11: *14 upstream server temporarily disabled while connecting to upstream, client: 172.20.0.1, server: localhost, request: "GET /hls/nesbyen/nesbyenlive01_2022-06-16_14-59-35.mp4/segment-6-v1-a1.ts HTTP/1.1", subrequest: "/remote/hls/nesbyen/nesbyenlive01_2022-06-16_14-59-35.mp4", upstream: "https://[2a01:4f9:b000::1]:443/nesbyen/nesbyenlive01_2022-06-16_14-59-35.mp4", host: "localhost"
2025/10/16 11:34:20 [error] 11#11: *14 connect() to [2a01:4f9:b000::1]:443 failed (101: Network is unreachable) while connecting to upstream, client: 172.20.0.1, server: localhost, request: "GET /hls/nesbyen/nesbyenlive01_2022-06-16_14-59-35.mp4/segment-6-v1-a1.ts HTTP/1.1", subrequest: "/remote/hls/nesbyen/nesbyenlive01_2022-06-16_14-59-35.mp4", upstream: "https://[2a01:4f9:b000::1]:443/nesbyen/nesbyenlive01_2022-06-16_14-59-35.mp4", host: "localhost"
2025/10/16 11:34:20 [warn] 11#11: *14 upstream server temporarily disabled while connecting to upstream, client: 172.20.0.1, server: localhost, request: "GET /hls/nesbyen/nesbyenlive01_2022-06-16_14-59-35.mp4/segment-6-v1-a1.ts HTTP/1.1", subrequest: "/remote/hls/nesbyen/nesbyenlive01_2022-06-16_14-59-35.mp4", upstream: "https://[2a01:4f9:b000::1]:443/nesbyen/nesbyenlive01_2022-06-16_14-59-35.mp4", host: "localhost"
2025/10/16 11:34:20 [error] 10#10: *9 connect() to [2a01:4f9:b000::1]:443 failed (101: Network is unreachable) while connecting to upstream, client: 172.20.0.1, server: localhost, request: "GET /hls/nesbyen/nesbyenlive01_2022-06-16_14-59-35.mp4/segment-5-v1-a1.ts HTTP/1.1", subrequest: "/remote/hls/nesbyen/nesbyenlive01_2022-06-16_14-59-35.mp4", upstream: "https://[2a01:4f9:b000::1]:443/nesbyen/nesbyenlive01_2022-06-16_14-59-35.mp4", host: "localhost"
2025/10/16 11:34:20 [warn] 10#10: *9 upstream server temporarily disabled while connecting to upstream, client: 172.20.0.1, server: localhost, request: "GET /hls/nesbyen/nesbyenlive01_2022-06-16_14-59-35.mp4/segment-5-v1-a1.ts HTTP/1.1", subrequest: "/remote/hls/nesbyen/nesbyenlive01_2022-06-16_14-59-35.mp4", upstream: "https://[2a01:4f9:b000::1]:443/nesbyen/nesbyenlive01_2022-06-16_14-59-35.mp4", host: "localhost"
2025/10/16 11:34:20 [error] 10#10: *9 connect() to [2a01:4f9:b000::1]:443 failed (101: Network is unreachable) while connecting to upstream, client: 172.20.0.1, server: localhost, request: "GET /hls/nesbyen/nesbyenlive01_2022-06-16_14-59-35.mp4/segment-5-v1-a1.ts HTTP/1.1", subrequest: "/remote/hls/nesbyen/nesbyenlive01_2022-06-16_14-59-35.mp4", upstream: "https://[2a01:4f9:b000::1]:443/nesbyen/nesbyenlive01_2022-06-16_14-59-35.mp4", host: "localhost"
2025/10/16 11:34:20 [warn] 10#10: *9 upstream server temporarily disabled while connecting to upstream, client: 172.20.0.1, server: localhost, request: "GET /hls/nesbyen/nesbyenlive01_2022-06-16_14-59-35.mp4/segment-5-v1-a1.ts HTTP/1.1", subrequest: "/remote/hls/nesbyen/nesbyenlive01_2022-06-16_14-59-35.mp4", upstream: "https://[2a01:4f9:b000::1]:443/nesbyen/nesbyenlive01_2022-06-16_14-59-35.mp4", host: "localhost"
2025/10/16 11:34:20 [error] 10#10: *9 connect() to [2a01:4f9:b000::1]:443 failed (101: Network is unreachable) while connecting to upstream, client: 172.20.0.1, server: localhost, request: "GET /hls/nesbyen/nesbyenlive01_2022-06-16_14-59-35.mp4/segment-7-v1-a1.ts HTTP/1.1", subrequest: "/remote/hls/nesbyen/nesbyenlive01_2022-06-16_14-59-35.mp4", upstream: "https://[2a01:4f9:b000::1]:443/nesbyen/nesbyenlive01_2022-06-16_14-59-35.mp4", host: "localhost"
2025/10/16 11:34:20 [warn] 10#10: *9 upstream server temporarily disabled while connecting to upstream, client: 172.20.0.1, server: localhost, request: "GET /hls/nesbyen/nesbyenlive01_2022-06-16_14-59-35.mp4/segment-7-v1-a1.ts HTTP/1.1", subrequest: "/remote/hls/nesbyen/nesbyenlive01_2022-06-16_14-59-35.mp4", upstream: "https://[2a01:4f9:b000::1]:443/nesbyen/nesbyenlive01_2022-06-16_14-59-35.mp4", host: "localhost"
2025/10/16 11:34:21 [error] 10#10: *9 connect() to [2a01:4f9:b000::1]:443 failed (101: Network is unreachable) while connecting to upstream, client: 172.20.0.1, server: localhost, request: "GET /hls/nesbyen/nesbyenlive01_2022-06-16_14-59-35.mp4/segment-7-v1-a1.ts HTTP/1.1", subrequest: "/remote/hls/nesbyen/nesbyenlive01_2022-06-16_14-59-35.mp4", upstream: "https://[2a01:4f9:b000::1]:443/nesbyen/nesbyenlive01_2022-06-16_14-59-35.mp4", host: "localhost"
2025/10/16 11:34:21 [warn] 10#10: *9 upstream server temporarily disabled while connecting to upstream, client: 172.20.0.1, server: localhost, request: "GET /hls/nesbyen/nesbyenlive01_2022-06-16_14-59-35.mp4/segment-7-v1-a1.ts HTTP/1.1", subrequest: "/remote/hls/nesbyen/nesbyenlive01_2022-06-16_14-59-35.mp4", upstream: "https://[2a01:4f9:b000::1]:443/nesbyen/nesbyenlive01_2022-06-16_14-59-35.mp4", host: "localhost"
2025/10/16 11:34:21 [error] 11#11: *14 connect() to [2a01:4f9:b000::1]:443 failed (101: Network is unreachable) while connecting to upstream, client: 172.20.0.1, server: localhost, request: "GET /hls/nesbyen/nesbyenlive01_2022-06-16_14-59-35.mp4/segment-8-v1-a1.ts HTTP/1.1", subrequest: "/remote/hls/nesbyen/nesbyenlive01_2022-06-16_14-59-35.mp4", upstream: "https://[2a01:4f9:b000::1]:443/nesbyen/nesbyenlive01_2022-06-16_14-59-35.mp4", host: "localhost"
2025/10/16 11:34:21 [warn] 11#11: *14 upstream server temporarily disabled while connecting to upstream, client: 172.20.0.1, server: localhost, request: "GET /hls/nesbyen/nesbyenlive01_2022-06-16_14-59-35.mp4/segment-8-v1-a1.ts HTTP/1.1", subrequest: "/remote/hls/nesbyen/nesbyenlive01_2022-06-16_14-59-35.mp4", upstream: "https://[2a01:4f9:b000::1]:443/nesbyen/nesbyenlive01_2022-06-16_14-59-35.mp4", host: "localhost"
2025/10/16 11:34:21 [error] 11#11: *14 connect() to [2a01:4f9:b000::1]:443 failed (101: Network is unreachable) while connecting to upstream, client: 172.20.0.1, server: localhost, request: "GET /hls/nesbyen/nesbyenlive01_2022-06-16_14-59-35.mp4/segment-8-v1-a1.ts HTTP/1.1", subrequest: "/remote/hls/nesbyen/nesbyenlive01_2022-06-16_14-59-35.mp4", upstream: "https://[2a01:4f9:b000::1]:443/nesbyen/nesbyenlive01_2022-06-16_14-59-35.mp4", host: "localhost"
2025/10/16 11:34:21 [warn] 11#11: *14 upstream server temporarily disabled while connecting to upstream, client: 172.20.0.1, server: localhost, request: "GET /hls/nesbyen/nesbyenlive01_2022-06-16_14-59-35.mp4/segment-8-v1-a1.ts HTTP/1.1", subrequest: "/remote/hls/nesbyen/nesbyenlive01_2022-06-16_14-59-35.mp4", upstream: "https://[2a01:4f9:b000::1]:443/nesbyen/nesbyenlive01_2022-06-16_14-59-35.mp4", host: "localhost"
2025/10/16 11:34:21 [error] 11#11: *14 connect() to [2a01:4f9:b000::1]:443 failed (101: Network is unreachable) while connecting to upstream, client: 172.20.0.1, server: localhost, request: "GET /hls/nesbyen/nesbyenlive01_2022-06-16_14-59-35.mp4/segment-8-v1-a1.ts HTTP/1.1", subrequest: "/remote/hls/nesbyen/nesbyenlive01_2022-06-16_14-59-35.mp4", upstream: "https://[2a01:4f9:b000::1]:443/nesbyen/nesbyenlive01_2022-06-16_14-59-35.mp4", host: "localhost"
2025/10/16 11:34:21 [warn] 11#11: *14 upstream server temporarily disabled while connecting to upstream, client: 172.20.0.1, server: localhost, request: "GET /hls/nesbyen/nesbyenlive01_2022-06-16_14-59-35.mp4/segment-8-v1-a1.ts HTTP/1.1", subrequest: "/remote/hls/nesbyen/nesbyenlive01_2022-06-16_14-59-35.mp4", upstream: "https://[2a01:4f9:b000::1]:443/nesbyen/nesbyenlive01_2022-06-16_14-59-35.mp4", host: "localhost"
2025/10/16 11:34:22 [error] 11#11: *14 connect() to [2a01:4f9:b000::1]:443 failed (101: Network is unreachable) while connecting to upstream, client: 172.20.0.1, server: localhost, request: "GET /hls/nesbyen/nesbyenlive01_2022-06-16_14-59-35.mp4/segment-8-v1-a1.ts HTTP/1.1", subrequest: "/remote/hls/nesbyen/nesbyenlive01_2022-06-16_14-59-35.mp4", upstream: "https://[2a01:4f9:b000::1]:443/nesbyen/nesbyenlive01_2022-06-16_14-59-35.mp4", host: "localhost"
2025/10/16 11:34:22 [warn] 11#11: *14 upstream server temporarily disabled while connecting to upstream, client: 172.20.0.1, server: localhost, request: "GET /hls/nesbyen/nesbyenlive01_2022-06-16_14-59-35.mp4/segment-8-v1-a1.ts HTTP/1.1", subrequest: "/remote/hls/nesbyen/nesbyenlive01_2022-06-16_14-59-35.mp4", upstream: "https://[2a01:4f9:b000::1]:443/nesbyen/nesbyenlive01_2022-06-16_14-59-35.mp4", host: "localhost"
2025/10/16 11:34:22 [error] 10#10: *9 connect() to [2a01:4f9:b000::1]:443 failed (101: Network is unreachable) while connecting to upstream, client: 172.20.0.1, server: localhost, request: "GET /hls/nesbyen/nesbyenlive01_2022-06-16_14-59-35.mp4/segment-7-v1-a1.ts HTTP/1.1", subrequest: "/remote/hls/nesbyen/nesbyenlive01_2022-06-16_14-59-35.mp4", upstream: "https://[2a01:4f9:b000::1]:443/nesbyen/nesbyenlive01_2022-06-16_14-59-35.mp4", host: "localhost"
2025/10/16 11:34:22 [warn] 10#10: *9 upstream server temporarily disabled while connecting to upstream, client: 172.20.0.1, server: localhost, request: "GET /hls/nesbyen/nesbyenlive01_2022-06-16_14-59-35.mp4/segment-7-v1-a1.ts HTTP/1.1", subrequest: "/remote/hls/nesbyen/nesbyenlive01_2022-06-16_14-59-35.mp4", upstream: "https://[2a01:4f9:b000::1]:443/nesbyen/nesbyenlive01_2022-06-16_14-59-35.mp4", host: "localhost"
2025/10/16 11:34:22 [error] 11#11: *14 connect() to [2a01:4f9:b000::1]:443 failed (101: Network is unreachable) while connecting to upstream, client: 172.20.0.1, server: localhost, request: "GET /hls/nesbyen/nesbyenlive01_2022-06-16_14-59-35.mp4/segment-8-v1-a1.ts HTTP/1.1", subrequest: "/remote/hls/nesbyen/nesbyenlive01_2022-06-16_14-59-35.mp4", upstream: "https://[2a01:4f9:b000::1]:443/nesbyen/nesbyenlive01_2022-06-16_14-59-35.mp4", host: "localhost"
2025/10/16 11:34:22 [warn] 11#11: *14 upstream server temporarily disabled while connecting to upstream, client: 172.20.0.1, server: localhost, request: "GET /hls/nesbyen/nesbyenlive01_2022-06-16_14-59-35.mp4/segment-8-v1-a1.ts HTTP/1.1", subrequest: "/remote/hls/nesbyen/nesbyenlive01_2022-06-16_14-59-35.mp4", upstream: "https://[2a01:4f9:b000::1]:443/nesbyen/nesbyenlive01_2022-06-16_14-59-35.mp4", host: "localhost"
2025/10/16 11:34:22 [error] 11#11: *14 connect() to [2a01:4f9:b000::1]:443 failed (101: Network is unreachable) while connecting to upstream, client: 172.20.0.1, server: localhost, request: "GET /hls/nesbyen/nesbyenlive01_2022-06-16_14-59-35.mp4/segment-8-v1-a1.ts HTTP/1.1", subrequest: "/remote/hls/nesbyen/nesbyenlive01_2022-06-16_14-59-35.mp4", upstream: "https://[2a01:4f9:b000::1]:443/nesbyen/nesbyenlive01_2022-06-16_14-59-35.mp4", host: "localhost"
2025/10/16 11:34:22 [warn] 11#11: *14 upstream server temporarily disabled while connecting to upstream, client: 172.20.0.1, server: localhost, request: "GET /hls/nesbyen/nesbyenlive01_2022-06-16_14-59-35.mp4/segment-8-v1-a1.ts HTTP/1.1", subrequest: "/remote/hls/nesbyen/nesbyenlive01_2022-06-16_14-59-35.mp4", upstream: "https://[2a01:4f9:b000::1]:443/nesbyen/nesbyenlive01_2022-06-16_14-59-35.mp4", host: "localhost"
2025/10/16 11:34:22 [error] 10#10: *9 connect() to [2a01:4f9:b000::1]:443 failed (101: Network is unreachable) while connecting to upstream, client: 172.20.0.1, server: localhost, request: "GET /hls/nesbyen/nesbyenlive01_2022-06-16_14-59-35.mp4/segment-7-v1-a1.ts HTTP/1.1", subrequest: "/remote/hls/nesbyen/nesbyenlive01_2022-06-16_14-59-35.mp4", upstream: "https://[2a01:4f9:b000::1]:443/nesbyen/nesbyenlive01_2022-06-16_14-59-35.mp4", host: "localhost"
2025/10/16 11:34:22 [warn] 10#10: *9 upstream server temporarily disabled while connecting to upstream, client: 172.20.0.1, server: localhost, request: "GET /hls/nesbyen/nesbyenlive01_2022-06-16_14-59-35.mp4/segment-7-v1-a1.ts HTTP/1.1", subrequest: "/remote/hls/nesbyen/nesbyenlive01_2022-06-16_14-59-35.mp4", upstream: "https://[2a01:4f9:b000::1]:443/nesbyen/nesbyenlive01_2022-06-16_14-59-35.mp4", host: "localhost"
2025/10/16 11:34:22 [error] 10#10: *9 connect() to [2a01:4f9:b000::1]:443 failed (101: Network is unreachable) while connecting to upstream, client: 172.20.0.1, server: localhost, request: "GET /hls/nesbyen/nesbyenlive01_2022-06-16_14-59-35.mp4/segment-7-v1-a1.ts HTTP/1.1", subrequest: "/remote/hls/nesbyen/nesbyenlive01_2022-06-16_14-59-35.mp4", upstream: "https://[2a01:4f9:b000::1]:443/nesbyen/nesbyenlive01_2022-06-16_14-59-35.mp4", host: "localhost"
2025/10/16 11:34:22 [warn] 10#10: *9 upstream server temporarily disabled while connecting to upstream, client: 172.20.0.1, server: localhost, request: "GET /hls/nesbyen/nesbyenlive01_2022-06-16_14-59-35.mp4/segment-7-v1-a1.ts HTTP/1.1", subrequest: "/remote/hls/nesbyen/nesbyenlive01_2022-06-16_14-59-35.mp4", upstream: "https://[2a01:4f9:b000::1]:443/nesbyen/nesbyenlive01_2022-06-16_14-59-35.mp4", host: "localhost"
2025/10/16 11:34:22 [error] 11#11: *14 connect() to [2a01:4f9:b000::1]:443 failed (101: Network is unreachable) while connecting to upstream, client: 172.20.0.1, server: localhost, request: "GET /hls/nesbyen/nesbyenlive01_2022-06-16_14-59-35.mp4/segment-8-v1-a1.ts HTTP/1.1", subrequest: "/remote/hls/nesbyen/nesbyenlive01_2022-06-16_14-59-35.mp4", upstream: "https://[2a01:4f9:b000::1]:443/nesbyen/nesbyenlive01_2022-06-16_14-59-35.mp4", host: "localhost"
2025/10/16 11:34:22 [warn] 11#11: *14 upstream server temporarily disabled while connecting to upstream, client: 172.20.0.1, server: localhost, request: "GET /hls/nesbyen/nesbyenlive01_2022-06-16_14-59-35.mp4/segment-8-v1-a1.ts HTTP/1.1", subrequest: "/remote/hls/nesbyen/nesbyenlive01_2022-06-16_14-59-35.mp4", upstream: "https://[2a01:4f9:b000::1]:443/nesbyen/nesbyenlive01_2022-06-16_14-59-35.mp4", host: "localhost"
2025/10/16 11:34:22 [error] 11#11: *14 connect() to [2a01:4f9:b000::1]:443 failed (101: Network is unreachable) while connecting to upstream, client: 172.20.0.1, server: localhost, request: "GET /hls/nesbyen/nesbyenlive01_2022-06-16_14-59-35.mp4/segment-8-v1-a1.ts HTTP/1.1", subrequest: "/remote/hls/nesbyen/nesbyenlive01_2022-06-16_14-59-35.mp4", upstream: "https://[2a01:4f9:b000::1]:443/nesbyen/nesbyenlive01_2022-06-16_14-59-35.mp4", host: "localhost"
2025/10/16 11:34:22 [warn] 11#11: *14 upstream server temporarily disabled while connecting to upstream, client: 172.20.0.1, server: localhost, request: "GET /hls/nesbyen/nesbyenlive01_2022-06-16_14-59-35.mp4/segment-8-v1-a1.ts HTTP/1.1", subrequest: "/remote/hls/nesbyen/nesbyenlive01_2022-06-16_14-59-35.mp4", upstream: "https://[2a01:4f9:b000::1]:443/nesbyen/nesbyenlive01_2022-06-16_14-59-35.mp4", host: "localhost"
2025/10/16 11:34:22 [error] 10#10: *9 connect() to [2a01:4f9:b000::1]:443 failed (101: Network is unreachable) while connecting to upstream, client: 172.20.0.1, server: localhost, request: "GET /hls/nesbyen/nesbyenlive01_2022-06-16_14-59-35.mp4/segment-7-v1-a1.ts HTTP/1.1", subrequest: "/remote/hls/nesbyen/nesbyenlive01_2022-06-16_14-59-35.mp4", upstream: "https://[2a01:4f9:b000::1]:443/nesbyen/nesbyenlive01_2022-06-16_14-59-35.mp4", host: "localhost"
2025/10/16 11:34:22 [warn] 10#10: *9 upstream server temporarily disabled while connecting to upstream, client: 172.20.0.1, server: localhost, request: "GET /hls/nesbyen/nesbyenlive01_2022-06-16_14-59-35.mp4/segment-7-v1-a1.ts HTTP/1.1", subrequest: "/remote/hls/nesbyen/nesbyenlive01_2022-06-16_14-59-35.mp4", upstream: "https://[2a01:4f9:b000::1]:443/nesbyen/nesbyenlive01_2022-06-16_14-59-35.mp4", host: "localhost"
2025/10/16 11:34:23 [error] 10#10: *9 connect() to [2a01:4f9:b000::1]:443 failed (101: Network is unreachable) while connecting to upstream, client: 172.20.0.1, server: localhost, request: "GET /hls/nesbyen/nesbyenlive01_2022-06-16_14-59-35.mp4/segment-7-v1-a1.ts HTTP/1.1", subrequest: "/remote/hls/nesbyen/nesbyenlive01_2022-06-16_14-59-35.mp4", upstream: "https://[2a01:4f9:b000::1]:443/nesbyen/nesbyenlive01_2022-06-16_14-59-35.mp4", host: "localhost"
2025/10/16 11:34:23 [warn] 10#10: *9 upstream server temporarily disabled while connecting to upstream, client: 172.20.0.1, server: localhost, request: "GET /hls/nesbyen/nesbyenlive01_2022-06-16_14-59-35.mp4/segment-7-v1-a1.ts HTTP/1.1", subrequest: "/remote/hls/nesbyen/nesbyenlive01_2022-06-16_14-59-35.mp4", upstream: "https://[2a01:4f9:b000::1]:443/nesbyen/nesbyenlive01_2022-06-16_14-59-35.mp4", host: "localhost"
2025/10/16 11:34:23 [error] 11#11: *14 connect() to [2a01:4f9:b000::1]:443 failed (101: Network is unreachable) while connecting to upstream, client: 172.20.0.1, server: localhost, request: "GET /hls/nesbyen/nesbyenlive01_2022-06-16_14-59-35.mp4/segment-8-v1-a1.ts HTTP/1.1", subrequest: "/remote/hls/nesbyen/nesbyenlive01_2022-06-16_14-59-35.mp4", upstream: "https://[2a01:4f9:b000::1]:443/nesbyen/nesbyenlive01_2022-06-16_14-59-35.mp4", host: "localhost"
2025/10/16 11:34:23 [warn] 11#11: *14 upstream server temporarily disabled while connecting to upstream, client: 172.20.0.1, server: localhost, request: "GET /hls/nesbyen/nesbyenlive01_2022-06-16_14-59-35.mp4/segment-8-v1-a1.ts HTTP/1.1", subrequest: "/remote/hls/nesbyen/nesbyenlive01_2022-06-16_14-59-35.mp4", upstream: "https://[2a01:4f9:b000::1]:443/nesbyen/nesbyenlive01_2022-06-16_14-59-35.mp4", host: "localhost"
2025/10/16 11:34:23 [error] 10#10: *9 connect() to [2a01:4f9:b000::1]:443 failed (101: Network is unreachable) while connecting to upstream, client: 172.20.0.1, server: localhost, request: "GET /hls/nesbyen/nesbyenlive01_2022-06-16_14-59-35.mp4/segment-9-v1-a1.ts HTTP/1.1", subrequest: "/remote/hls/nesbyen/nesbyenlive01_2022-06-16_14-59-35.mp4", upstream: "https://[2a01:4f9:b000::1]:443/nesbyen/nesbyenlive01_2022-06-16_14-59-35.mp4", host: "localhost"
2025/10/16 11:34:23 [warn] 10#10: *9 upstream server temporarily disabled while connecting to upstream, client: 172.20.0.1, server: localhost, request: "GET /hls/nesbyen/nesbyenlive01_2022-06-16_14-59-35.mp4/segment-9-v1-a1.ts HTTP/1.1", subrequest: "/remote/hls/nesbyen/nesbyenlive01_2022-06-16_14-59-35.mp4", upstream: "https://[2a01:4f9:b000::1]:443/nesbyen/nesbyenlive01_2022-06-16_14-59-35.mp4", host: "localhost"
2025/10/16 11:34:24 [error] 10#10: *9 connect() to [2a01:4f9:b000::1]:443 failed (101: Network is unreachable) while connecting to upstream, client: 172.20.0.1, server: localhost, request: "GET /hls/nesbyen/nesbyenlive01_2022-06-16_14-59-35.mp4/segment-9-v1-a1.ts HTTP/1.1", subrequest: "/remote/hls/nesbyen/nesbyenlive01_2022-06-16_14-59-35.mp4", upstream: "https://[2a01:4f9:b000::1]:443/nesbyen/nesbyenlive01_2022-06-16_14-59-35.mp4", host: "localhost"
2025/10/16 11:34:24 [warn] 10#10: *9 upstream server temporarily disabled while connecting to upstream, client: 172.20.0.1, server: localhost, request: "GET /hls/nesbyen/nesbyenlive01_2022-06-16_14-59-35.mp4/segment-9-v1-a1.ts HTTP/1.1", subrequest: "/remote/hls/nesbyen/nesbyenlive01_2022-06-16_14-59-35.mp4", upstream: "https://[2a01:4f9:b000::1]:443/nesbyen/nesbyenlive01_2022-06-16_14-59-35.mp4", host: "localhost"
2025/10/16 11:34:25 [error] 11#11: *14 connect() to [2a01:4f9:b000::1]:443 failed (101: Network is unreachable) while connecting to upstream, client: 172.20.0.1, server: localhost, request: "GET /hls/nesbyen/nesbyenlive01_2022-06-16_14-59-35.mp4/segment-10-v1-a1.ts HTTP/1.1", subrequest: "/remote/hls/nesbyen/nesbyenlive01_2022-06-16_14-59-35.mp4", upstream: "https://[2a01:4f9:b000::1]:443/nesbyen/nesbyenlive01_2022-06-16_14-59-35.mp4", host: "localhost"
2025/10/16 11:34:25 [warn] 11#11: *14 upstream server temporarily disabled while connecting to upstream, client: 172.20.0.1, server: localhost, request: "GET /hls/nesbyen/nesbyenlive01_2022-06-16_14-59-35.mp4/segment-10-v1-a1.ts HTTP/1.1", subrequest: "/remote/hls/nesbyen/nesbyenlive01_2022-06-16_14-59-35.mp4", upstream: "https://[2a01:4f9:b000::1]:443/nesbyen/nesbyenlive01_2022-06-16_14-59-35.mp4", host: "localhost"
2025/10/16 11:34:25 [error] 11#11: *14 connect() to [2a01:4f9:b000::1]:443 failed (101: Network is unreachable) while connecting to upstream, client: 172.20.0.1, server: localhost, request: "GET /hls/nesbyen/nesbyenlive01_2022-06-16_14-59-35.mp4/segment-10-v1-a1.ts HTTP/1.1", subrequest: "/remote/hls/nesbyen/nesbyenlive01_2022-06-16_14-59-35.mp4", upstream: "https://[2a01:4f9:b000::1]:443/nesbyen/nesbyenlive01_2022-06-16_14-59-35.mp4", host: "localhost"
2025/10/16 11:34:25 [warn] 11#11: *14 upstream server temporarily disabled while connecting to upstream, client: 172.20.0.1, server: localhost, request: "GET /hls/nesbyen/nesbyenlive01_2022-06-16_14-59-35.mp4/segment-10-v1-a1.ts HTTP/1.1", subrequest: "/remote/hls/nesbyen/nesbyenlive01_2022-06-16_14-59-35.mp4", upstream: "https://[2a01:4f9:b000::1]:443/nesbyen/nesbyenlive01_2022-06-16_14-59-35.mp4", host: "localhost"
2025/10/16 11:34:25 [error] 10#10: *9 connect() to [2a01:4f9:b000::1]:443 failed (101: Network is unreachable) while connecting to upstream, client: 172.20.0.1, server: localhost, request: "GET /hls/nesbyen/nesbyenlive01_2022-06-16_14-59-35.mp4/segment-9-v1-a1.ts HTTP/1.1", subrequest: "/remote/hls/nesbyen/nesbyenlive01_2022-06-16_14-59-35.mp4", upstream: "https://[2a01:4f9:b000::1]:443/nesbyen/nesbyenlive01_2022-06-16_14-59-35.mp4", host: "localhost"
2025/10/16 11:34:25 [warn] 10#10: *9 upstream server temporarily disabled while connecting to upstream, client: 172.20.0.1, server: localhost, request: "GET /hls/nesbyen/nesbyenlive01_2022-06-16_14-59-35.mp4/segment-9-v1-a1.ts HTTP/1.1", subrequest: "/remote/hls/nesbyen/nesbyenlive01_2022-06-16_14-59-35.mp4", upstream: "https://[2a01:4f9:b000::1]:443/nesbyen/nesbyenlive01_2022-06-16_14-59-35.mp4", host: "localhost"
2025/10/16 11:34:25 [error] 10#10: *9 connect() to [2a01:4f9:b000::1]:443 failed (101: Network is unreachable) while connecting to upstream, client: 172.20.0.1, server: localhost, request: "GET /hls/nesbyen/nesbyenlive01_2022-06-16_14-59-35.mp4/segment-9-v1-a1.ts HTTP/1.1", subrequest: "/remote/hls/nesbyen/nesbyenlive01_2022-06-16_14-59-35.mp4", upstream: "https://[2a01:4f9:b000::1]:443/nesbyen/nesbyenlive01_2022-06-16_14-59-35.mp4", host: "localhost"
2025/10/16 11:34:25 [warn] 10#10: *9 upstream server temporarily disabled while connecting to upstream, client: 172.20.0.1, server: localhost, request: "GET /hls/nesbyen/nesbyenlive01_2022-06-16_14-59-35.mp4/segment-9-v1-a1.ts HTTP/1.1", subrequest: "/remote/hls/nesbyen/nesbyenlive01_2022-06-16_14-59-35.mp4", upstream: "https://[2a01:4f9:b000::1]:443/nesbyen/nesbyenlive01_2022-06-16_14-59-35.mp4", host: "localhost"
2025/10/16 11:34:25 [error] 11#11: *14 connect() to [2a01:4f9:b000::1]:443 failed (101: Network is unreachable) while connecting to upstream, client: 172.20.0.1, server: localhost, request: "GET /hls/nesbyen/nesbyenlive01_2022-06-16_14-59-35.mp4/segment-10-v1-a1.ts HTTP/1.1", subrequest: "/remote/hls/nesbyen/nesbyenlive01_2022-06-16_14-59-35.mp4", upstream: "https://[2a01:4f9:b000::1]:443/nesbyen/nesbyenlive01_2022-06-16_14-59-35.mp4", host: "localhost"
2025/10/16 11:34:25 [warn] 11#11: *14 upstream server temporarily disabled while connecting to upstream, client: 172.20.0.1, server: localhost, request: "GET /hls/nesbyen/nesbyenlive01_2022-06-16_14-59-35.mp4/segment-10-v1-a1.ts HTTP/1.1", subrequest: "/remote/hls/nesbyen/nesbyenlive01_2022-06-16_14-59-35.mp4", upstream: "https://[2a01:4f9:b000::1]:443/nesbyen/nesbyenlive01_2022-06-16_14-59-35.mp4", host: "localhost"
2025/10/16 11:34:25 [error] 11#11: *14 connect() to [2a01:4f9:b000::1]:443 failed (101: Network is unreachable) while connecting to upstream, client: 172.20.0.1, server: localhost, request: "GET /hls/nesbyen/nesbyenlive01_2022-06-16_14-59-35.mp4/segment-10-v1-a1.ts HTTP/1.1", subrequest: "/remote/hls/nesbyen/nesbyenlive01_2022-06-16_14-59-35.mp4", upstream: "https://[2a01:4f9:b000::1]:443/nesbyen/nesbyenlive01_2022-06-16_14-59-35.mp4", host: "localhost"
2025/10/16 11:34:25 [warn] 11#11: *14 upstream server temporarily disabled while connecting to upstream, client: 172.20.0.1, server: localhost, request: "GET /hls/nesbyen/nesbyenlive01_2022-06-16_14-59-35.mp4/segment-10-v1-a1.ts HTTP/1.1", subrequest: "/remote/hls/nesbyen/nesbyenlive01_2022-06-16_14-59-35.mp4", upstream: "https://[2a01:4f9:b000::1]:443/nesbyen/nesbyenlive01_2022-06-16_14-59-35.mp4", host: "localhost"
2025/10/16 11:34:26 [error] 10#10: *9 connect() to [2a01:4f9:b000::1]:443 failed (101: Network is unreachable) while connecting to upstream, client: 172.20.0.1, server: localhost, request: "GET /hls/nesbyen/nesbyenlive01_2022-06-16_14-59-35.mp4/segment-11-v1-a1.ts HTTP/1.1", subrequest: "/remote/hls/nesbyen/nesbyenlive01_2022-06-16_14-59-35.mp4", upstream: "https://[2a01:4f9:b000::1]:443/nesbyen/nesbyenlive01_2022-06-16_14-59-35.mp4", host: "localhost"
2025/10/16 11:34:26 [warn] 10#10: *9 upstream server temporarily disabled while connecting to upstream, client: 172.20.0.1, server: localhost, request: "GET /hls/nesbyen/nesbyenlive01_2022-06-16_14-59-35.mp4/segment-11-v1-a1.ts HTTP/1.1", subrequest: "/remote/hls/nesbyen/nesbyenlive01_2022-06-16_14-59-35.mp4", upstream: "https://[2a01:4f9:b000::1]:443/nesbyen/nesbyenlive01_2022-06-16_14-59-35.mp4", host: "localhost"
2025/10/16 11:34:26 [error] 11#11: *14 connect() to [2a01:4f9:b000::1]:443 failed (101: Network is unreachable) while connecting to upstream, client: 172.20.0.1, server: localhost, request: "GET /hls/nesbyen/nesbyenlive01_2022-06-16_14-59-35.mp4/segment-10-v1-a1.ts HTTP/1.1", subrequest: "/remote/hls/nesbyen/nesbyenlive01_2022-06-16_14-59-35.mp4", upstream: "https://[2a01:4f9:b000::1]:443/nesbyen/nesbyenlive01_2022-06-16_14-59-35.mp4", host: "localhost"
2025/10/16 11:34:26 [warn] 11#11: *14 upstream server temporarily disabled while connecting to upstream, client: 172.20.0.1, server: localhost, request: "GET /hls/nesbyen/nesbyenlive01_2022-06-16_14-59-35.mp4/segment-10-v1-a1.ts HTTP/1.1", subrequest: "/remote/hls/nesbyen/nesbyenlive01_2022-06-16_14-59-35.mp4", upstream: "https://[2a01:4f9:b000::1]:443/nesbyen/nesbyenlive01_2022-06-16_14-59-35.mp4", host: "localhost"
2025/10/16 11:34:26 [error] 11#11: *14 connect() to [2a01:4f9:b000::1]:443 failed (101: Network is unreachable) while connecting to upstream, client: 172.20.0.1, server: localhost, request: "GET /hls/nesbyen/nesbyenlive01_2022-06-16_14-59-35.mp4/segment-10-v1-a1.ts HTTP/1.1", subrequest: "/remote/hls/nesbyen/nesbyenlive01_2022-06-16_14-59-35.mp4", upstream: "https://[2a01:4f9:b000::1]:443/nesbyen/nesbyenlive01_2022-06-16_14-59-35.mp4", host: "localhost"
2025/10/16 11:34:26 [warn] 11#11: *14 upstream server temporarily disabled while connecting to upstream, client: 172.20.0.1, server: localhost, request: "GET /hls/nesbyen/nesbyenlive01_2022-06-16_14-59-35.mp4/segment-10-v1-a1.ts HTTP/1.1", subrequest: "/remote/hls/nesbyen/nesbyenlive01_2022-06-16_14-59-35.mp4", upstream: "https://[2a01:4f9:b000::1]:443/nesbyen/nesbyenlive01_2022-06-16_14-59-35.mp4", host: "localhost"
2025/10/16 11:34:26 [info] 10#10: *9 epoll_wait() reported that client prematurely closed connection, so upstream connection is closed too while connecting to upstream, client: 172.20.0.1, server: localhost, request: "GET /hls/nesbyen/nesbyenlive01_2022-06-16_14-59-35.mp4/segment-11-v1-a1.ts HTTP/1.1", subrequest: "/remote/hls/nesbyen/nesbyenlive01_2022-06-16_14-59-35.mp4", upstream: "https://37.27.175.128:443/nesbyen/nesbyenlive01_2022-06-16_14-59-35.mp4", host: "localhost"
2025/10/16 11:34:26 [info] 11#11: *14 client 172.20.0.1 closed keepalive connection
2025/10/16 11:34:27 [error] 12#12: *202 connect() to [2a01:4f9:b000::1]:443 failed (101: Network is unreachable) while connecting to upstream, client: 172.20.0.1, server: localhost, request: "GET /hls/nesbyen/nesbyenlive01_2022-06-16_14-59-35.mp4/segment-814-v1-a1.ts HTTP/1.1", subrequest: "/remote/hls/nesbyen/nesbyenlive01_2022-06-16_14-59-35.mp4", upstream: "https://[2a01:4f9:b000::1]:443/nesbyen/nesbyenlive01_2022-06-16_14-59-35.mp4", host: "localhost"
2025/10/16 11:34:27 [warn] 12#12: *202 upstream server temporarily disabled while connecting to upstream, client: 172.20.0.1, server: localhost, request: "GET /hls/nesbyen/nesbyenlive01_2022-06-16_14-59-35.mp4/segment-814-v1-a1.ts HTTP/1.1", subrequest: "/remote/hls/nesbyen/nesbyenlive01_2022-06-16_14-59-35.mp4", upstream: "https://[2a01:4f9:b000::1]:443/nesbyen/nesbyenlive01_2022-06-16_14-59-35.mp4", host: "localhost"
2025/10/16 11:34:27 [error] 13#13: *207 connect() to [2a01:4f9:b000::1]:443 failed (101: Network is unreachable) while connecting to upstream, client: 172.20.0.1, server: localhost, request: "GET /hls/nesbyen/nesbyenlive01_2022-06-16_14-59-35.mp4/segment-815-v1-a1.ts HTTP/1.1", subrequest: "/remote/hls/nesbyen/nesbyenlive01_2022-06-16_14-59-35.mp4", upstream: "https://[2a01:4f9:b000::1]:443/nesbyen/nesbyenlive01_2022-06-16_14-59-35.mp4", host: "localhost"
2025/10/16 11:34:27 [warn] 13#13: *207 upstream server temporarily disabled while connecting to upstream, client: 172.20.0.1, server: localhost, request: "GET /hls/nesbyen/nesbyenlive01_2022-06-16_14-59-35.mp4/segment-815-v1-a1.ts HTTP/1.1", subrequest: "/remote/hls/nesbyen/nesbyenlive01_2022-06-16_14-59-35.mp4", upstream: "https://[2a01:4f9:b000::1]:443/nesbyen/nesbyenlive01_2022-06-16_14-59-35.mp4", host: "localhost"
2025/10/16 11:34:28 [error] 12#12: *202 connect() to [2a01:4f9:b000::1]:443 failed (101: Network is unreachable) while connecting to upstream, client: 172.20.0.1, server: localhost, request: "GET /hls/nesbyen/nesbyenlive01_2022-06-16_14-59-35.mp4/segment-814-v1-a1.ts HTTP/1.1", subrequest: "/remote/hls/nesbyen/nesbyenlive01_2022-06-16_14-59-35.mp4", upstream: "https://[2a01:4f9:b000::1]:443/nesbyen/nesbyenlive01_2022-06-16_14-59-35.mp4", host: "localhost"
2025/10/16 11:34:28 [warn] 12#12: *202 upstream server temporarily disabled while connecting to upstream, client: 172.20.0.1, server: localhost, request: "GET /hls/nesbyen/nesbyenlive01_2022-06-16_14-59-35.mp4/segment-814-v1-a1.ts HTTP/1.1", subrequest: "/remote/hls/nesbyen/nesbyenlive01_2022-06-16_14-59-35.mp4", upstream: "https://[2a01:4f9:b000::1]:443/nesbyen/nesbyenlive01_2022-06-16_14-59-35.mp4", host: "localhost"
2025/10/16 11:34:28 [error] 13#13: *207 connect() to [2a01:4f9:b000::1]:443 failed (101: Network is unreachable) while connecting to upstream, client: 172.20.0.1, server: localhost, request: "GET /hls/nesbyen/nesbyenlive01_2022-06-16_14-59-35.mp4/segment-815-v1-a1.ts HTTP/1.1", subrequest: "/remote/hls/nesbyen/nesbyenlive01_2022-06-16_14-59-35.mp4", upstream: "https://[2a01:4f9:b000::1]:443/nesbyen/nesbyenlive01_2022-06-16_14-59-35.mp4", host: "localhost"
2025/10/16 11:34:28 [warn] 13#13: *207 upstream server temporarily disabled while connecting to upstream, client: 172.20.0.1, server: localhost, request: "GET /hls/nesbyen/nesbyenlive01_2022-06-16_14-59-35.mp4/segment-815-v1-a1.ts HTTP/1.1", subrequest: "/remote/hls/nesbyen/nesbyenlive01_2022-06-16_14-59-35.mp4", upstream: "https://[2a01:4f9:b000::1]:443/nesbyen/nesbyenlive01_2022-06-16_14-59-35.mp4", host: "localhost"
2025/10/16 11:34:28 [error] 13#13: *207 connect() to [2a01:4f9:b000::1]:443 failed (101: Network is unreachable) while connecting to upstream, client: 172.20.0.1, server: localhost, request: "GET /hls/nesbyen/nesbyenlive01_2022-06-16_14-59-35.mp4/segment-815-v1-a1.ts HTTP/1.1", subrequest: "/remote/hls/nesbyen/nesbyenlive01_2022-06-16_14-59-35.mp4", upstream: "https://[2a01:4f9:b000::1]:443/nesbyen/nesbyenlive01_2022-06-16_14-59-35.mp4", host: "localhost"
2025/10/16 11:34:28 [warn] 13#13: *207 upstream server temporarily disabled while connecting to upstream, client: 172.20.0.1, server: localhost, request: "GET /hls/nesbyen/nesbyenlive01_2022-06-16_14-59-35.mp4/segment-815-v1-a1.ts HTTP/1.1", subrequest: "/remote/hls/nesbyen/nesbyenlive01_2022-06-16_14-59-35.mp4", upstream: "https://[2a01:4f9:b000::1]:443/nesbyen/nesbyenlive01_2022-06-16_14-59-35.mp4", host: "localhost"
2025/10/16 11:34:28 [error] 12#12: *202 connect() to [2a01:4f9:b000::1]:443 failed (101: Network is unreachable) while connecting to upstream, client: 172.20.0.1, server: localhost, request: "GET /hls/nesbyen/nesbyenlive01_2022-06-16_14-59-35.mp4/segment-814-v1-a1.ts HTTP/1.1", subrequest: "/remote/hls/nesbyen/nesbyenlive01_2022-06-16_14-59-35.mp4", upstream: "https://[2a01:4f9:b000::1]:443/nesbyen/nesbyenlive01_2022-06-16_14-59-35.mp4", host: "localhost"
2025/10/16 11:34:28 [warn] 12#12: *202 upstream server temporarily disabled while connecting to upstream, client: 172.20.0.1, server: localhost, request: "GET /hls/nesbyen/nesbyenlive01_2022-06-16_14-59-35.mp4/segment-814-v1-a1.ts HTTP/1.1", subrequest: "/remote/hls/nesbyen/nesbyenlive01_2022-06-16_14-59-35.mp4", upstream: "https://[2a01:4f9:b000::1]:443/nesbyen/nesbyenlive01_2022-06-16_14-59-35.mp4", host: "localhost"
2025/10/16 11:34:28 [error] 12#12: *202 connect() to [2a01:4f9:b000::1]:443 failed (101: Network is unreachable) while connecting to upstream, client: 172.20.0.1, server: localhost, request: "GET /hls/nesbyen/nesbyenlive01_2022-06-16_14-59-35.mp4/segment-814-v1-a1.ts HTTP/1.1", subrequest: "/remote/hls/nesbyen/nesbyenlive01_2022-06-16_14-59-35.mp4", upstream: "https://[2a01:4f9:b000::1]:443/nesbyen/nesbyenlive01_2022-06-16_14-59-35.mp4", host: "localhost"
2025/10/16 11:34:28 [warn] 12#12: *202 upstream server temporarily disabled while connecting to upstream, client: 172.20.0.1, server: localhost, request: "GET /hls/nesbyen/nesbyenlive01_2022-06-16_14-59-35.mp4/segment-814-v1-a1.ts HTTP/1.1", subrequest: "/remote/hls/nesbyen/nesbyenlive01_2022-06-16_14-59-35.mp4", upstream: "https://[2a01:4f9:b000::1]:443/nesbyen/nesbyenlive01_2022-06-16_14-59-35.mp4", host: "localhost"
2025/10/16 11:34:28 [error] 13#13: *207 connect() to [2a01:4f9:b000::1]:443 failed (101: Network is unreachable) while connecting to upstream, client: 172.20.0.1, server: localhost, request: "GET /hls/nesbyen/nesbyenlive01_2022-06-16_14-59-35.mp4/segment-815-v1-a1.ts HTTP/1.1", subrequest: "/remote/hls/nesbyen/nesbyenlive01_2022-06-16_14-59-35.mp4", upstream: "https://[2a01:4f9:b000::1]:443/nesbyen/nesbyenlive01_2022-06-16_14-59-35.mp4", host: "localhost"
2025/10/16 11:34:28 [warn] 13#13: *207 upstream server temporarily disabled while connecting to upstream, client: 172.20.0.1, server: localhost, request: "GET /hls/nesbyen/nesbyenlive01_2022-06-16_14-59-35.mp4/segment-815-v1-a1.ts HTTP/1.1", subrequest: "/remote/hls/nesbyen/nesbyenlive01_2022-06-16_14-59-35.mp4", upstream: "https://[2a01:4f9:b000::1]:443/nesbyen/nesbyenlive01_2022-06-16_14-59-35.mp4", host: "localhost"
2025/10/16 11:34:28 [error] 13#13: *207 connect() to [2a01:4f9:b000::1]:443 failed (101: Network is unreachable) while connecting to upstream, client: 172.20.0.1, server: localhost, request: "GET /hls/nesbyen/nesbyenlive01_2022-06-16_14-59-35.mp4/segment-815-v1-a1.ts HTTP/1.1", subrequest: "/remote/hls/nesbyen/nesbyenlive01_2022-06-16_14-59-35.mp4", upstream: "https://[2a01:4f9:b000::1]:443/nesbyen/nesbyenlive01_2022-06-16_14-59-35.mp4", host: "localhost"
2025/10/16 11:34:28 [warn] 13#13: *207 upstream server temporarily disabled while connecting to upstream, client: 172.20.0.1, server: localhost, request: "GET /hls/nesbyen/nesbyenlive01_2022-06-16_14-59-35.mp4/segment-815-v1-a1.ts HTTP/1.1", subrequest: "/remote/hls/nesbyen/nesbyenlive01_2022-06-16_14-59-35.mp4", upstream: "https://[2a01:4f9:b000::1]:443/nesbyen/nesbyenlive01_2022-06-16_14-59-35.mp4", host: "localhost"
2025/10/16 11:34:28 [error] 12#12: *202 connect() to [2a01:4f9:b000::1]:443 failed (101: Network is unreachable) while connecting to upstream, client: 172.20.0.1, server: localhost, request: "GET /hls/nesbyen/nesbyenlive01_2022-06-16_14-59-35.mp4/segment-814-v1-a1.ts HTTP/1.1", subrequest: "/remote/hls/nesbyen/nesbyenlive01_2022-06-16_14-59-35.mp4", upstream: "https://[2a01:4f9:b000::1]:443/nesbyen/nesbyenlive01_2022-06-16_14-59-35.mp4", host: "localhost"
2025/10/16 11:34:28 [warn] 12#12: *202 upstream server temporarily disabled while connecting to upstream, client: 172.20.0.1, server: localhost, request: "GET /hls/nesbyen/nesbyenlive01_2022-06-16_14-59-35.mp4/segment-814-v1-a1.ts HTTP/1.1", subrequest: "/remote/hls/nesbyen/nesbyenlive01_2022-06-16_14-59-35.mp4", upstream: "https://[2a01:4f9:b000::1]:443/nesbyen/nesbyenlive01_2022-06-16_14-59-35.mp4", host: "localhost"
2025/10/16 11:34:28 [error] 12#12: *202 connect() to [2a01:4f9:b000::1]:443 failed (101: Network is unreachable) while connecting to upstream, client: 172.20.0.1, server: localhost, request: "GET /hls/nesbyen/nesbyenlive01_2022-06-16_14-59-35.mp4/segment-814-v1-a1.ts HTTP/1.1", subrequest: "/remote/hls/nesbyen/nesbyenlive01_2022-06-16_14-59-35.mp4", upstream: "https://[2a01:4f9:b000::1]:443/nesbyen/nesbyenlive01_2022-06-16_14-59-35.mp4", host: "localhost"
2025/10/16 11:34:28 [warn] 12#12: *202 upstream server temporarily disabled while connecting to upstream, client: 172.20.0.1, server: localhost, request: "GET /hls/nesbyen/nesbyenlive01_2022-06-16_14-59-35.mp4/segment-814-v1-a1.ts HTTP/1.1", subrequest: "/remote/hls/nesbyen/nesbyenlive01_2022-06-16_14-59-35.mp4", upstream: "https://[2a01:4f9:b000::1]:443/nesbyen/nesbyenlive01_2022-06-16_14-59-35.mp4", host: "localhost"
2025/10/16 11:34:29 [error] 12#12: *202 connect() to [2a01:4f9:b000::1]:443 failed (101: Network is unreachable) while connecting to upstream, client: 172.20.0.1, server: localhost, request: "GET /hls/nesbyen/nesbyenlive01_2022-06-16_14-59-35.mp4/segment-816-v1-a1.ts HTTP/1.1", subrequest: "/remote/hls/nesbyen/nesbyenlive01_2022-06-16_14-59-35.mp4", upstream: "https://[2a01:4f9:b000::1]:443/nesbyen/nesbyenlive01_2022-06-16_14-59-35.mp4", host: "localhost"
2025/10/16 11:34:29 [warn] 12#12: *202 upstream server temporarily disabled while connecting to upstream, client: 172.20.0.1, server: localhost, request: "GET /hls/nesbyen/nesbyenlive01_2022-06-16_14-59-35.mp4/segment-816-v1-a1.ts HTTP/1.1", subrequest: "/remote/hls/nesbyen/nesbyenlive01_2022-06-16_14-59-35.mp4", upstream: "https://[2a01:4f9:b000::1]:443/nesbyen/nesbyenlive01_2022-06-16_14-59-35.mp4", host: "localhost"
2025/10/16 11:34:30 [error] 13#13: *207 connect() to [2a01:4f9:b000::1]:443 failed (101: Network is unreachable) while connecting to upstream, client: 172.20.0.1, server: localhost, request: "GET /hls/nesbyen/nesbyenlive01_2022-06-16_14-59-35.mp4/segment-817-v1-a1.ts HTTP/1.1", subrequest: "/remote/hls/nesbyen/nesbyenlive01_2022-06-16_14-59-35.mp4", upstream: "https://[2a01:4f9:b000::1]:443/nesbyen/nesbyenlive01_2022-06-16_14-59-35.mp4", host: "localhost"
2025/10/16 11:34:30 [warn] 13#13: *207 upstream server temporarily disabled while connecting to upstream, client: 172.20.0.1, server: localhost, request: "GET /hls/nesbyen/nesbyenlive01_2022-06-16_14-59-35.mp4/segment-817-v1-a1.ts HTTP/1.1", subrequest: "/remote/hls/nesbyen/nesbyenlive01_2022-06-16_14-59-35.mp4", upstream: "https://[2a01:4f9:b000::1]:443/nesbyen/nesbyenlive01_2022-06-16_14-59-35.mp4", host: "localhost"
2025/10/16 11:34:30 [error] 12#12: *202 connect() to [2a01:4f9:b000::1]:443 failed (101: Network is unreachable) while connecting to upstream, client: 172.20.0.1, server: localhost, request: "GET /hls/nesbyen/nesbyenlive01_2022-06-16_14-59-35.mp4/segment-816-v1-a1.ts HTTP/1.1", subrequest: "/remote/hls/nesbyen/nesbyenlive01_2022-06-16_14-59-35.mp4", upstream: "https://[2a01:4f9:b000::1]:443/nesbyen/nesbyenlive01_2022-06-16_14-59-35.mp4", host: "localhost"
2025/10/16 11:34:30 [warn] 12#12: *202 upstream server temporarily disabled while connecting to upstream, client: 172.20.0.1, server: localhost, request: "GET /hls/nesbyen/nesbyenlive01_2022-06-16_14-59-35.mp4/segment-816-v1-a1.ts HTTP/1.1", subrequest: "/remote/hls/nesbyen/nesbyenlive01_2022-06-16_14-59-35.mp4", upstream: "https://[2a01:4f9:b000::1]:443/nesbyen/nesbyenlive01_2022-06-16_14-59-35.mp4", host: "localhost"
2025/10/16 11:34:30 [error] 12#12: *202 connect() to [2a01:4f9:b000::1]:443 failed (101: Network is unreachable) while connecting to upstream, client: 172.20.0.1, server: localhost, request: "GET /hls/nesbyen/nesbyenlive01_2022-06-16_14-59-35.mp4/segment-816-v1-a1.ts HTTP/1.1", subrequest: "/remote/hls/nesbyen/nesbyenlive01_2022-06-16_14-59-35.mp4", upstream: "https://[2a01:4f9:b000::1]:443/nesbyen/nesbyenlive01_2022-06-16_14-59-35.mp4", host: "localhost"
2025/10/16 11:34:30 [warn] 12#12: *202 upstream server temporarily disabled while connecting to upstream, client: 172.20.0.1, server: localhost, request: "GET /hls/nesbyen/nesbyenlive01_2022-06-16_14-59-35.mp4/segment-816-v1-a1.ts HTTP/1.1", subrequest: "/remote/hls/nesbyen/nesbyenlive01_2022-06-16_14-59-35.mp4", upstream: "https://[2a01:4f9:b000::1]:443/nesbyen/nesbyenlive01_2022-06-16_14-59-35.mp4", host: "localhost"
2025/10/16 11:34:30 [error] 12#12: *202 connect() to [2a01:4f9:b000::1]:443 failed (101: Network is unreachable) while connecting to upstream, client: 172.20.0.1, server: localhost, request: "GET /hls/nesbyen/nesbyenlive01_2022-06-16_14-59-35.mp4/segment-816-v1-a1.ts HTTP/1.1", subrequest: "/remote/hls/nesbyen/nesbyenlive01_2022-06-16_14-59-35.mp4", upstream: "https://[2a01:4f9:b000::1]:443/nesbyen/nesbyenlive01_2022-06-16_14-59-35.mp4", host: "localhost"
2025/10/16 11:34:30 [warn] 12#12: *202 upstream server temporarily disabled while connecting to upstream, client: 172.20.0.1, server: localhost, request: "GET /hls/nesbyen/nesbyenlive01_2022-06-16_14-59-35.mp4/segment-816-v1-a1.ts HTTP/1.1", subrequest: "/remote/hls/nesbyen/nesbyenlive01_2022-06-16_14-59-35.mp4", upstream: "https://[2a01:4f9:b000::1]:443/nesbyen/nesbyenlive01_2022-06-16_14-59-35.mp4", host: "localhost"
2025/10/16 11:34:30 [error] 13#13: *207 connect() to [2a01:4f9:b000::1]:443 failed (101: Network is unreachable) while connecting to upstream, client: 172.20.0.1, server: localhost, request: "GET /hls/nesbyen/nesbyenlive01_2022-06-16_14-59-35.mp4/segment-817-v1-a1.ts HTTP/1.1", subrequest: "/remote/hls/nesbyen/nesbyenlive01_2022-06-16_14-59-35.mp4", upstream: "https://[2a01:4f9:b000::1]:443/nesbyen/nesbyenlive01_2022-06-16_14-59-35.mp4", host: "localhost"
2025/10/16 11:34:30 [warn] 13#13: *207 upstream server temporarily disabled while connecting to upstream, client: 172.20.0.1, server: localhost, request: "GET /hls/nesbyen/nesbyenlive01_2022-06-16_14-59-35.mp4/segment-817-v1-a1.ts HTTP/1.1", subrequest: "/remote/hls/nesbyen/nesbyenlive01_2022-06-16_14-59-35.mp4", upstream: "https://[2a01:4f9:b000::1]:443/nesbyen/nesbyenlive01_2022-06-16_14-59-35.mp4", host: "localhost"
2025/10/16 11:34:30 [error] 13#13: *207 connect() to [2a01:4f9:b000::1]:443 failed (101: Network is unreachable) while connecting to upstream, client: 172.20.0.1, server: localhost, request: "GET /hls/nesbyen/nesbyenlive01_2022-06-16_14-59-35.mp4/segment-817-v1-a1.ts HTTP/1.1", subrequest: "/remote/hls/nesbyen/nesbyenlive01_2022-06-16_14-59-35.mp4", upstream: "https://[2a01:4f9:b000::1]:443/nesbyen/nesbyenlive01_2022-06-16_14-59-35.mp4", host: "localhost"
2025/10/16 11:34:30 [warn] 13#13: *207 upstream server temporarily disabled while connecting to upstream, client: 172.20.0.1, server: localhost, request: "GET /hls/nesbyen/nesbyenlive01_2022-06-16_14-59-35.mp4/segment-817-v1-a1.ts HTTP/1.1", subrequest: "/remote/hls/nesbyen/nesbyenlive01_2022-06-16_14-59-35.mp4", upstream: "https://[2a01:4f9:b000::1]:443/nesbyen/nesbyenlive01_2022-06-16_14-59-35.mp4", host: "localhost"
2025/10/16 11:34:30 [error] 12#12: *202 connect() to [2a01:4f9:b000::1]:443 failed (101: Network is unreachable) while connecting to upstream, client: 172.20.0.1, server: localhost, request: "GET /hls/nesbyen/nesbyenlive01_2022-06-16_14-59-35.mp4/segment-816-v1-a1.ts HTTP/1.1", subrequest: "/remote/hls/nesbyen/nesbyenlive01_2022-06-16_14-59-35.mp4", upstream: "https://[2a01:4f9:b000::1]:443/nesbyen/nesbyenlive01_2022-06-16_14-59-35.mp4", host: "localhost"
2025/10/16 11:34:30 [warn] 12#12: *202 upstream server temporarily disabled while connecting to upstream, client: 172.20.0.1, server: localhost, request: "GET /hls/nesbyen/nesbyenlive01_2022-06-16_14-59-35.mp4/segment-816-v1-a1.ts HTTP/1.1", subrequest: "/remote/hls/nesbyen/nesbyenlive01_2022-06-16_14-59-35.mp4", upstream: "https://[2a01:4f9:b000::1]:443/nesbyen/nesbyenlive01_2022-06-16_14-59-35.mp4", host: "localhost"
2025/10/16 11:34:31 [error] 12#12: *202 connect() to [2a01:4f9:b000::1]:443 failed (101: Network is unreachable) while connecting to upstream, client: 172.20.0.1, server: localhost, request: "GET /hls/nesbyen/nesbyenlive01_2022-06-16_14-59-35.mp4/segment-816-v1-a1.ts HTTP/1.1", subrequest: "/remote/hls/nesbyen/nesbyenlive01_2022-06-16_14-59-35.mp4", upstream: "https://[2a01:4f9:b000::1]:443/nesbyen/nesbyenlive01_2022-06-16_14-59-35.mp4", host: "localhost"
2025/10/16 11:34:31 [warn] 12#12: *202 upstream server temporarily disabled while connecting to upstream, client: 172.20.0.1, server: localhost, request: "GET /hls/nesbyen/nesbyenlive01_2022-06-16_14-59-35.mp4/segment-816-v1-a1.ts HTTP/1.1", subrequest: "/remote/hls/nesbyen/nesbyenlive01_2022-06-16_14-59-35.mp4", upstream: "https://[2a01:4f9:b000::1]:443/nesbyen/nesbyenlive01_2022-06-16_14-59-35.mp4", host: "localhost"
2025/10/16 11:34:31 [info] 13#13: *207 epoll_wait() reported that client prematurely closed connection, so upstream connection is closed too while reading response header from upstream, client: 172.20.0.1, server: localhost, request: "GET /hls/nesbyen/nesbyenlive01_2022-06-16_14-59-35.mp4/segment-817-v1-a1.ts HTTP/1.1", subrequest: "/remote/hls/nesbyen/nesbyenlive01_2022-06-16_14-59-35.mp4", upstream: "https://37.27.175.128:443/nesbyen/nesbyenlive01_2022-06-16_14-59-35.mp4", host: "localhost"
2025/10/16 11:34:31 [info] 12#12: *202 client 172.20.0.1 closed keepalive connection
2025/10/16 11:34:31 [info] 9#9: *8 client 172.20.0.1 closed keepalive connection
2025/10/16 11:34:40 [error] 17#17: *270 connect() to [2a01:4f9:b000::1]:443 failed (101: Network is unreachable) while connecting to upstream, client: 172.20.0.1, server: localhost, request: "GET /hls/nesbyen/nesbyenlive01_2022-06-16_14-59-35.mp4/segment-1-v1-a1.ts HTTP/1.1", subrequest: "/remote/hls/nesbyen/nesbyenlive01_2022-06-16_14-59-35.mp4", upstream: "https://[2a01:4f9:b000::1]:443/nesbyen/nesbyenlive01_2022-06-16_14-59-35.mp4", host: "localhost"
2025/10/16 11:34:40 [warn] 17#17: *270 upstream server temporarily disabled while connecting to upstream, client: 172.20.0.1, server: localhost, request: "GET /hls/nesbyen/nesbyenlive01_2022-06-16_14-59-35.mp4/segment-1-v1-a1.ts HTTP/1.1", subrequest: "/remote/hls/nesbyen/nesbyenlive01_2022-06-16_14-59-35.mp4", upstream: "https://[2a01:4f9:b000::1]:443/nesbyen/nesbyenlive01_2022-06-16_14-59-35.mp4", host: "localhost"
2025/10/16 11:34:40 [error] 17#17: *270 connect() to [2a01:4f9:b000::1]:443 failed (101: Network is unreachable) while connecting to upstream, client: 172.20.0.1, server: localhost, request: "GET /hls/nesbyen/nesbyenlive01_2022-06-16_14-59-35.mp4/segment-1-v1-a1.ts HTTP/1.1", subrequest: "/remote/hls/nesbyen/nesbyenlive01_2022-06-16_14-59-35.mp4", upstream: "https://[2a01:4f9:b000::1]:443/nesbyen/nesbyenlive01_2022-06-16_14-59-35.mp4", host: "localhost"
2025/10/16 11:34:40 [warn] 17#17: *270 upstream server temporarily disabled while connecting to upstream, client: 172.20.0.1, server: localhost, request: "GET /hls/nesbyen/nesbyenlive01_2022-06-16_14-59-35.mp4/segment-1-v1-a1.ts HTTP/1.1", subrequest: "/remote/hls/nesbyen/nesbyenlive01_2022-06-16_14-59-35.mp4", upstream: "https://[2a01:4f9:b000::1]:443/nesbyen/nesbyenlive01_2022-06-16_14-59-35.mp4", host: "localhost"
2025/10/16 11:34:40 [error] 18#18: *275 connect() to [2a01:4f9:b000::1]:443 failed (101: Network is unreachable) while connecting to upstream, client: 172.20.0.1, server: localhost, request: "GET /hls/nesbyen/nesbyenlive01_2022-06-16_14-59-35.mp4/segment-2-v1-a1.ts HTTP/1.1", subrequest: "/remote/hls/nesbyen/nesbyenlive01_2022-06-16_14-59-35.mp4", upstream: "https://[2a01:4f9:b000::1]:443/nesbyen/nesbyenlive01_2022-06-16_14-59-35.mp4", host: "localhost"
2025/10/16 11:34:40 [warn] 18#18: *275 upstream server temporarily disabled while connecting to upstream, client: 172.20.0.1, server: localhost, request: "GET /hls/nesbyen/nesbyenlive01_2022-06-16_14-59-35.mp4/segment-2-v1-a1.ts HTTP/1.1", subrequest: "/remote/hls/nesbyen/nesbyenlive01_2022-06-16_14-59-35.mp4", upstream: "https://[2a01:4f9:b000::1]:443/nesbyen/nesbyenlive01_2022-06-16_14-59-35.mp4", host: "localhost"
2025/10/16 11:34:41 [error] 17#17: *270 connect() to [2a01:4f9:b000::1]:443 failed (101: Network is unreachable) while connecting to upstream, client: 172.20.0.1, server: localhost, request: "GET /hls/nesbyen/nesbyenlive01_2022-06-16_14-59-35.mp4/segment-1-v1-a1.ts HTTP/1.1", subrequest: "/remote/hls/nesbyen/nesbyenlive01_2022-06-16_14-59-35.mp4", upstream: "https://[2a01:4f9:b000::1]:443/nesbyen/nesbyenlive01_2022-06-16_14-59-35.mp4", host: "localhost"
2025/10/16 11:34:41 [warn] 17#17: *270 upstream server temporarily disabled while connecting to upstream, client: 172.20.0.1, server: localhost, request: "GET /hls/nesbyen/nesbyenlive01_2022-06-16_14-59-35.mp4/segment-1-v1-a1.ts HTTP/1.1", subrequest: "/remote/hls/nesbyen/nesbyenlive01_2022-06-16_14-59-35.mp4", upstream: "https://[2a01:4f9:b000::1]:443/nesbyen/nesbyenlive01_2022-06-16_14-59-35.mp4", host: "localhost"
2025/10/16 11:34:41 [error] 17#17: *270 connect() to [2a01:4f9:b000::1]:443 failed (101: Network is unreachable) while connecting to upstream, client: 172.20.0.1, server: localhost, request: "GET /hls/nesbyen/nesbyenlive01_2022-06-16_14-59-35.mp4/segment-1-v1-a1.ts HTTP/1.1", subrequest: "/remote/hls/nesbyen/nesbyenlive01_2022-06-16_14-59-35.mp4", upstream: "https://[2a01:4f9:b000::1]:443/nesbyen/nesbyenlive01_2022-06-16_14-59-35.mp4", host: "localhost"
2025/10/16 11:34:41 [warn] 17#17: *270 upstream server temporarily disabled while connecting to upstream, client: 172.20.0.1, server: localhost, request: "GET /hls/nesbyen/nesbyenlive01_2022-06-16_14-59-35.mp4/segment-1-v1-a1.ts HTTP/1.1", subrequest: "/remote/hls/nesbyen/nesbyenlive01_2022-06-16_14-59-35.mp4", upstream: "https://[2a01:4f9:b000::1]:443/nesbyen/nesbyenlive01_2022-06-16_14-59-35.mp4", host: "localhost"
2025/10/16 11:34:41 [error] 18#18: *275 connect() to [2a01:4f9:b000::1]:443 failed (101: Network is unreachable) while connecting to upstream, client: 172.20.0.1, server: localhost, request: "GET /hls/nesbyen/nesbyenlive01_2022-06-16_14-59-35.mp4/segment-2-v1-a1.ts HTTP/1.1", subrequest: "/remote/hls/nesbyen/nesbyenlive01_2022-06-16_14-59-35.mp4", upstream: "https://[2a01:4f9:b000::1]:443/nesbyen/nesbyenlive01_2022-06-16_14-59-35.mp4", host: "localhost"
2025/10/16 11:34:41 [warn] 18#18: *275 upstream server temporarily disabled while connecting to upstream, client: 172.20.0.1, server: localhost, request: "GET /hls/nesbyen/nesbyenlive01_2022-06-16_14-59-35.mp4/segment-2-v1-a1.ts HTTP/1.1", subrequest: "/remote/hls/nesbyen/nesbyenlive01_2022-06-16_14-59-35.mp4", upstream: "https://[2a01:4f9:b000::1]:443/nesbyen/nesbyenlive01_2022-06-16_14-59-35.mp4", host: "localhost"
2025/10/16 11:34:41 [error] 18#18: *275 connect() to [2a01:4f9:b000::1]:443 failed (101: Network is unreachable) while connecting to upstream, client: 172.20.0.1, server: localhost, request: "GET /hls/nesbyen/nesbyenlive01_2022-06-16_14-59-35.mp4/segment-2-v1-a1.ts HTTP/1.1", subrequest: "/remote/hls/nesbyen/nesbyenlive01_2022-06-16_14-59-35.mp4", upstream: "https://[2a01:4f9:b000::1]:443/nesbyen/nesbyenlive01_2022-06-16_14-59-35.mp4", host: "localhost"
2025/10/16 11:34:41 [warn] 18#18: *275 upstream server temporarily disabled while connecting to upstream, client: 172.20.0.1, server: localhost, request: "GET /hls/nesbyen/nesbyenlive01_2022-06-16_14-59-35.mp4/segment-2-v1-a1.ts HTTP/1.1", subrequest: "/remote/hls/nesbyen/nesbyenlive01_2022-06-16_14-59-35.mp4", upstream: "https://[2a01:4f9:b000::1]:443/nesbyen/nesbyenlive01_2022-06-16_14-59-35.mp4", host: "localhost"
2025/10/16 11:34:41 [error] 17#17: *270 connect() to [2a01:4f9:b000::1]:443 failed (101: Network is unreachable) while connecting to upstream, client: 172.20.0.1, server: localhost, request: "GET /hls/nesbyen/nesbyenlive01_2022-06-16_14-59-35.mp4/segment-1-v1-a1.ts HTTP/1.1", subrequest: "/remote/hls/nesbyen/nesbyenlive01_2022-06-16_14-59-35.mp4", upstream: "https://[2a01:4f9:b000::1]:443/nesbyen/nesbyenlive01_2022-06-16_14-59-35.mp4", host: "localhost"
2025/10/16 11:34:41 [warn] 17#17: *270 upstream server temporarily disabled while connecting to upstream, client: 172.20.0.1, server: localhost, request: "GET /hls/nesbyen/nesbyenlive01_2022-06-16_14-59-35.mp4/segment-1-v1-a1.ts HTTP/1.1", subrequest: "/remote/hls/nesbyen/nesbyenlive01_2022-06-16_14-59-35.mp4", upstream: "https://[2a01:4f9:b000::1]:443/nesbyen/nesbyenlive01_2022-06-16_14-59-35.mp4", host: "localhost"
2025/10/16 11:34:42 [error] 17#17: *270 connect() to [2a01:4f9:b000::1]:443 failed (101: Network is unreachable) while connecting to upstream, client: 172.20.0.1, server: localhost, request: "GET /hls/nesbyen/nesbyenlive01_2022-06-16_14-59-35.mp4/segment-1-v1-a1.ts HTTP/1.1", subrequest: "/remote/hls/nesbyen/nesbyenlive01_2022-06-16_14-59-35.mp4", upstream: "https://[2a01:4f9:b000::1]:443/nesbyen/nesbyenlive01_2022-06-16_14-59-35.mp4", host: "localhost"
2025/10/16 11:34:42 [warn] 17#17: *270 upstream server temporarily disabled while connecting to upstream, client: 172.20.0.1, server: localhost, request: "GET /hls/nesbyen/nesbyenlive01_2022-06-16_14-59-35.mp4/segment-1-v1-a1.ts HTTP/1.1", subrequest: "/remote/hls/nesbyen/nesbyenlive01_2022-06-16_14-59-35.mp4", upstream: "https://[2a01:4f9:b000::1]:443/nesbyen/nesbyenlive01_2022-06-16_14-59-35.mp4", host: "localhost"
2025/10/16 11:34:42 [error] 18#18: *275 connect() to [2a01:4f9:b000::1]:443 failed (101: Network is unreachable) while connecting to upstream, client: 172.20.0.1, server: localhost, request: "GET /hls/nesbyen/nesbyenlive01_2022-06-16_14-59-35.mp4/segment-2-v1-a1.ts HTTP/1.1", subrequest: "/remote/hls/nesbyen/nesbyenlive01_2022-06-16_14-59-35.mp4", upstream: "https://[2a01:4f9:b000::1]:443/nesbyen/nesbyenlive01_2022-06-16_14-59-35.mp4", host: "localhost"
2025/10/16 11:34:42 [warn] 18#18: *275 upstream server temporarily disabled while connecting to upstream, client: 172.20.0.1, server: localhost, request: "GET /hls/nesbyen/nesbyenlive01_2022-06-16_14-59-35.mp4/segment-2-v1-a1.ts HTTP/1.1", subrequest: "/remote/hls/nesbyen/nesbyenlive01_2022-06-16_14-59-35.mp4", upstream: "https://[2a01:4f9:b000::1]:443/nesbyen/nesbyenlive01_2022-06-16_14-59-35.mp4", host: "localhost"
2025/10/16 11:34:42 [error] 18#18: *275 connect() to [2a01:4f9:b000::1]:443 failed (101: Network is unreachable) while connecting to upstream, client: 172.20.0.1, server: localhost, request: "GET /hls/nesbyen/nesbyenlive01_2022-06-16_14-59-35.mp4/segment-2-v1-a1.ts HTTP/1.1", subrequest: "/remote/hls/nesbyen/nesbyenlive01_2022-06-16_14-59-35.mp4", upstream: "https://[2a01:4f9:b000::1]:443/nesbyen/nesbyenlive01_2022-06-16_14-59-35.mp4", host: "localhost"
2025/10/16 11:34:42 [warn] 18#18: *275 upstream server temporarily disabled while connecting to upstream, client: 172.20.0.1, server: localhost, request: "GET /hls/nesbyen/nesbyenlive01_2022-06-16_14-59-35.mp4/segment-2-v1-a1.ts HTTP/1.1", subrequest: "/remote/hls/nesbyen/nesbyenlive01_2022-06-16_14-59-35.mp4", upstream: "https://[2a01:4f9:b000::1]:443/nesbyen/nesbyenlive01_2022-06-16_14-59-35.mp4", host: "localhost"
2025/10/16 11:34:42 [error] 17#17: *270 connect() to [2a01:4f9:b000::1]:443 failed (101: Network is unreachable) while connecting to upstream, client: 172.20.0.1, server: localhost, request: "GET /hls/nesbyen/nesbyenlive01_2022-06-16_14-59-35.mp4/segment-3-v1-a1.ts HTTP/1.1", subrequest: "/remote/hls/nesbyen/nesbyenlive01_2022-06-16_14-59-35.mp4", upstream: "https://[2a01:4f9:b000::1]:443/nesbyen/nesbyenlive01_2022-06-16_14-59-35.mp4", host: "localhost"
2025/10/16 11:34:42 [warn] 17#17: *270 upstream server temporarily disabled while connecting to upstream, client: 172.20.0.1, server: localhost, request: "GET /hls/nesbyen/nesbyenlive01_2022-06-16_14-59-35.mp4/segment-3-v1-a1.ts HTTP/1.1", subrequest: "/remote/hls/nesbyen/nesbyenlive01_2022-06-16_14-59-35.mp4", upstream: "https://[2a01:4f9:b000::1]:443/nesbyen/nesbyenlive01_2022-06-16_14-59-35.mp4", host: "localhost"
2025/10/16 11:34:42 [error] 18#18: *275 connect() to [2a01:4f9:b000::1]:443 failed (101: Network is unreachable) while connecting to upstream, client: 172.20.0.1, server: localhost, request: "GET /hls/nesbyen/nesbyenlive01_2022-06-16_14-59-35.mp4/segment-2-v1-a1.ts HTTP/1.1", subrequest: "/remote/hls/nesbyen/nesbyenlive01_2022-06-16_14-59-35.mp4", upstream: "https://[2a01:4f9:b000::1]:443/nesbyen/nesbyenlive01_2022-06-16_14-59-35.mp4", host: "localhost"
2025/10/16 11:34:42 [warn] 18#18: *275 upstream server temporarily disabled while connecting to upstream, client: 172.20.0.1, server: localhost, request: "GET /hls/nesbyen/nesbyenlive01_2022-06-16_14-59-35.mp4/segment-2-v1-a1.ts HTTP/1.1", subrequest: "/remote/hls/nesbyen/nesbyenlive01_2022-06-16_14-59-35.mp4", upstream: "https://[2a01:4f9:b000::1]:443/nesbyen/nesbyenlive01_2022-06-16_14-59-35.mp4", host: "localhost"
2025/10/16 11:34:43 [error] 17#17: *270 connect() to [2a01:4f9:b000::1]:443 failed (101: Network is unreachable) while connecting to upstream, client: 172.20.0.1, server: localhost, request: "GET /hls/nesbyen/nesbyenlive01_2022-06-16_14-59-35.mp4/segment-3-v1-a1.ts HTTP/1.1", subrequest: "/remote/hls/nesbyen/nesbyenlive01_2022-06-16_14-59-35.mp4", upstream: "https://[2a01:4f9:b000::1]:443/nesbyen/nesbyenlive01_2022-06-16_14-59-35.mp4", host: "localhost"
2025/10/16 11:34:43 [warn] 17#17: *270 upstream server temporarily disabled while connecting to upstream, client: 172.20.0.1, server: localhost, request: "GET /hls/nesbyen/nesbyenlive01_2022-06-16_14-59-35.mp4/segment-3-v1-a1.ts HTTP/1.1", subrequest: "/remote/hls/nesbyen/nesbyenlive01_2022-06-16_14-59-35.mp4", upstream: "https://[2a01:4f9:b000::1]:443/nesbyen/nesbyenlive01_2022-06-16_14-59-35.mp4", host: "localhost"
2025/10/16 11:34:43 [error] 18#18: *275 connect() to [2a01:4f9:b000::1]:443 failed (101: Network is unreachable) while connecting to upstream, client: 172.20.0.1, server: localhost, request: "GET /hls/nesbyen/nesbyenlive01_2022-06-16_14-59-35.mp4/segment-2-v1-a1.ts HTTP/1.1", subrequest: "/remote/hls/nesbyen/nesbyenlive01_2022-06-16_14-59-35.mp4", upstream: "https://[2a01:4f9:b000::1]:443/nesbyen/nesbyenlive01_2022-06-16_14-59-35.mp4", host: "localhost"
2025/10/16 11:34:43 [warn] 18#18: *275 upstream server temporarily disabled while connecting to upstream, client: 172.20.0.1, server: localhost, request: "GET /hls/nesbyen/nesbyenlive01_2022-06-16_14-59-35.mp4/segment-2-v1-a1.ts HTTP/1.1", subrequest: "/remote/hls/nesbyen/nesbyenlive01_2022-06-16_14-59-35.mp4", upstream: "https://[2a01:4f9:b000::1]:443/nesbyen/nesbyenlive01_2022-06-16_14-59-35.mp4", host: "localhost"
2025/10/16 11:34:43 [error] 18#18: *275 connect() to [2a01:4f9:b000::1]:443 failed (101: Network is unreachable) while connecting to upstream, client: 172.20.0.1, server: localhost, request: "GET /hls/nesbyen/nesbyenlive01_2022-06-16_14-59-35.mp4/segment-2-v1-a1.ts HTTP/1.1", subrequest: "/remote/hls/nesbyen/nesbyenlive01_2022-06-16_14-59-35.mp4", upstream: "https://[2a01:4f9:b000::1]:443/nesbyen/nesbyenlive01_2022-06-16_14-59-35.mp4", host: "localhost"
2025/10/16 11:34:43 [warn] 18#18: *275 upstream server temporarily disabled while connecting to upstream, client: 172.20.0.1, server: localhost, request: "GET /hls/nesbyen/nesbyenlive01_2022-06-16_14-59-35.mp4/segment-2-v1-a1.ts HTTP/1.1", subrequest: "/remote/hls/nesbyen/nesbyenlive01_2022-06-16_14-59-35.mp4", upstream: "https://[2a01:4f9:b000::1]:443/nesbyen/nesbyenlive01_2022-06-16_14-59-35.mp4", host: "localhost"
2025/10/16 11:34:43 [error] 17#17: *270 connect() to [2a01:4f9:b000::1]:443 failed (101: Network is unreachable) while connecting to upstream, client: 172.20.0.1, server: localhost, request: "GET /hls/nesbyen/nesbyenlive01_2022-06-16_14-59-35.mp4/segment-3-v1-a1.ts HTTP/1.1", subrequest: "/remote/hls/nesbyen/nesbyenlive01_2022-06-16_14-59-35.mp4", upstream: "https://[2a01:4f9:b000::1]:443/nesbyen/nesbyenlive01_2022-06-16_14-59-35.mp4", host: "localhost"
2025/10/16 11:34:43 [warn] 17#17: *270 upstream server temporarily disabled while connecting to upstream, client: 172.20.0.1, server: localhost, request: "GET /hls/nesbyen/nesbyenlive01_2022-06-16_14-59-35.mp4/segment-3-v1-a1.ts HTTP/1.1", subrequest: "/remote/hls/nesbyen/nesbyenlive01_2022-06-16_14-59-35.mp4", upstream: "https://[2a01:4f9:b000::1]:443/nesbyen/nesbyenlive01_2022-06-16_14-59-35.mp4", host: "localhost"
2025/10/16 11:34:43 [error] 17#17: *270 connect() to [2a01:4f9:b000::1]:443 failed (101: Network is unreachable) while connecting to upstream, client: 172.20.0.1, server: localhost, request: "GET /hls/nesbyen/nesbyenlive01_2022-06-16_14-59-35.mp4/segment-3-v1-a1.ts HTTP/1.1", subrequest: "/remote/hls/nesbyen/nesbyenlive01_2022-06-16_14-59-35.mp4", upstream: "https://[2a01:4f9:b000::1]:443/nesbyen/nesbyenlive01_2022-06-16_14-59-35.mp4", host: "localhost"
2025/10/16 11:34:43 [warn] 17#17: *270 upstream server temporarily disabled while connecting to upstream, client: 172.20.0.1, server: localhost, request: "GET /hls/nesbyen/nesbyenlive01_2022-06-16_14-59-35.mp4/segment-3-v1-a1.ts HTTP/1.1", subrequest: "/remote/hls/nesbyen/nesbyenlive01_2022-06-16_14-59-35.mp4", upstream: "https://[2a01:4f9:b000::1]:443/nesbyen/nesbyenlive01_2022-06-16_14-59-35.mp4", host: "localhost"
2025/10/16 11:34:44 [error] 17#17: *270 connect() to [2a01:4f9:b000::1]:443 failed (101: Network is unreachable) while connecting to upstream, client: 172.20.0.1, server: localhost, request: "GET /hls/nesbyen/nesbyenlive01_2022-06-16_14-59-35.mp4/segment-3-v1-a1.ts HTTP/1.1", subrequest: "/remote/hls/nesbyen/nesbyenlive01_2022-06-16_14-59-35.mp4", upstream: "https://[2a01:4f9:b000::1]:443/nesbyen/nesbyenlive01_2022-06-16_14-59-35.mp4", host: "localhost"
2025/10/16 11:34:44 [warn] 17#17: *270 upstream server temporarily disabled while connecting to upstream, client: 172.20.0.1, server: localhost, request: "GET /hls/nesbyen/nesbyenlive01_2022-06-16_14-59-35.mp4/segment-3-v1-a1.ts HTTP/1.1", subrequest: "/remote/hls/nesbyen/nesbyenlive01_2022-06-16_14-59-35.mp4", upstream: "https://[2a01:4f9:b000::1]:443/nesbyen/nesbyenlive01_2022-06-16_14-59-35.mp4", host: "localhost"
2025/10/16 11:34:44 [error] 17#17: *270 connect() to [2a01:4f9:b000::1]:443 failed (101: Network is unreachable) while connecting to upstream, client: 172.20.0.1, server: localhost, request: "GET /hls/nesbyen/nesbyenlive01_2022-06-16_14-59-35.mp4/segment-3-v1-a1.ts HTTP/1.1", subrequest: "/remote/hls/nesbyen/nesbyenlive01_2022-06-16_14-59-35.mp4", upstream: "https://[2a01:4f9:b000::1]:443/nesbyen/nesbyenlive01_2022-06-16_14-59-35.mp4", host: "localhost"
2025/10/16 11:34:44 [warn] 17#17: *270 upstream server temporarily disabled while connecting to upstream, client: 172.20.0.1, server: localhost, request: "GET /hls/nesbyen/nesbyenlive01_2022-06-16_14-59-35.mp4/segment-3-v1-a1.ts HTTP/1.1", subrequest: "/remote/hls/nesbyen/nesbyenlive01_2022-06-16_14-59-35.mp4", upstream: "https://[2a01:4f9:b000::1]:443/nesbyen/nesbyenlive01_2022-06-16_14-59-35.mp4", host: "localhost"
2025/10/16 11:34:44 [error] 18#18: *275 connect() to [2a01:4f9:b000::1]:443 failed (101: Network is unreachable) while connecting to upstream, client: 172.20.0.1, server: localhost, request: "GET /hls/nesbyen/nesbyenlive01_2022-06-16_14-59-35.mp4/segment-4-v1-a1.ts HTTP/1.1", subrequest: "/remote/hls/nesbyen/nesbyenlive01_2022-06-16_14-59-35.mp4", upstream: "https://[2a01:4f9:b000::1]:443/nesbyen/nesbyenlive01_2022-06-16_14-59-35.mp4", host: "localhost"
2025/10/16 11:34:44 [warn] 18#18: *275 upstream server temporarily disabled while connecting to upstream, client: 172.20.0.1, server: localhost, request: "GET /hls/nesbyen/nesbyenlive01_2022-06-16_14-59-35.mp4/segment-4-v1-a1.ts HTTP/1.1", subrequest: "/remote/hls/nesbyen/nesbyenlive01_2022-06-16_14-59-35.mp4", upstream: "https://[2a01:4f9:b000::1]:443/nesbyen/nesbyenlive01_2022-06-16_14-59-35.mp4", host: "localhost"
2025/10/16 11:34:44 [error] 18#18: *275 connect() to [2a01:4f9:b000::1]:443 failed (101: Network is unreachable) while connecting to upstream, client: 172.20.0.1, server: localhost, request: "GET /hls/nesbyen/nesbyenlive01_2022-06-16_14-59-35.mp4/segment-4-v1-a1.ts HTTP/1.1", subrequest: "/remote/hls/nesbyen/nesbyenlive01_2022-06-16_14-59-35.mp4", upstream: "https://[2a01:4f9:b000::1]:443/nesbyen/nesbyenlive01_2022-06-16_14-59-35.mp4", host: "localhost"
2025/10/16 11:34:44 [warn] 18#18: *275 upstream server temporarily disabled while connecting to upstream, client: 172.20.0.1, server: localhost, request: "GET /hls/nesbyen/nesbyenlive01_2022-06-16_14-59-35.mp4/segment-4-v1-a1.ts HTTP/1.1", subrequest: "/remote/hls/nesbyen/nesbyenlive01_2022-06-16_14-59-35.mp4", upstream: "https://[2a01:4f9:b000::1]:443/nesbyen/nesbyenlive01_2022-06-16_14-59-35.mp4", host: "localhost"
2025/10/16 11:34:44 [error] 18#18: *275 connect() to [2a01:4f9:b000::1]:443 failed (101: Network is unreachable) while connecting to upstream, client: 172.20.0.1, server: localhost, request: "GET /hls/nesbyen/nesbyenlive01_2022-06-16_14-59-35.mp4/segment-4-v1-a1.ts HTTP/1.1", subrequest: "/remote/hls/nesbyen/nesbyenlive01_2022-06-16_14-59-35.mp4", upstream: "https://[2a01:4f9:b000::1]:443/nesbyen/nesbyenlive01_2022-06-16_14-59-35.mp4", host: "localhost"
2025/10/16 11:34:44 [warn] 18#18: *275 upstream server temporarily disabled while connecting to upstream, client: 172.20.0.1, server: localhost, request: "GET /hls/nesbyen/nesbyenlive01_2022-06-16_14-59-35.mp4/segment-4-v1-a1.ts HTTP/1.1", subrequest: "/remote/hls/nesbyen/nesbyenlive01_2022-06-16_14-59-35.mp4", upstream: "https://[2a01:4f9:b000::1]:443/nesbyen/nesbyenlive01_2022-06-16_14-59-35.mp4", host: "localhost"
2025/10/16 11:34:44 [error] 17#17: *270 connect() to [2a01:4f9:b000::1]:443 failed (101: Network is unreachable) while connecting to upstream, client: 172.20.0.1, server: localhost, request: "GET /hls/nesbyen/nesbyenlive01_2022-06-16_14-59-35.mp4/segment-3-v1-a1.ts HTTP/1.1", subrequest: "/remote/hls/nesbyen/nesbyenlive01_2022-06-16_14-59-35.mp4", upstream: "https://[2a01:4f9:b000::1]:443/nesbyen/nesbyenlive01_2022-06-16_14-59-35.mp4", host: "localhost"
2025/10/16 11:34:44 [warn] 17#17: *270 upstream server temporarily disabled while connecting to upstream, client: 172.20.0.1, server: localhost, request: "GET /hls/nesbyen/nesbyenlive01_2022-06-16_14-59-35.mp4/segment-3-v1-a1.ts HTTP/1.1", subrequest: "/remote/hls/nesbyen/nesbyenlive01_2022-06-16_14-59-35.mp4", upstream: "https://[2a01:4f9:b000::1]:443/nesbyen/nesbyenlive01_2022-06-16_14-59-35.mp4", host: "localhost"
2025/10/16 11:34:44 [error] 17#17: *270 connect() to [2a01:4f9:b000::1]:443 failed (101: Network is unreachable) while connecting to upstream, client: 172.20.0.1, server: localhost, request: "GET /hls/nesbyen/nesbyenlive01_2022-06-16_14-59-35.mp4/segment-3-v1-a1.ts HTTP/1.1", subrequest: "/remote/hls/nesbyen/nesbyenlive01_2022-06-16_14-59-35.mp4", upstream: "https://[2a01:4f9:b000::1]:443/nesbyen/nesbyenlive01_2022-06-16_14-59-35.mp4", host: "localhost"
2025/10/16 11:34:44 [warn] 17#17: *270 upstream server temporarily disabled while connecting to upstream, client: 172.20.0.1, server: localhost, request: "GET /hls/nesbyen/nesbyenlive01_2022-06-16_14-59-35.mp4/segment-3-v1-a1.ts HTTP/1.1", subrequest: "/remote/hls/nesbyen/nesbyenlive01_2022-06-16_14-59-35.mp4", upstream: "https://[2a01:4f9:b000::1]:443/nesbyen/nesbyenlive01_2022-06-16_14-59-35.mp4", host: "localhost"
2025/10/16 11:34:45 [error] 18#18: *275 connect() to [2a01:4f9:b000::1]:443 failed (101: Network is unreachable) while connecting to upstream, client: 172.20.0.1, server: localhost, request: "GET /hls/nesbyen/nesbyenlive01_2022-06-16_14-59-35.mp4/segment-4-v1-a1.ts HTTP/1.1", subrequest: "/remote/hls/nesbyen/nesbyenlive01_2022-06-16_14-59-35.mp4", upstream: "https://[2a01:4f9:b000::1]:443/nesbyen/nesbyenlive01_2022-06-16_14-59-35.mp4", host: "localhost"
2025/10/16 11:34:45 [warn] 18#18: *275 upstream server temporarily disabled while connecting to upstream, client: 172.20.0.1, server: localhost, request: "GET /hls/nesbyen/nesbyenlive01_2022-06-16_14-59-35.mp4/segment-4-v1-a1.ts HTTP/1.1", subrequest: "/remote/hls/nesbyen/nesbyenlive01_2022-06-16_14-59-35.mp4", upstream: "https://[2a01:4f9:b000::1]:443/nesbyen/nesbyenlive01_2022-06-16_14-59-35.mp4", host: "localhost"
2025/10/16 11:34:45 [error] 17#17: *270 connect() to [2a01:4f9:b000::1]:443 failed (101: Network is unreachable) while connecting to upstream, client: 172.20.0.1, server: localhost, request: "GET /hls/nesbyen/nesbyenlive01_2022-06-16_14-59-35.mp4/segment-5-v1-a1.ts HTTP/1.1", subrequest: "/remote/hls/nesbyen/nesbyenlive01_2022-06-16_14-59-35.mp4", upstream: "https://[2a01:4f9:b000::1]:443/nesbyen/nesbyenlive01_2022-06-16_14-59-35.mp4", host: "localhost"
2025/10/16 11:34:45 [warn] 17#17: *270 upstream server temporarily disabled while connecting to upstream, client: 172.20.0.1, server: localhost, request: "GET /hls/nesbyen/nesbyenlive01_2022-06-16_14-59-35.mp4/segment-5-v1-a1.ts HTTP/1.1", subrequest: "/remote/hls/nesbyen/nesbyenlive01_2022-06-16_14-59-35.mp4", upstream: "https://[2a01:4f9:b000::1]:443/nesbyen/nesbyenlive01_2022-06-16_14-59-35.mp4", host: "localhost"
2025/10/16 11:34:45 [error] 18#18: *275 connect() to [2a01:4f9:b000::1]:443 failed (101: Network is unreachable) while connecting to upstream, client: 172.20.0.1, server: localhost, request: "GET /hls/nesbyen/nesbyenlive01_2022-06-16_14-59-35.mp4/segment-4-v1-a1.ts HTTP/1.1", subrequest: "/remote/hls/nesbyen/nesbyenlive01_2022-06-16_14-59-35.mp4", upstream: "https://[2a01:4f9:b000::1]:443/nesbyen/nesbyenlive01_2022-06-16_14-59-35.mp4", host: "localhost"
2025/10/16 11:34:45 [warn] 18#18: *275 upstream server temporarily disabled while connecting to upstream, client: 172.20.0.1, server: localhost, request: "GET /hls/nesbyen/nesbyenlive01_2022-06-16_14-59-35.mp4/segment-4-v1-a1.ts HTTP/1.1", subrequest: "/remote/hls/nesbyen/nesbyenlive01_2022-06-16_14-59-35.mp4", upstream: "https://[2a01:4f9:b000::1]:443/nesbyen/nesbyenlive01_2022-06-16_14-59-35.mp4", host: "localhost"
2025/10/16 11:34:45 [error] 17#17: *270 connect() to [2a01:4f9:b000::1]:443 failed (101: Network is unreachable) while connecting to upstream, client: 172.20.0.1, server: localhost, request: "GET /hls/nesbyen/nesbyenlive01_2022-06-16_14-59-35.mp4/segment-5-v1-a1.ts HTTP/1.1", subrequest: "/remote/hls/nesbyen/nesbyenlive01_2022-06-16_14-59-35.mp4", upstream: "https://[2a01:4f9:b000::1]:443/nesbyen/nesbyenlive01_2022-06-16_14-59-35.mp4", host: "localhost"
2025/10/16 11:34:45 [warn] 17#17: *270 upstream server temporarily disabled while connecting to upstream, client: 172.20.0.1, server: localhost, request: "GET /hls/nesbyen/nesbyenlive01_2022-06-16_14-59-35.mp4/segment-5-v1-a1.ts HTTP/1.1", subrequest: "/remote/hls/nesbyen/nesbyenlive01_2022-06-16_14-59-35.mp4", upstream: "https://[2a01:4f9:b000::1]:443/nesbyen/nesbyenlive01_2022-06-16_14-59-35.mp4", host: "localhost"
2025/10/16 11:34:45 [error] 18#18: *275 connect() to [2a01:4f9:b000::1]:443 failed (101: Network is unreachable) while connecting to upstream, client: 172.20.0.1, server: localhost, request: "GET /hls/nesbyen/nesbyenlive01_2022-06-16_14-59-35.mp4/segment-6-v1-a1.ts HTTP/1.1", subrequest: "/remote/hls/nesbyen/nesbyenlive01_2022-06-16_14-59-35.mp4", upstream: "https://[2a01:4f9:b000::1]:443/nesbyen/nesbyenlive01_2022-06-16_14-59-35.mp4", host: "localhost"
2025/10/16 11:34:45 [warn] 18#18: *275 upstream server temporarily disabled while connecting to upstream, client: 172.20.0.1, server: localhost, request: "GET /hls/nesbyen/nesbyenlive01_2022-06-16_14-59-35.mp4/segment-6-v1-a1.ts HTTP/1.1", subrequest: "/remote/hls/nesbyen/nesbyenlive01_2022-06-16_14-59-35.mp4", upstream: "https://[2a01:4f9:b000::1]:443/nesbyen/nesbyenlive01_2022-06-16_14-59-35.mp4", host: "localhost"
2025/10/16 11:34:46 [error] 17#17: *270 connect() to [2a01:4f9:b000::1]:443 failed (101: Network is unreachable) while connecting to upstream, client: 172.20.0.1, server: localhost, request: "GET /hls/nesbyen/nesbyenlive01_2022-06-16_14-59-35.mp4/segment-5-v1-a1.ts HTTP/1.1", subrequest: "/remote/hls/nesbyen/nesbyenlive01_2022-06-16_14-59-35.mp4", upstream: "https://[2a01:4f9:b000::1]:443/nesbyen/nesbyenlive01_2022-06-16_14-59-35.mp4", host: "localhost"
2025/10/16 11:34:46 [warn] 17#17: *270 upstream server temporarily disabled while connecting to upstream, client: 172.20.0.1, server: localhost, request: "GET /hls/nesbyen/nesbyenlive01_2022-06-16_14-59-35.mp4/segment-5-v1-a1.ts HTTP/1.1", subrequest: "/remote/hls/nesbyen/nesbyenlive01_2022-06-16_14-59-35.mp4", upstream: "https://[2a01:4f9:b000::1]:443/nesbyen/nesbyenlive01_2022-06-16_14-59-35.mp4", host: "localhost"
2025/10/16 11:34:46 [error] 18#18: *275 connect() to [2a01:4f9:b000::1]:443 failed (101: Network is unreachable) while connecting to upstream, client: 172.20.0.1, server: localhost, request: "GET /hls/nesbyen/nesbyenlive01_2022-06-16_14-59-35.mp4/segment-6-v1-a1.ts HTTP/1.1", subrequest: "/remote/hls/nesbyen/nesbyenlive01_2022-06-16_14-59-35.mp4", upstream: "https://[2a01:4f9:b000::1]:443/nesbyen/nesbyenlive01_2022-06-16_14-59-35.mp4", host: "localhost"
2025/10/16 11:34:46 [warn] 18#18: *275 upstream server temporarily disabled while connecting to upstream, client: 172.20.0.1, server: localhost, request: "GET /hls/nesbyen/nesbyenlive01_2022-06-16_14-59-35.mp4/segment-6-v1-a1.ts HTTP/1.1", subrequest: "/remote/hls/nesbyen/nesbyenlive01_2022-06-16_14-59-35.mp4", upstream: "https://[2a01:4f9:b000::1]:443/nesbyen/nesbyenlive01_2022-06-16_14-59-35.mp4", host: "localhost"
2025/10/16 11:34:46 [error] 18#18: *275 connect() to [2a01:4f9:b000::1]:443 failed (101: Network is unreachable) while connecting to upstream, client: 172.20.0.1, server: localhost, request: "GET /hls/nesbyen/nesbyenlive01_2022-06-16_14-59-35.mp4/segment-6-v1-a1.ts HTTP/1.1", subrequest: "/remote/hls/nesbyen/nesbyenlive01_2022-06-16_14-59-35.mp4", upstream: "https://[2a01:4f9:b000::1]:443/nesbyen/nesbyenlive01_2022-06-16_14-59-35.mp4", host: "localhost"
2025/10/16 11:34:46 [warn] 18#18: *275 upstream server temporarily disabled while connecting to upstream, client: 172.20.0.1, server: localhost, request: "GET /hls/nesbyen/nesbyenlive01_2022-06-16_14-59-35.mp4/segment-6-v1-a1.ts HTTP/1.1", subrequest: "/remote/hls/nesbyen/nesbyenlive01_2022-06-16_14-59-35.mp4", upstream: "https://[2a01:4f9:b000::1]:443/nesbyen/nesbyenlive01_2022-06-16_14-59-35.mp4", host: "localhost"
2025/10/16 11:34:46 [error] 17#17: *270 connect() to [2a01:4f9:b000::1]:443 failed (101: Network is unreachable) while connecting to upstream, client: 172.20.0.1, server: localhost, request: "GET /hls/nesbyen/nesbyenlive01_2022-06-16_14-59-35.mp4/segment-5-v1-a1.ts HTTP/1.1", subrequest: "/remote/hls/nesbyen/nesbyenlive01_2022-06-16_14-59-35.mp4", upstream: "https://[2a01:4f9:b000::1]:443/nesbyen/nesbyenlive01_2022-06-16_14-59-35.mp4", host: "localhost"
2025/10/16 11:34:46 [warn] 17#17: *270 upstream server temporarily disabled while connecting to upstream, client: 172.20.0.1, server: localhost, request: "GET /hls/nesbyen/nesbyenlive01_2022-06-16_14-59-35.mp4/segment-5-v1-a1.ts HTTP/1.1", subrequest: "/remote/hls/nesbyen/nesbyenlive01_2022-06-16_14-59-35.mp4", upstream: "https://[2a01:4f9:b000::1]:443/nesbyen/nesbyenlive01_2022-06-16_14-59-35.mp4", host: "localhost"
2025/10/16 11:34:47 [error] 18#18: *275 connect() to [2a01:4f9:b000::1]:443 failed (101: Network is unreachable) while connecting to upstream, client: 172.20.0.1, server: localhost, request: "GET /hls/nesbyen/nesbyenlive01_2022-06-16_14-59-35.mp4/segment-6-v1-a1.ts HTTP/1.1", subrequest: "/remote/hls/nesbyen/nesbyenlive01_2022-06-16_14-59-35.mp4", upstream: "https://[2a01:4f9:b000::1]:443/nesbyen/nesbyenlive01_2022-06-16_14-59-35.mp4", host: "localhost"
2025/10/16 11:34:47 [warn] 18#18: *275 upstream server temporarily disabled while connecting to upstream, client: 172.20.0.1, server: localhost, request: "GET /hls/nesbyen/nesbyenlive01_2022-06-16_14-59-35.mp4/segment-6-v1-a1.ts HTTP/1.1", subrequest: "/remote/hls/nesbyen/nesbyenlive01_2022-06-16_14-59-35.mp4", upstream: "https://[2a01:4f9:b000::1]:443/nesbyen/nesbyenlive01_2022-06-16_14-59-35.mp4", host: "localhost"
2025/10/16 11:34:47 [error] 17#17: *270 connect() to [2a01:4f9:b000::1]:443 failed (101: Network is unreachable) while connecting to upstream, client: 172.20.0.1, server: localhost, request: "GET /hls/nesbyen/nesbyenlive01_2022-06-16_14-59-35.mp4/segment-5-v1-a1.ts HTTP/1.1", subrequest: "/remote/hls/nesbyen/nesbyenlive01_2022-06-16_14-59-35.mp4", upstream: "https://[2a01:4f9:b000::1]:443/nesbyen/nesbyenlive01_2022-06-16_14-59-35.mp4", host: "localhost"
2025/10/16 11:34:47 [warn] 17#17: *270 upstream server temporarily disabled while connecting to upstream, client: 172.20.0.1, server: localhost, request: "GET /hls/nesbyen/nesbyenlive01_2022-06-16_14-59-35.mp4/segment-5-v1-a1.ts HTTP/1.1", subrequest: "/remote/hls/nesbyen/nesbyenlive01_2022-06-16_14-59-35.mp4", upstream: "https://[2a01:4f9:b000::1]:443/nesbyen/nesbyenlive01_2022-06-16_14-59-35.mp4", host: "localhost"
2025/10/16 11:34:47 [error] 18#18: *275 connect() to [2a01:4f9:b000::1]:443 failed (101: Network is unreachable) while connecting to upstream, client: 172.20.0.1, server: localhost, request: "GET /hls/nesbyen/nesbyenlive01_2022-06-16_14-59-35.mp4/segment-6-v1-a1.ts HTTP/1.1", subrequest: "/remote/hls/nesbyen/nesbyenlive01_2022-06-16_14-59-35.mp4", upstream: "https://[2a01:4f9:b000::1]:443/nesbyen/nesbyenlive01_2022-06-16_14-59-35.mp4", host: "localhost"
2025/10/16 11:34:47 [warn] 18#18: *275 upstream server temporarily disabled while connecting to upstream, client: 172.20.0.1, server: localhost, request: "GET /hls/nesbyen/nesbyenlive01_2022-06-16_14-59-35.mp4/segment-6-v1-a1.ts HTTP/1.1", subrequest: "/remote/hls/nesbyen/nesbyenlive01_2022-06-16_14-59-35.mp4", upstream: "https://[2a01:4f9:b000::1]:443/nesbyen/nesbyenlive01_2022-06-16_14-59-35.mp4", host: "localhost"
2025/10/16 11:34:47 [error] 17#17: *270 connect() to [2a01:4f9:b000::1]:443 failed (101: Network is unreachable) while connecting to upstream, client: 172.20.0.1, server: localhost, request: "GET /hls/nesbyen/nesbyenlive01_2022-06-16_14-59-35.mp4/segment-5-v1-a1.ts HTTP/1.1", subrequest: "/remote/hls/nesbyen/nesbyenlive01_2022-06-16_14-59-35.mp4", upstream: "https://[2a01:4f9:b000::1]:443/nesbyen/nesbyenlive01_2022-06-16_14-59-35.mp4", host: "localhost"
2025/10/16 11:34:47 [warn] 17#17: *270 upstream server temporarily disabled while connecting to upstream, client: 172.20.0.1, server: localhost, request: "GET /hls/nesbyen/nesbyenlive01_2022-06-16_14-59-35.mp4/segment-5-v1-a1.ts HTTP/1.1", subrequest: "/remote/hls/nesbyen/nesbyenlive01_2022-06-16_14-59-35.mp4", upstream: "https://[2a01:4f9:b000::1]:443/nesbyen/nesbyenlive01_2022-06-16_14-59-35.mp4", host: "localhost"
2025/10/16 11:34:47 [error] 17#17: *270 connect() to [2a01:4f9:b000::1]:443 failed (101: Network is unreachable) while connecting to upstream, client: 172.20.0.1, server: localhost, request: "GET /hls/nesbyen/nesbyenlive01_2022-06-16_14-59-35.mp4/segment-5-v1-a1.ts HTTP/1.1", subrequest: "/remote/hls/nesbyen/nesbyenlive01_2022-06-16_14-59-35.mp4", upstream: "https://[2a01:4f9:b000::1]:443/nesbyen/nesbyenlive01_2022-06-16_14-59-35.mp4", host: "localhost"
2025/10/16 11:34:47 [warn] 17#17: *270 upstream server temporarily disabled while connecting to upstream, client: 172.20.0.1, server: localhost, request: "GET /hls/nesbyen/nesbyenlive01_2022-06-16_14-59-35.mp4/segment-5-v1-a1.ts HTTP/1.1", subrequest: "/remote/hls/nesbyen/nesbyenlive01_2022-06-16_14-59-35.mp4", upstream: "https://[2a01:4f9:b000::1]:443/nesbyen/nesbyenlive01_2022-06-16_14-59-35.mp4", host: "localhost"
2025/10/16 11:34:47 [error] 17#17: *270 connect() to [2a01:4f9:b000::1]:443 failed (101: Network is unreachable) while connecting to upstream, client: 172.20.0.1, server: localhost, request: "GET /hls/nesbyen/nesbyenlive01_2022-06-16_14-59-35.mp4/segment-7-v1-a1.ts HTTP/1.1", subrequest: "/remote/hls/nesbyen/nesbyenlive01_2022-06-16_14-59-35.mp4", upstream: "https://[2a01:4f9:b000::1]:443/nesbyen/nesbyenlive01_2022-06-16_14-59-35.mp4", host: "localhost"
2025/10/16 11:34:47 [warn] 17#17: *270 upstream server temporarily disabled while connecting to upstream, client: 172.20.0.1, server: localhost, request: "GET /hls/nesbyen/nesbyenlive01_2022-06-16_14-59-35.mp4/segment-7-v1-a1.ts HTTP/1.1", subrequest: "/remote/hls/nesbyen/nesbyenlive01_2022-06-16_14-59-35.mp4", upstream: "https://[2a01:4f9:b000::1]:443/nesbyen/nesbyenlive01_2022-06-16_14-59-35.mp4", host: "localhost"
2025/10/16 11:34:47 [error] 17#17: *270 connect() to [2a01:4f9:b000::1]:443 failed (101: Network is unreachable) while connecting to upstream, client: 172.20.0.1, server: localhost, request: "GET /hls/nesbyen/nesbyenlive01_2022-06-16_14-59-35.mp4/segment-7-v1-a1.ts HTTP/1.1", subrequest: "/remote/hls/nesbyen/nesbyenlive01_2022-06-16_14-59-35.mp4", upstream: "https://[2a01:4f9:b000::1]:443/nesbyen/nesbyenlive01_2022-06-16_14-59-35.mp4", host: "localhost"
2025/10/16 11:34:47 [warn] 17#17: *270 upstream server temporarily disabled while connecting to upstream, client: 172.20.0.1, server: localhost, request: "GET /hls/nesbyen/nesbyenlive01_2022-06-16_14-59-35.mp4/segment-7-v1-a1.ts HTTP/1.1", subrequest: "/remote/hls/nesbyen/nesbyenlive01_2022-06-16_14-59-35.mp4", upstream: "https://[2a01:4f9:b000::1]:443/nesbyen/nesbyenlive01_2022-06-16_14-59-35.mp4", host: "localhost"
2025/10/16 11:34:47 [error] 18#18: *275 connect() to [2a01:4f9:b000::1]:443 failed (101: Network is unreachable) while connecting to upstream, client: 172.20.0.1, server: localhost, request: "GET /hls/nesbyen/nesbyenlive01_2022-06-16_14-59-35.mp4/segment-8-v1-a1.ts HTTP/1.1", subrequest: "/remote/hls/nesbyen/nesbyenlive01_2022-06-16_14-59-35.mp4", upstream: "https://[2a01:4f9:b000::1]:443/nesbyen/nesbyenlive01_2022-06-16_14-59-35.mp4", host: "localhost"
2025/10/16 11:34:47 [warn] 18#18: *275 upstream server temporarily disabled while connecting to upstream, client: 172.20.0.1, server: localhost, request: "GET /hls/nesbyen/nesbyenlive01_2022-06-16_14-59-35.mp4/segment-8-v1-a1.ts HTTP/1.1", subrequest: "/remote/hls/nesbyen/nesbyenlive01_2022-06-16_14-59-35.mp4", upstream: "https://[2a01:4f9:b000::1]:443/nesbyen/nesbyenlive01_2022-06-16_14-59-35.mp4", host: "localhost"
2025/10/16 11:34:48 [error] 18#18: *275 connect() to [2a01:4f9:b000::1]:443 failed (101: Network is unreachable) while connecting to upstream, client: 172.20.0.1, server: localhost, request: "GET /hls/nesbyen/nesbyenlive01_2022-06-16_14-59-35.mp4/segment-8-v1-a1.ts HTTP/1.1", subrequest: "/remote/hls/nesbyen/nesbyenlive01_2022-06-16_14-59-35.mp4", upstream: "https://[2a01:4f9:b000::1]:443/nesbyen/nesbyenlive01_2022-06-16_14-59-35.mp4", host: "localhost"
2025/10/16 11:34:48 [warn] 18#18: *275 upstream server temporarily disabled while connecting to upstream, client: 172.20.0.1, server: localhost, request: "GET /hls/nesbyen/nesbyenlive01_2022-06-16_14-59-35.mp4/segment-8-v1-a1.ts HTTP/1.1", subrequest: "/remote/hls/nesbyen/nesbyenlive01_2022-06-16_14-59-35.mp4", upstream: "https://[2a01:4f9:b000::1]:443/nesbyen/nesbyenlive01_2022-06-16_14-59-35.mp4", host: "localhost"
2025/10/16 11:34:48 [error] 18#18: *275 connect() to [2a01:4f9:b000::1]:443 failed (101: Network is unreachable) while connecting to upstream, client: 172.20.0.1, server: localhost, request: "GET /hls/nesbyen/nesbyenlive01_2022-06-16_14-59-35.mp4/segment-8-v1-a1.ts HTTP/1.1", subrequest: "/remote/hls/nesbyen/nesbyenlive01_2022-06-16_14-59-35.mp4", upstream: "https://[2a01:4f9:b000::1]:443/nesbyen/nesbyenlive01_2022-06-16_14-59-35.mp4", host: "localhost"
2025/10/16 11:34:48 [warn] 18#18: *275 upstream server temporarily disabled while connecting to upstream, client: 172.20.0.1, server: localhost, request: "GET /hls/nesbyen/nesbyenlive01_2022-06-16_14-59-35.mp4/segment-8-v1-a1.ts HTTP/1.1", subrequest: "/remote/hls/nesbyen/nesbyenlive01_2022-06-16_14-59-35.mp4", upstream: "https://[2a01:4f9:b000::1]:443/nesbyen/nesbyenlive01_2022-06-16_14-59-35.mp4", host: "localhost"
2025/10/16 11:34:48 [error] 17#17: *270 connect() to [2a01:4f9:b000::1]:443 failed (101: Network is unreachable) while connecting to upstream, client: 172.20.0.1, server: localhost, request: "GET /hls/nesbyen/nesbyenlive01_2022-06-16_14-59-35.mp4/segment-7-v1-a1.ts HTTP/1.1", subrequest: "/remote/hls/nesbyen/nesbyenlive01_2022-06-16_14-59-35.mp4", upstream: "https://[2a01:4f9:b000::1]:443/nesbyen/nesbyenlive01_2022-06-16_14-59-35.mp4", host: "localhost"
2025/10/16 11:34:48 [warn] 17#17: *270 upstream server temporarily disabled while connecting to upstream, client: 172.20.0.1, server: localhost, request: "GET /hls/nesbyen/nesbyenlive01_2022-06-16_14-59-35.mp4/segment-7-v1-a1.ts HTTP/1.1", subrequest: "/remote/hls/nesbyen/nesbyenlive01_2022-06-16_14-59-35.mp4", upstream: "https://[2a01:4f9:b000::1]:443/nesbyen/nesbyenlive01_2022-06-16_14-59-35.mp4", host: "localhost"
2025/10/16 11:34:48 [error] 18#18: *275 connect() to [2a01:4f9:b000::1]:443 failed (101: Network is unreachable) while connecting to upstream, client: 172.20.0.1, server: localhost, request: "GET /hls/nesbyen/nesbyenlive01_2022-06-16_14-59-35.mp4/segment-8-v1-a1.ts HTTP/1.1", subrequest: "/remote/hls/nesbyen/nesbyenlive01_2022-06-16_14-59-35.mp4", upstream: "https://[2a01:4f9:b000::1]:443/nesbyen/nesbyenlive01_2022-06-16_14-59-35.mp4", host: "localhost"
2025/10/16 11:34:48 [warn] 18#18: *275 upstream server temporarily disabled while connecting to upstream, client: 172.20.0.1, server: localhost, request: "GET /hls/nesbyen/nesbyenlive01_2022-06-16_14-59-35.mp4/segment-8-v1-a1.ts HTTP/1.1", subrequest: "/remote/hls/nesbyen/nesbyenlive01_2022-06-16_14-59-35.mp4", upstream: "https://[2a01:4f9:b000::1]:443/nesbyen/nesbyenlive01_2022-06-16_14-59-35.mp4", host: "localhost"
2025/10/16 11:34:49 [error] 17#17: *270 connect() to [2a01:4f9:b000::1]:443 failed (101: Network is unreachable) while connecting to upstream, client: 172.20.0.1, server: localhost, request: "GET /hls/nesbyen/nesbyenlive01_2022-06-16_14-59-35.mp4/segment-7-v1-a1.ts HTTP/1.1", subrequest: "/remote/hls/nesbyen/nesbyenlive01_2022-06-16_14-59-35.mp4", upstream: "https://[2a01:4f9:b000::1]:443/nesbyen/nesbyenlive01_2022-06-16_14-59-35.mp4", host: "localhost"
2025/10/16 11:34:49 [warn] 17#17: *270 upstream server temporarily disabled while connecting to upstream, client: 172.20.0.1, server: localhost, request: "GET /hls/nesbyen/nesbyenlive01_2022-06-16_14-59-35.mp4/segment-7-v1-a1.ts HTTP/1.1", subrequest: "/remote/hls/nesbyen/nesbyenlive01_2022-06-16_14-59-35.mp4", upstream: "https://[2a01:4f9:b000::1]:443/nesbyen/nesbyenlive01_2022-06-16_14-59-35.mp4", host: "localhost"
2025/10/16 11:34:49 [error] 18#18: *275 connect() to [2a01:4f9:b000::1]:443 failed (101: Network is unreachable) while connecting to upstream, client: 172.20.0.1, server: localhost, request: "GET /hls/nesbyen/nesbyenlive01_2022-06-16_14-59-35.mp4/segment-8-v1-a1.ts HTTP/1.1", subrequest: "/remote/hls/nesbyen/nesbyenlive01_2022-06-16_14-59-35.mp4", upstream: "https://[2a01:4f9:b000::1]:443/nesbyen/nesbyenlive01_2022-06-16_14-59-35.mp4", host: "localhost"
2025/10/16 11:34:49 [warn] 18#18: *275 upstream server temporarily disabled while connecting to upstream, client: 172.20.0.1, server: localhost, request: "GET /hls/nesbyen/nesbyenlive01_2022-06-16_14-59-35.mp4/segment-8-v1-a1.ts HTTP/1.1", subrequest: "/remote/hls/nesbyen/nesbyenlive01_2022-06-16_14-59-35.mp4", upstream: "https://[2a01:4f9:b000::1]:443/nesbyen/nesbyenlive01_2022-06-16_14-59-35.mp4", host: "localhost"
2025/10/16 11:34:49 [error] 18#18: *275 connect() to [2a01:4f9:b000::1]:443 failed (101: Network is unreachable) while connecting to upstream, client: 172.20.0.1, server: localhost, request: "GET /hls/nesbyen/nesbyenlive01_2022-06-16_14-59-35.mp4/segment-8-v1-a1.ts HTTP/1.1", subrequest: "/remote/hls/nesbyen/nesbyenlive01_2022-06-16_14-59-35.mp4", upstream: "https://[2a01:4f9:b000::1]:443/nesbyen/nesbyenlive01_2022-06-16_14-59-35.mp4", host: "localhost"
2025/10/16 11:34:49 [warn] 18#18: *275 upstream server temporarily disabled while connecting to upstream, client: 172.20.0.1, server: localhost, request: "GET /hls/nesbyen/nesbyenlive01_2022-06-16_14-59-35.mp4/segment-8-v1-a1.ts HTTP/1.1", subrequest: "/remote/hls/nesbyen/nesbyenlive01_2022-06-16_14-59-35.mp4", upstream: "https://[2a01:4f9:b000::1]:443/nesbyen/nesbyenlive01_2022-06-16_14-59-35.mp4", host: "localhost"
2025/10/16 11:34:49 [error] 17#17: *270 connect() to [2a01:4f9:b000::1]:443 failed (101: Network is unreachable) while connecting to upstream, client: 172.20.0.1, server: localhost, request: "GET /hls/nesbyen/nesbyenlive01_2022-06-16_14-59-35.mp4/segment-7-v1-a1.ts HTTP/1.1", subrequest: "/remote/hls/nesbyen/nesbyenlive01_2022-06-16_14-59-35.mp4", upstream: "https://[2a01:4f9:b000::1]:443/nesbyen/nesbyenlive01_2022-06-16_14-59-35.mp4", host: "localhost"
2025/10/16 11:34:49 [warn] 17#17: *270 upstream server temporarily disabled while connecting to upstream, client: 172.20.0.1, server: localhost, request: "GET /hls/nesbyen/nesbyenlive01_2022-06-16_14-59-35.mp4/segment-7-v1-a1.ts HTTP/1.1", subrequest: "/remote/hls/nesbyen/nesbyenlive01_2022-06-16_14-59-35.mp4", upstream: "https://[2a01:4f9:b000::1]:443/nesbyen/nesbyenlive01_2022-06-16_14-59-35.mp4", host: "localhost"
2025/10/16 11:34:50 [error] 17#17: *270 connect() to [2a01:4f9:b000::1]:443 failed (101: Network is unreachable) while connecting to upstream, client: 172.20.0.1, server: localhost, request: "GET /hls/nesbyen/nesbyenlive01_2022-06-16_14-59-35.mp4/segment-9-v1-a1.ts HTTP/1.1", subrequest: "/remote/hls/nesbyen/nesbyenlive01_2022-06-16_14-59-35.mp4", upstream: "https://[2a01:4f9:b000::1]:443/nesbyen/nesbyenlive01_2022-06-16_14-59-35.mp4", host: "localhost"
2025/10/16 11:34:50 [warn] 17#17: *270 upstream server temporarily disabled while connecting to upstream, client: 172.20.0.1, server: localhost, request: "GET /hls/nesbyen/nesbyenlive01_2022-06-16_14-59-35.mp4/segment-9-v1-a1.ts HTTP/1.1", subrequest: "/remote/hls/nesbyen/nesbyenlive01_2022-06-16_14-59-35.mp4", upstream: "https://[2a01:4f9:b000::1]:443/nesbyen/nesbyenlive01_2022-06-16_14-59-35.mp4", host: "localhost"
2025/10/16 11:34:50 [error] 17#17: *270 connect() to [2a01:4f9:b000::1]:443 failed (101: Network is unreachable) while connecting to upstream, client: 172.20.0.1, server: localhost, request: "GET /hls/nesbyen/nesbyenlive01_2022-06-16_14-59-35.mp4/segment-9-v1-a1.ts HTTP/1.1", subrequest: "/remote/hls/nesbyen/nesbyenlive01_2022-06-16_14-59-35.mp4", upstream: "https://[2a01:4f9:b000::1]:443/nesbyen/nesbyenlive01_2022-06-16_14-59-35.mp4", host: "localhost"
2025/10/16 11:34:50 [warn] 17#17: *270 upstream server temporarily disabled while connecting to upstream, client: 172.20.0.1, server: localhost, request: "GET /hls/nesbyen/nesbyenlive01_2022-06-16_14-59-35.mp4/segment-9-v1-a1.ts HTTP/1.1", subrequest: "/remote/hls/nesbyen/nesbyenlive01_2022-06-16_14-59-35.mp4", upstream: "https://[2a01:4f9:b000::1]:443/nesbyen/nesbyenlive01_2022-06-16_14-59-35.mp4", host: "localhost"
2025/10/16 11:34:50 [error] 18#18: *275 connect() to [2a01:4f9:b000::1]:443 failed (101: Network is unreachable) while connecting to upstream, client: 172.20.0.1, server: localhost, request: "GET /hls/nesbyen/nesbyenlive01_2022-06-16_14-59-35.mp4/segment-10-v1-a1.ts HTTP/1.1", subrequest: "/remote/hls/nesbyen/nesbyenlive01_2022-06-16_14-59-35.mp4", upstream: "https://[2a01:4f9:b000::1]:443/nesbyen/nesbyenlive01_2022-06-16_14-59-35.mp4", host: "localhost"
2025/10/16 11:34:50 [warn] 18#18: *275 upstream server temporarily disabled while connecting to upstream, client: 172.20.0.1, server: localhost, request: "GET /hls/nesbyen/nesbyenlive01_2022-06-16_14-59-35.mp4/segment-10-v1-a1.ts HTTP/1.1", subrequest: "/remote/hls/nesbyen/nesbyenlive01_2022-06-16_14-59-35.mp4", upstream: "https://[2a01:4f9:b000::1]:443/nesbyen/nesbyenlive01_2022-06-16_14-59-35.mp4", host: "localhost"
2025/10/16 11:34:50 [error] 17#17: *270 connect() to [2a01:4f9:b000::1]:443 failed (101: Network is unreachable) while connecting to upstream, client: 172.20.0.1, server: localhost, request: "GET /hls/nesbyen/nesbyenlive01_2022-06-16_14-59-35.mp4/segment-9-v1-a1.ts HTTP/1.1", subrequest: "/remote/hls/nesbyen/nesbyenlive01_2022-06-16_14-59-35.mp4", upstream: "https://[2a01:4f9:b000::1]:443/nesbyen/nesbyenlive01_2022-06-16_14-59-35.mp4", host: "localhost"
2025/10/16 11:34:50 [warn] 17#17: *270 upstream server temporarily disabled while connecting to upstream, client: 172.20.0.1, server: localhost, request: "GET /hls/nesbyen/nesbyenlive01_2022-06-16_14-59-35.mp4/segment-9-v1-a1.ts HTTP/1.1", subrequest: "/remote/hls/nesbyen/nesbyenlive01_2022-06-16_14-59-35.mp4", upstream: "https://[2a01:4f9:b000::1]:443/nesbyen/nesbyenlive01_2022-06-16_14-59-35.mp4", host: "localhost"
2025/10/16 11:34:50 [error] 18#18: *275 connect() to [2a01:4f9:b000::1]:443 failed (101: Network is unreachable) while connecting to upstream, client: 172.20.0.1, server: localhost, request: "GET /hls/nesbyen/nesbyenlive01_2022-06-16_14-59-35.mp4/segment-10-v1-a1.ts HTTP/1.1", subrequest: "/remote/hls/nesbyen/nesbyenlive01_2022-06-16_14-59-35.mp4", upstream: "https://[2a01:4f9:b000::1]:443/nesbyen/nesbyenlive01_2022-06-16_14-59-35.mp4", host: "localhost"
2025/10/16 11:34:50 [warn] 18#18: *275 upstream server temporarily disabled while connecting to upstream, client: 172.20.0.1, server: localhost, request: "GET /hls/nesbyen/nesbyenlive01_2022-06-16_14-59-35.mp4/segment-10-v1-a1.ts HTTP/1.1", subrequest: "/remote/hls/nesbyen/nesbyenlive01_2022-06-16_14-59-35.mp4", upstream: "https://[2a01:4f9:b000::1]:443/nesbyen/nesbyenlive01_2022-06-16_14-59-35.mp4", host: "localhost"
2025/10/16 11:34:51 [error] 17#17: *270 connect() to [2a01:4f9:b000::1]:443 failed (101: Network is unreachable) while connecting to upstream, client: 172.20.0.1, server: localhost, request: "GET /hls/nesbyen/nesbyenlive01_2022-06-16_14-59-35.mp4/segment-9-v1-a1.ts HTTP/1.1", subrequest: "/remote/hls/nesbyen/nesbyenlive01_2022-06-16_14-59-35.mp4", upstream: "https://[2a01:4f9:b000::1]:443/nesbyen/nesbyenlive01_2022-06-16_14-59-35.mp4", host: "localhost"
2025/10/16 11:34:51 [warn] 17#17: *270 upstream server temporarily disabled while connecting to upstream, client: 172.20.0.1, server: localhost, request: "GET /hls/nesbyen/nesbyenlive01_2022-06-16_14-59-35.mp4/segment-9-v1-a1.ts HTTP/1.1", subrequest: "/remote/hls/nesbyen/nesbyenlive01_2022-06-16_14-59-35.mp4", upstream: "https://[2a01:4f9:b000::1]:443/nesbyen/nesbyenlive01_2022-06-16_14-59-35.mp4", host: "localhost"
2025/10/16 11:34:51 [error] 17#17: *270 connect() to [2a01:4f9:b000::1]:443 failed (101: Network is unreachable) while connecting to upstream, client: 172.20.0.1, server: localhost, request: "GET /hls/nesbyen/nesbyenlive01_2022-06-16_14-59-35.mp4/segment-9-v1-a1.ts HTTP/1.1", subrequest: "/remote/hls/nesbyen/nesbyenlive01_2022-06-16_14-59-35.mp4", upstream: "https://[2a01:4f9:b000::1]:443/nesbyen/nesbyenlive01_2022-06-16_14-59-35.mp4", host: "localhost"
2025/10/16 11:34:51 [warn] 17#17: *270 upstream server temporarily disabled while connecting to upstream, client: 172.20.0.1, server: localhost, request: "GET /hls/nesbyen/nesbyenlive01_2022-06-16_14-59-35.mp4/segment-9-v1-a1.ts HTTP/1.1", subrequest: "/remote/hls/nesbyen/nesbyenlive01_2022-06-16_14-59-35.mp4", upstream: "https://[2a01:4f9:b000::1]:443/nesbyen/nesbyenlive01_2022-06-16_14-59-35.mp4", host: "localhost"
2025/10/16 11:34:51 [error] 18#18: *275 connect() to [2a01:4f9:b000::1]:443 failed (101: Network is unreachable) while connecting to upstream, client: 172.20.0.1, server: localhost, request: "GET /hls/nesbyen/nesbyenlive01_2022-06-16_14-59-35.mp4/segment-10-v1-a1.ts HTTP/1.1", subrequest: "/remote/hls/nesbyen/nesbyenlive01_2022-06-16_14-59-35.mp4", upstream: "https://[2a01:4f9:b000::1]:443/nesbyen/nesbyenlive01_2022-06-16_14-59-35.mp4", host: "localhost"
2025/10/16 11:34:51 [warn] 18#18: *275 upstream server temporarily disabled while connecting to upstream, client: 172.20.0.1, server: localhost, request: "GET /hls/nesbyen/nesbyenlive01_2022-06-16_14-59-35.mp4/segment-10-v1-a1.ts HTTP/1.1", subrequest: "/remote/hls/nesbyen/nesbyenlive01_2022-06-16_14-59-35.mp4", upstream: "https://[2a01:4f9:b000::1]:443/nesbyen/nesbyenlive01_2022-06-16_14-59-35.mp4", host: "localhost"
2025/10/16 11:34:51 [error] 18#18: *275 connect() to [2a01:4f9:b000::1]:443 failed (101: Network is unreachable) while connecting to upstream, client: 172.20.0.1, server: localhost, request: "GET /hls/nesbyen/nesbyenlive01_2022-06-16_14-59-35.mp4/segment-10-v1-a1.ts HTTP/1.1", subrequest: "/remote/hls/nesbyen/nesbyenlive01_2022-06-16_14-59-35.mp4", upstream: "https://[2a01:4f9:b000::1]:443/nesbyen/nesbyenlive01_2022-06-16_14-59-35.mp4", host: "localhost"
2025/10/16 11:34:51 [warn] 18#18: *275 upstream server temporarily disabled while connecting to upstream, client: 172.20.0.1, server: localhost, request: "GET /hls/nesbyen/nesbyenlive01_2022-06-16_14-59-35.mp4/segment-10-v1-a1.ts HTTP/1.1", subrequest: "/remote/hls/nesbyen/nesbyenlive01_2022-06-16_14-59-35.mp4", upstream: "https://[2a01:4f9:b000::1]:443/nesbyen/nesbyenlive01_2022-06-16_14-59-35.mp4", host: "localhost"
2025/10/16 11:34:51 [error] 17#17: *270 connect() to [2a01:4f9:b000::1]:443 failed (101: Network is unreachable) while connecting to upstream, client: 172.20.0.1, server: localhost, request: "GET /hls/nesbyen/nesbyenlive01_2022-06-16_14-59-35.mp4/segment-9-v1-a1.ts HTTP/1.1", subrequest: "/remote/hls/nesbyen/nesbyenlive01_2022-06-16_14-59-35.mp4", upstream: "https://[2a01:4f9:b000::1]:443/nesbyen/nesbyenlive01_2022-06-16_14-59-35.mp4", host: "localhost"
2025/10/16 11:34:51 [warn] 17#17: *270 upstream server temporarily disabled while connecting to upstream, client: 172.20.0.1, server: localhost, request: "GET /hls/nesbyen/nesbyenlive01_2022-06-16_14-59-35.mp4/segment-9-v1-a1.ts HTTP/1.1", subrequest: "/remote/hls/nesbyen/nesbyenlive01_2022-06-16_14-59-35.mp4", upstream: "https://[2a01:4f9:b000::1]:443/nesbyen/nesbyenlive01_2022-06-16_14-59-35.mp4", host: "localhost"
2025/10/16 11:34:51 [error] 18#18: *275 connect() to [2a01:4f9:b000::1]:443 failed (101: Network is unreachable) while connecting to upstream, client: 172.20.0.1, server: localhost, request: "GET /hls/nesbyen/nesbyenlive01_2022-06-16_14-59-35.mp4/segment-10-v1-a1.ts HTTP/1.1", subrequest: "/remote/hls/nesbyen/nesbyenlive01_2022-06-16_14-59-35.mp4", upstream: "https://[2a01:4f9:b000::1]:443/nesbyen/nesbyenlive01_2022-06-16_14-59-35.mp4", host: "localhost"
2025/10/16 11:34:51 [warn] 18#18: *275 upstream server temporarily disabled while connecting to upstream, client: 172.20.0.1, server: localhost, request: "GET /hls/nesbyen/nesbyenlive01_2022-06-16_14-59-35.mp4/segment-10-v1-a1.ts HTTP/1.1", subrequest: "/remote/hls/nesbyen/nesbyenlive01_2022-06-16_14-59-35.mp4", upstream: "https://[2a01:4f9:b000::1]:443/nesbyen/nesbyenlive01_2022-06-16_14-59-35.mp4", host: "localhost"
2025/10/16 11:34:51 [error] 17#17: *270 connect() to [2a01:4f9:b000::1]:443 failed (101: Network is unreachable) while connecting to upstream, client: 172.20.0.1, server: localhost, request: "GET /hls/nesbyen/nesbyenlive01_2022-06-16_14-59-35.mp4/segment-9-v1-a1.ts HTTP/1.1", subrequest: "/remote/hls/nesbyen/nesbyenlive01_2022-06-16_14-59-35.mp4", upstream: "https://[2a01:4f9:b000::1]:443/nesbyen/nesbyenlive01_2022-06-16_14-59-35.mp4", host: "localhost"
2025/10/16 11:34:51 [warn] 17#17: *270 upstream server temporarily disabled while connecting to upstream, client: 172.20.0.1, server: localhost, request: "GET /hls/nesbyen/nesbyenlive01_2022-06-16_14-59-35.mp4/segment-9-v1-a1.ts HTTP/1.1", subrequest: "/remote/hls/nesbyen/nesbyenlive01_2022-06-16_14-59-35.mp4", upstream: "https://[2a01:4f9:b000::1]:443/nesbyen/nesbyenlive01_2022-06-16_14-59-35.mp4", host: "localhost"
2025/10/16 11:34:51 [error] 18#18: *275 connect() to [2a01:4f9:b000::1]:443 failed (101: Network is unreachable) while connecting to upstream, client: 172.20.0.1, server: localhost, request: "GET /hls/nesbyen/nesbyenlive01_2022-06-16_14-59-35.mp4/segment-10-v1-a1.ts HTTP/1.1", subrequest: "/remote/hls/nesbyen/nesbyenlive01_2022-06-16_14-59-35.mp4", upstream: "https://[2a01:4f9:b000::1]:443/nesbyen/nesbyenlive01_2022-06-16_14-59-35.mp4", host: "localhost"
2025/10/16 11:34:51 [warn] 18#18: *275 upstream server temporarily disabled while connecting to upstream, client: 172.20.0.1, server: localhost, request: "GET /hls/nesbyen/nesbyenlive01_2022-06-16_14-59-35.mp4/segment-10-v1-a1.ts HTTP/1.1", subrequest: "/remote/hls/nesbyen/nesbyenlive01_2022-06-16_14-59-35.mp4", upstream: "https://[2a01:4f9:b000::1]:443/nesbyen/nesbyenlive01_2022-06-16_14-59-35.mp4", host: "localhost"
2025/10/16 11:34:52 [error] 17#17: *270 connect() to [2a01:4f9:b000::1]:443 failed (101: Network is unreachable) while connecting to upstream, client: 172.20.0.1, server: localhost, request: "GET /hls/nesbyen/nesbyenlive01_2022-06-16_14-59-35.mp4/segment-11-v1-a1.ts HTTP/1.1", subrequest: "/remote/hls/nesbyen/nesbyenlive01_2022-06-16_14-59-35.mp4", upstream: "https://[2a01:4f9:b000::1]:443/nesbyen/nesbyenlive01_2022-06-16_14-59-35.mp4", host: "localhost"
2025/10/16 11:34:52 [warn] 17#17: *270 upstream server temporarily disabled while connecting to upstream, client: 172.20.0.1, server: localhost, request: "GET /hls/nesbyen/nesbyenlive01_2022-06-16_14-59-35.mp4/segment-11-v1-a1.ts HTTP/1.1", subrequest: "/remote/hls/nesbyen/nesbyenlive01_2022-06-16_14-59-35.mp4", upstream: "https://[2a01:4f9:b000::1]:443/nesbyen/nesbyenlive01_2022-06-16_14-59-35.mp4", host: "localhost"
2025/10/16 11:34:52 [error] 18#18: *275 connect() to [2a01:4f9:b000::1]:443 failed (101: Network is unreachable) while connecting to upstream, client: 172.20.0.1, server: localhost, request: "GET /hls/nesbyen/nesbyenlive01_2022-06-16_14-59-35.mp4/segment-12-v1-a1.ts HTTP/1.1", subrequest: "/remote/hls/nesbyen/nesbyenlive01_2022-06-16_14-59-35.mp4", upstream: "https://[2a01:4f9:b000::1]:443/nesbyen/nesbyenlive01_2022-06-16_14-59-35.mp4", host: "localhost"
2025/10/16 11:34:52 [warn] 18#18: *275 upstream server temporarily disabled while connecting to upstream, client: 172.20.0.1, server: localhost, request: "GET /hls/nesbyen/nesbyenlive01_2022-06-16_14-59-35.mp4/segment-12-v1-a1.ts HTTP/1.1", subrequest: "/remote/hls/nesbyen/nesbyenlive01_2022-06-16_14-59-35.mp4", upstream: "https://[2a01:4f9:b000::1]:443/nesbyen/nesbyenlive01_2022-06-16_14-59-35.mp4", host: "localhost"
2025/10/16 11:34:53 [error] 18#18: *275 connect() to [2a01:4f9:b000::1]:443 failed (101: Network is unreachable) while connecting to upstream, client: 172.20.0.1, server: localhost, request: "GET /hls/nesbyen/nesbyenlive01_2022-06-16_14-59-35.mp4/segment-12-v1-a1.ts HTTP/1.1", subrequest: "/remote/hls/nesbyen/nesbyenlive01_2022-06-16_14-59-35.mp4", upstream: "https://[2a01:4f9:b000::1]:443/nesbyen/nesbyenlive01_2022-06-16_14-59-35.mp4", host: "localhost"
2025/10/16 11:34:53 [warn] 18#18: *275 upstream server temporarily disabled while connecting to upstream, client: 172.20.0.1, server: localhost, request: "GET /hls/nesbyen/nesbyenlive01_2022-06-16_14-59-35.mp4/segment-12-v1-a1.ts HTTP/1.1", subrequest: "/remote/hls/nesbyen/nesbyenlive01_2022-06-16_14-59-35.mp4", upstream: "https://[2a01:4f9:b000::1]:443/nesbyen/nesbyenlive01_2022-06-16_14-59-35.mp4", host: "localhost"
2025/10/16 11:34:53 [error] 17#17: *270 connect() to [2a01:4f9:b000::1]:443 failed (101: Network is unreachable) while connecting to upstream, client: 172.20.0.1, server: localhost, request: "GET /hls/nesbyen/nesbyenlive01_2022-06-16_14-59-35.mp4/segment-11-v1-a1.ts HTTP/1.1", subrequest: "/remote/hls/nesbyen/nesbyenlive01_2022-06-16_14-59-35.mp4", upstream: "https://[2a01:4f9:b000::1]:443/nesbyen/nesbyenlive01_2022-06-16_14-59-35.mp4", host: "localhost"
2025/10/16 11:34:53 [warn] 17#17: *270 upstream server temporarily disabled while connecting to upstream, client: 172.20.0.1, server: localhost, request: "GET /hls/nesbyen/nesbyenlive01_2022-06-16_14-59-35.mp4/segment-11-v1-a1.ts HTTP/1.1", subrequest: "/remote/hls/nesbyen/nesbyenlive01_2022-06-16_14-59-35.mp4", upstream: "https://[2a01:4f9:b000::1]:443/nesbyen/nesbyenlive01_2022-06-16_14-59-35.mp4", host: "localhost"
2025/10/16 11:34:53 [error] 17#17: *270 connect() to [2a01:4f9:b000::1]:443 failed (101: Network is unreachable) while connecting to upstream, client: 172.20.0.1, server: localhost, request: "GET /hls/nesbyen/nesbyenlive01_2022-06-16_14-59-35.mp4/segment-11-v1-a1.ts HTTP/1.1", subrequest: "/remote/hls/nesbyen/nesbyenlive01_2022-06-16_14-59-35.mp4", upstream: "https://[2a01:4f9:b000::1]:443/nesbyen/nesbyenlive01_2022-06-16_14-59-35.mp4", host: "localhost"
2025/10/16 11:34:53 [warn] 17#17: *270 upstream server temporarily disabled while connecting to upstream, client: 172.20.0.1, server: localhost, request: "GET /hls/nesbyen/nesbyenlive01_2022-06-16_14-59-35.mp4/segment-11-v1-a1.ts HTTP/1.1", subrequest: "/remote/hls/nesbyen/nesbyenlive01_2022-06-16_14-59-35.mp4", upstream: "https://[2a01:4f9:b000::1]:443/nesbyen/nesbyenlive01_2022-06-16_14-59-35.mp4", host: "localhost"
2025/10/16 11:34:53 [error] 17#17: *270 connect() to [2a01:4f9:b000::1]:443 failed (101: Network is unreachable) while connecting to upstream, client: 172.20.0.1, server: localhost, request: "GET /hls/nesbyen/nesbyenlive01_2022-06-16_14-59-35.mp4/segment-11-v1-a1.ts HTTP/1.1", subrequest: "/remote/hls/nesbyen/nesbyenlive01_2022-06-16_14-59-35.mp4", upstream: "https://[2a01:4f9:b000::1]:443/nesbyen/nesbyenlive01_2022-06-16_14-59-35.mp4", host: "localhost"
2025/10/16 11:34:53 [warn] 17#17: *270 upstream server temporarily disabled while connecting to upstream, client: 172.20.0.1, server: localhost, request: "GET /hls/nesbyen/nesbyenlive01_2022-06-16_14-59-35.mp4/segment-11-v1-a1.ts HTTP/1.1", subrequest: "/remote/hls/nesbyen/nesbyenlive01_2022-06-16_14-59-35.mp4", upstream: "https://[2a01:4f9:b000::1]:443/nesbyen/nesbyenlive01_2022-06-16_14-59-35.mp4", host: "localhost"
2025/10/16 11:34:53 [error] 18#18: *275 connect() to [2a01:4f9:b000::1]:443 failed (101: Network is unreachable) while connecting to upstream, client: 172.20.0.1, server: localhost, request: "GET /hls/nesbyen/nesbyenlive01_2022-06-16_14-59-35.mp4/segment-12-v1-a1.ts HTTP/1.1", subrequest: "/remote/hls/nesbyen/nesbyenlive01_2022-06-16_14-59-35.mp4", upstream: "https://[2a01:4f9:b000::1]:443/nesbyen/nesbyenlive01_2022-06-16_14-59-35.mp4", host: "localhost"
2025/10/16 11:34:53 [warn] 18#18: *275 upstream server temporarily disabled while connecting to upstream, client: 172.20.0.1, server: localhost, request: "GET /hls/nesbyen/nesbyenlive01_2022-06-16_14-59-35.mp4/segment-12-v1-a1.ts HTTP/1.1", subrequest: "/remote/hls/nesbyen/nesbyenlive01_2022-06-16_14-59-35.mp4", upstream: "https://[2a01:4f9:b000::1]:443/nesbyen/nesbyenlive01_2022-06-16_14-59-35.mp4", host: "localhost"
2025/10/16 11:34:53 [error] 17#17: *270 connect() to [2a01:4f9:b000::1]:443 failed (101: Network is unreachable) while connecting to upstream, client: 172.20.0.1, server: localhost, request: "GET /hls/nesbyen/nesbyenlive01_2022-06-16_14-59-35.mp4/segment-11-v1-a1.ts HTTP/1.1", subrequest: "/remote/hls/nesbyen/nesbyenlive01_2022-06-16_14-59-35.mp4", upstream: "https://[2a01:4f9:b000::1]:443/nesbyen/nesbyenlive01_2022-06-16_14-59-35.mp4", host: "localhost"
2025/10/16 11:34:53 [warn] 17#17: *270 upstream server temporarily disabled while connecting to upstream, client: 172.20.0.1, server: localhost, request: "GET /hls/nesbyen/nesbyenlive01_2022-06-16_14-59-35.mp4/segment-11-v1-a1.ts HTTP/1.1", subrequest: "/remote/hls/nesbyen/nesbyenlive01_2022-06-16_14-59-35.mp4", upstream: "https://[2a01:4f9:b000::1]:443/nesbyen/nesbyenlive01_2022-06-16_14-59-35.mp4", host: "localhost"
2025/10/16 11:34:53 [error] 18#18: *275 connect() to [2a01:4f9:b000::1]:443 failed (101: Network is unreachable) while connecting to upstream, client: 172.20.0.1, server: localhost, request: "GET /hls/nesbyen/nesbyenlive01_2022-06-16_14-59-35.mp4/segment-12-v1-a1.ts HTTP/1.1", subrequest: "/remote/hls/nesbyen/nesbyenlive01_2022-06-16_14-59-35.mp4", upstream: "https://[2a01:4f9:b000::1]:443/nesbyen/nesbyenlive01_2022-06-16_14-59-35.mp4", host: "localhost"
2025/10/16 11:34:53 [warn] 18#18: *275 upstream server temporarily disabled while connecting to upstream, client: 172.20.0.1, server: localhost, request: "GET /hls/nesbyen/nesbyenlive01_2022-06-16_14-59-35.mp4/segment-12-v1-a1.ts HTTP/1.1", subrequest: "/remote/hls/nesbyen/nesbyenlive01_2022-06-16_14-59-35.mp4", upstream: "https://[2a01:4f9:b000::1]:443/nesbyen/nesbyenlive01_2022-06-16_14-59-35.mp4", host: "localhost"
2025/10/16 11:34:54 [error] 17#17: *270 connect() to [2a01:4f9:b000::1]:443 failed (101: Network is unreachable) while connecting to upstream, client: 172.20.0.1, server: localhost, request: "GET /hls/nesbyen/nesbyenlive01_2022-06-16_14-59-35.mp4/segment-13-v1-a1.ts HTTP/1.1", subrequest: "/remote/hls/nesbyen/nesbyenlive01_2022-06-16_14-59-35.mp4", upstream: "https://[2a01:4f9:b000::1]:443/nesbyen/nesbyenlive01_2022-06-16_14-59-35.mp4", host: "localhost"
2025/10/16 11:34:54 [warn] 17#17: *270 upstream server temporarily disabled while connecting to upstream, client: 172.20.0.1, server: localhost, request: "GET /hls/nesbyen/nesbyenlive01_2022-06-16_14-59-35.mp4/segment-13-v1-a1.ts HTTP/1.1", subrequest: "/remote/hls/nesbyen/nesbyenlive01_2022-06-16_14-59-35.mp4", upstream: "https://[2a01:4f9:b000::1]:443/nesbyen/nesbyenlive01_2022-06-16_14-59-35.mp4", host: "localhost"
2025/10/16 11:34:54 [error] 17#17: *270 connect() to [2a01:4f9:b000::1]:443 failed (101: Network is unreachable) while connecting to upstream, client: 172.20.0.1, server: localhost, request: "GET /hls/nesbyen/nesbyenlive01_2022-06-16_14-59-35.mp4/segment-13-v1-a1.ts HTTP/1.1", subrequest: "/remote/hls/nesbyen/nesbyenlive01_2022-06-16_14-59-35.mp4", upstream: "https://[2a01:4f9:b000::1]:443/nesbyen/nesbyenlive01_2022-06-16_14-59-35.mp4", host: "localhost"
2025/10/16 11:34:54 [warn] 17#17: *270 upstream server temporarily disabled while connecting to upstream, client: 172.20.0.1, server: localhost, request: "GET /hls/nesbyen/nesbyenlive01_2022-06-16_14-59-35.mp4/segment-13-v1-a1.ts HTTP/1.1", subrequest: "/remote/hls/nesbyen/nesbyenlive01_2022-06-16_14-59-35.mp4", upstream: "https://[2a01:4f9:b000::1]:443/nesbyen/nesbyenlive01_2022-06-16_14-59-35.mp4", host: "localhost"
2025/10/16 11:34:54 [error] 17#17: *270 connect() to [2a01:4f9:b000::1]:443 failed (101: Network is unreachable) while connecting to upstream, client: 172.20.0.1, server: localhost, request: "GET /hls/nesbyen/nesbyenlive01_2022-06-16_14-59-35.mp4/segment-13-v1-a1.ts HTTP/1.1", subrequest: "/remote/hls/nesbyen/nesbyenlive01_2022-06-16_14-59-35.mp4", upstream: "https://[2a01:4f9:b000::1]:443/nesbyen/nesbyenlive01_2022-06-16_14-59-35.mp4", host: "localhost"
2025/10/16 11:34:54 [warn] 17#17: *270 upstream server temporarily disabled while connecting to upstream, client: 172.20.0.1, server: localhost, request: "GET /hls/nesbyen/nesbyenlive01_2022-06-16_14-59-35.mp4/segment-13-v1-a1.ts HTTP/1.1", subrequest: "/remote/hls/nesbyen/nesbyenlive01_2022-06-16_14-59-35.mp4", upstream: "https://[2a01:4f9:b000::1]:443/nesbyen/nesbyenlive01_2022-06-16_14-59-35.mp4", host: "localhost"
2025/10/16 11:34:54 [notice] 1#1: signal 3 (SIGQUIT) received, shutting down
2025/10/16 11:34:54 [notice] 7#7: gracefully shutting down
2025/10/16 11:34:54 [notice] 8#8: gracefully shutting down
2025/10/16 11:34:54 [notice] 9#9: gracefully shutting down
2025/10/16 11:34:54 [notice] 11#11: gracefully shutting down
2025/10/16 11:34:54 [notice] 10#10: gracefully shutting down
2025/10/16 11:34:54 [notice] 12#12: gracefully shutting down
2025/10/16 11:34:54 [notice] 13#13: gracefully shutting down
2025/10/16 11:34:54 [notice] 14#14: gracefully shutting down
2025/10/16 11:34:54 [notice] 15#15: gracefully shutting down
2025/10/16 11:34:54 [notice] 17#17: gracefully shutting down
2025/10/16 11:34:54 [notice] 7#7: exiting
2025/10/16 11:34:54 [notice] 8#8: exiting
2025/10/16 11:34:54 [notice] 19#19: gracefully shutting down
2025/10/16 11:34:54 [notice] 18#18: gracefully shutting down
2025/10/16 11:34:54 [notice] 21#21: gracefully shutting down
2025/10/16 11:34:54 [notice] 16#16: gracefully shutting down
2025/10/16 11:34:54 [notice] 9#9: exiting
2025/10/16 11:34:54 [notice] 11#11: exiting
2025/10/16 11:34:54 [notice] 20#20: gracefully shutting down
2025/10/16 11:34:54 [notice] 10#10: exiting
2025/10/16 11:34:54 [notice] 23#23: gracefully shutting down
2025/10/16 11:34:54 [notice] 18#18: exiting
2025/10/16 11:34:54 [notice] 12#12: exiting
2025/10/16 11:34:54 [notice] 13#13: exiting
2025/10/16 11:34:54 [notice] 14#14: exiting
2025/10/16 11:34:54 [notice] 15#15: exiting
2025/10/16 11:34:54 [notice] 19#19: exiting
2025/10/16 11:34:54 [notice] 21#21: exiting
2025/10/16 11:34:54 [notice] 20#20: exiting
2025/10/16 11:34:54 [notice] 16#16: exiting
2025/10/16 11:34:54 [notice] 23#23: exiting
2025/10/16 11:34:54 [notice] 7#7: exit
2025/10/16 11:34:54 [notice] 11#11: exit
2025/10/16 11:34:54 [notice] 18#18: exit
2025/10/16 11:34:54 [notice] 10#10: exit
2025/10/16 11:34:54 [notice] 8#8: exit
2025/10/16 11:34:54 [notice] 13#13: exit
2025/10/16 11:34:54 [notice] 9#9: exit
2025/10/16 11:34:54 [notice] 12#12: exit
2025/10/16 11:34:54 [notice] 15#15: exit
2025/10/16 11:34:54 [notice] 14#14: exit
2025/10/16 11:34:54 [notice] 19#19: exit
2025/10/16 11:34:54 [notice] 21#21: exit
2025/10/16 11:34:54 [notice] 16#16: exit
2025/10/16 11:34:54 [notice] 20#20: exit
2025/10/16 11:34:54 [notice] 23#23: exit
2025/10/16 11:34:54 [notice] 25#25: gracefully shutting down
2025/10/16 11:34:54 [notice] 25#25: exiting
2025/10/16 11:34:54 [notice] 26#26: gracefully shutting down
2025/10/16 11:34:54 [notice] 22#22: gracefully shutting down
2025/10/16 11:34:54 [notice] 24#24: gracefully shutting down
2025/10/16 11:34:54 [notice] 26#26: exiting
2025/10/16 11:34:54 [notice] 22#22: exiting
2025/10/16 11:34:54 [notice] 24#24: exiting
2025/10/16 11:34:54 [notice] 25#25: exit
2025/10/16 11:34:54 [notice] 22#22: exit
2025/10/16 11:34:54 [notice] 24#24: exit
2025/10/16 11:34:54 [notice] 26#26: exit
2025/10/16 11:34:54 [notice] 1#1: signal 17 (SIGCHLD) received from 21
2025/10/16 11:34:54 [notice] 1#1: worker process 15 exited with code 0
2025/10/16 11:34:54 [notice] 1#1: worker process 21 exited with code 0
2025/10/16 11:34:54 [notice] 1#1: signal 29 (SIGIO) received
2025/10/16 11:34:54 [notice] 1#1: signal 17 (SIGCHLD) received from 22
2025/10/16 11:34:54 [notice] 1#1: worker process 8 exited with code 0
2025/10/16 11:34:54 [notice] 1#1: worker process 20 exited with code 0
2025/10/16 11:34:54 [notice] 1#1: worker process 22 exited with code 0
2025/10/16 11:34:54 [notice] 1#1: signal 29 (SIGIO) received
2025/10/16 11:34:54 [notice] 1#1: signal 17 (SIGCHLD) received from 8
2025/10/16 11:34:54 [notice] 1#1: signal 17 (SIGCHLD) received from 7
2025/10/16 11:34:54 [notice] 1#1: worker process 7 exited with code 0
2025/10/16 11:34:54 [notice] 1#1: signal 29 (SIGIO) received
2025/10/16 11:34:54 [notice] 1#1: signal 17 (SIGCHLD) received from 16
2025/10/16 11:34:54 [notice] 1#1: worker process 16 exited with code 0
2025/10/16 11:34:54 [notice] 1#1: worker process 19 exited with code 0
2025/10/16 11:34:54 [notice] 1#1: signal 29 (SIGIO) received
2025/10/16 11:34:54 [notice] 1#1: signal 17 (SIGCHLD) received from 19
2025/10/16 11:34:54 [notice] 1#1: signal 17 (SIGCHLD) received from 9
2025/10/16 11:34:54 [notice] 1#1: worker process 9 exited with code 0
2025/10/16 11:34:54 [notice] 1#1: signal 29 (SIGIO) received
2025/10/16 11:34:54 [notice] 1#1: signal 17 (SIGCHLD) received from 10
2025/10/16 11:34:54 [notice] 1#1: worker process 10 exited with code 0
2025/10/16 11:34:54 [notice] 1#1: signal 29 (SIGIO) received
2025/10/16 11:34:54 [notice] 1#1: signal 17 (SIGCHLD) received from 25
2025/10/16 11:34:54 [notice] 1#1: worker process 25 exited with code 0
2025/10/16 11:34:54 [notice] 1#1: signal 29 (SIGIO) received
2025/10/16 11:34:54 [notice] 1#1: signal 17 (SIGCHLD) received from 18
2025/10/16 11:34:54 [notice] 1#1: worker process 18 exited with code 0
2025/10/16 11:34:54 [notice] 1#1: signal 29 (SIGIO) received
2025/10/16 11:34:54 [notice] 1#1: signal 17 (SIGCHLD) received from 11
2025/10/16 11:34:54 [notice] 1#1: worker process 11 exited with code 0
2025/10/16 11:34:54 [notice] 1#1: worker process 13 exited with code 0
2025/10/16 11:34:54 [notice] 1#1: worker process 23 exited with code 0
2025/10/16 11:34:54 [notice] 1#1: signal 29 (SIGIO) received
2025/10/16 11:34:54 [notice] 1#1: signal 17 (SIGCHLD) received from 13
2025/10/16 11:34:54 [notice] 1#1: signal 17 (SIGCHLD) received from 12
2025/10/16 11:34:54 [notice] 1#1: worker process 12 exited with code 0
2025/10/16 11:34:54 [notice] 1#1: signal 29 (SIGIO) received
2025/10/16 11:34:54 [notice] 1#1: signal 17 (SIGCHLD) received from 24
2025/10/16 11:34:54 [notice] 1#1: worker process 24 exited with code 0
2025/10/16 11:34:54 [notice] 1#1: signal 29 (SIGIO) received
2025/10/16 11:34:54 [notice] 1#1: signal 17 (SIGCHLD) received from 14
2025/10/16 11:34:54 [notice] 1#1: worker process 14 exited with code 0
2025/10/16 11:34:54 [notice] 1#1: signal 29 (SIGIO) received
2025/10/16 11:34:54 [notice] 1#1: signal 17 (SIGCHLD) received from 26
2025/10/16 11:34:54 [notice] 1#1: worker process 26 exited with code 0
2025/10/16 11:34:54 [notice] 1#1: signal 29 (SIGIO) received
2025/10/16 11:34:57 [notice] 1#1: using the "epoll" event method
2025/10/16 11:34:57 [notice] 1#1: nginx/1.28.0
2025/10/16 11:34:57 [notice] 1#1: built by gcc 13.3.0 (Ubuntu 13.3.0-6ubuntu2~24.04) 
2025/10/16 11:34:57 [notice] 1#1: OS: Linux 6.17.2-arch1-1
2025/10/16 11:34:57 [notice] 1#1: getrlimit(RLIMIT_NOFILE): 1024:524288
2025/10/16 11:34:57 [notice] 1#1: start worker processes
2025/10/16 11:34:57 [notice] 1#1: start worker process 7
2025/10/16 11:34:57 [notice] 1#1: start worker process 8
2025/10/16 11:34:57 [info] 7#7: audio_encoder_process_init: using aac encoder "aac"
2025/10/16 11:34:57 [warn] 7#7: audio_encoder_process_init: encoder does not support the required input format, audio encoding is disabled
2025/10/16 11:34:57 [notice] 1#1: start worker process 9
2025/10/16 11:34:57 [info] 8#8: audio_encoder_process_init: using aac encoder "aac"
2025/10/16 11:34:57 [warn] 8#8: audio_encoder_process_init: encoder does not support the required input format, audio encoding is disabled
2025/10/16 11:34:57 [notice] 1#1: start worker process 10
2025/10/16 11:34:57 [info] 9#9: audio_encoder_process_init: using aac encoder "aac"
2025/10/16 11:34:57 [warn] 9#9: audio_encoder_process_init: encoder does not support the required input format, audio encoding is disabled
2025/10/16 11:34:57 [notice] 1#1: start worker process 11
2025/10/16 11:34:57 [info] 10#10: audio_encoder_process_init: using aac encoder "aac"
2025/10/16 11:34:57 [warn] 10#10: audio_encoder_process_init: encoder does not support the required input format, audio encoding is disabled
2025/10/16 11:34:57 [notice] 1#1: start worker process 12
2025/10/16 11:34:57 [info] 11#11: audio_encoder_process_init: using aac encoder "aac"
2025/10/16 11:34:57 [warn] 11#11: audio_encoder_process_init: encoder does not support the required input format, audio encoding is disabled
2025/10/16 11:34:57 [info] 12#12: audio_encoder_process_init: using aac encoder "aac"
2025/10/16 11:34:57 [warn] 12#12: audio_encoder_process_init: encoder does not support the required input format, audio encoding is disabled
2025/10/16 11:34:57 [notice] 1#1: start worker process 13
2025/10/16 11:34:57 [notice] 1#1: start worker process 14
2025/10/16 11:34:57 [info] 13#13: audio_encoder_process_init: using aac encoder "aac"
2025/10/16 11:34:57 [warn] 13#13: audio_encoder_process_init: encoder does not support the required input format, audio encoding is disabled
2025/10/16 11:34:57 [notice] 1#1: start worker process 15
2025/10/16 11:34:57 [info] 14#14: audio_encoder_process_init: using aac encoder "aac"
2025/10/16 11:34:57 [warn] 14#14: audio_encoder_process_init: encoder does not support the required input format, audio encoding is disabled
2025/10/16 11:34:57 [info] 15#15: audio_encoder_process_init: using aac encoder "aac"
2025/10/16 11:34:57 [warn] 15#15: audio_encoder_process_init: encoder does not support the required input format, audio encoding is disabled
2025/10/16 11:34:57 [notice] 1#1: start worker process 16
2025/10/16 11:34:57 [info] 16#16: audio_encoder_process_init: using aac encoder "aac"
2025/10/16 11:34:57 [warn] 16#16: audio_encoder_process_init: encoder does not support the required input format, audio encoding is disabled
2025/10/16 11:34:57 [notice] 1#1: start worker process 17
2025/10/16 11:34:57 [notice] 1#1: start worker process 18
2025/10/16 11:34:57 [info] 17#17: audio_encoder_process_init: using aac encoder "aac"
2025/10/16 11:34:57 [warn] 17#17: audio_encoder_process_init: encoder does not support the required input format, audio encoding is disabled
2025/10/16 11:34:57 [notice] 1#1: start worker process 19
2025/10/16 11:34:57 [info] 18#18: audio_encoder_process_init: using aac encoder "aac"
2025/10/16 11:34:57 [warn] 18#18: audio_encoder_process_init: encoder does not support the required input format, audio encoding is disabled
2025/10/16 11:34:57 [info] 19#19: audio_encoder_process_init: using aac encoder "aac"
2025/10/16 11:34:57 [notice] 1#1: start worker process 20
2025/10/16 11:34:57 [warn] 19#19: audio_encoder_process_init: encoder does not support the required input format, audio encoding is disabled
2025/10/16 11:34:57 [notice] 1#1: start worker process 21
2025/10/16 11:34:57 [info] 20#20: audio_encoder_process_init: using aac encoder "aac"
2025/10/16 11:34:57 [warn] 20#20: audio_encoder_process_init: encoder does not support the required input format, audio encoding is disabled
2025/10/16 11:34:57 [notice] 1#1: start worker process 22
2025/10/16 11:34:57 [info] 21#21: audio_encoder_process_init: using aac encoder "aac"
2025/10/16 11:34:57 [warn] 21#21: audio_encoder_process_init: encoder does not support the required input format, audio encoding is disabled
2025/10/16 11:34:57 [info] 22#22: audio_encoder_process_init: using aac encoder "aac"
2025/10/16 11:34:57 [warn] 22#22: audio_encoder_process_init: encoder does not support the required input format, audio encoding is disabled
2025/10/16 11:34:57 [notice] 1#1: start worker process 23
2025/10/16 11:34:57 [notice] 1#1: start worker process 24
2025/10/16 11:34:57 [info] 23#23: audio_encoder_process_init: using aac encoder "aac"
2025/10/16 11:34:57 [warn] 23#23: audio_encoder_process_init: encoder does not support the required input format, audio encoding is disabled
2025/10/16 11:34:57 [notice] 1#1: start worker process 25
2025/10/16 11:34:57 [info] 24#24: audio_encoder_process_init: using aac encoder "aac"
2025/10/16 11:34:57 [warn] 24#24: audio_encoder_process_init: encoder does not support the required input format, audio encoding is disabled
2025/10/16 11:34:57 [info] 25#25: audio_encoder_process_init: using aac encoder "aac"
2025/10/16 11:34:57 [warn] 25#25: audio_encoder_process_init: encoder does not support the required input format, audio encoding is disabled
2025/10/16 11:34:57 [notice] 1#1: start worker process 26
2025/10/16 11:34:57 [info] 26#26: audio_encoder_process_init: using aac encoder "aac"
2025/10/16 11:34:57 [warn] 26#26: audio_encoder_process_init: encoder does not support the required input format, audio encoding is disabled
2025/10/16 11:35:24 [error] 10#10: *8 connect() to [2a01:4f9:b000::1]:443 failed (101: Network is unreachable) while connecting to upstream, client: 172.20.0.1, server: localhost, request: "GET /hls/nesbyen/nesbyenlive01_2022-06-16_14-59-35.mp4/segment-1-v1-a1.ts HTTP/1.1", subrequest: "/remote/hls/nesbyen/nesbyenlive01_2022-06-16_14-59-35.mp4", upstream: "https://[2a01:4f9:b000::1]:443/nesbyen/nesbyenlive01_2022-06-16_14-59-35.mp4", host: "localhost"
2025/10/16 11:35:24 [warn] 10#10: *8 upstream server temporarily disabled while connecting to upstream, client: 172.20.0.1, server: localhost, request: "GET /hls/nesbyen/nesbyenlive01_2022-06-16_14-59-35.mp4/segment-1-v1-a1.ts HTTP/1.1", subrequest: "/remote/hls/nesbyen/nesbyenlive01_2022-06-16_14-59-35.mp4", upstream: "https://[2a01:4f9:b000::1]:443/nesbyen/nesbyenlive01_2022-06-16_14-59-35.mp4", host: "localhost"
2025/10/16 11:35:24 [error] 10#10: *8 connect() to [2a01:4f9:b000::1]:443 failed (101: Network is unreachable) while connecting to upstream, client: 172.20.0.1, server: localhost, request: "GET /hls/nesbyen/nesbyenlive01_2022-06-16_14-59-35.mp4/segment-1-v1-a1.ts HTTP/1.1", subrequest: "/remote/hls/nesbyen/nesbyenlive01_2022-06-16_14-59-35.mp4", upstream: "https://[2a01:4f9:b000::1]:443/nesbyen/nesbyenlive01_2022-06-16_14-59-35.mp4", host: "localhost"
2025/10/16 11:35:24 [warn] 10#10: *8 upstream server temporarily disabled while connecting to upstream, client: 172.20.0.1, server: localhost, request: "GET /hls/nesbyen/nesbyenlive01_2022-06-16_14-59-35.mp4/segment-1-v1-a1.ts HTTP/1.1", subrequest: "/remote/hls/nesbyen/nesbyenlive01_2022-06-16_14-59-35.mp4", upstream: "https://[2a01:4f9:b000::1]:443/nesbyen/nesbyenlive01_2022-06-16_14-59-35.mp4", host: "localhost"
2025/10/16 11:35:25 [error] 11#11: *13 connect() to [2a01:4f9:b000::1]:443 failed (101: Network is unreachable) while connecting to upstream, client: 172.20.0.1, server: localhost, request: "GET /hls/nesbyen/nesbyenlive01_2022-06-16_14-59-35.mp4/segment-2-v1-a1.ts HTTP/1.1", subrequest: "/remote/hls/nesbyen/nesbyenlive01_2022-06-16_14-59-35.mp4", upstream: "https://[2a01:4f9:b000::1]:443/nesbyen/nesbyenlive01_2022-06-16_14-59-35.mp4", host: "localhost"
2025/10/16 11:35:25 [warn] 11#11: *13 upstream server temporarily disabled while connecting to upstream, client: 172.20.0.1, server: localhost, request: "GET /hls/nesbyen/nesbyenlive01_2022-06-16_14-59-35.mp4/segment-2-v1-a1.ts HTTP/1.1", subrequest: "/remote/hls/nesbyen/nesbyenlive01_2022-06-16_14-59-35.mp4", upstream: "https://[2a01:4f9:b000::1]:443/nesbyen/nesbyenlive01_2022-06-16_14-59-35.mp4", host: "localhost"
2025/10/16 11:35:25 [error] 10#10: *8 connect() to [2a01:4f9:b000::1]:443 failed (101: Network is unreachable) while connecting to upstream, client: 172.20.0.1, server: localhost, request: "GET /hls/nesbyen/nesbyenlive01_2022-06-16_14-59-35.mp4/segment-1-v1-a1.ts HTTP/1.1", subrequest: "/remote/hls/nesbyen/nesbyenlive01_2022-06-16_14-59-35.mp4", upstream: "https://[2a01:4f9:b000::1]:443/nesbyen/nesbyenlive01_2022-06-16_14-59-35.mp4", host: "localhost"
2025/10/16 11:35:25 [warn] 10#10: *8 upstream server temporarily disabled while connecting to upstream, client: 172.20.0.1, server: localhost, request: "GET /hls/nesbyen/nesbyenlive01_2022-06-16_14-59-35.mp4/segment-1-v1-a1.ts HTTP/1.1", subrequest: "/remote/hls/nesbyen/nesbyenlive01_2022-06-16_14-59-35.mp4", upstream: "https://[2a01:4f9:b000::1]:443/nesbyen/nesbyenlive01_2022-06-16_14-59-35.mp4", host: "localhost"
2025/10/16 11:35:25 [error] 11#11: *13 connect() to [2a01:4f9:b000::1]:443 failed (101: Network is unreachable) while connecting to upstream, client: 172.20.0.1, server: localhost, request: "GET /hls/nesbyen/nesbyenlive01_2022-06-16_14-59-35.mp4/segment-2-v1-a1.ts HTTP/1.1", subrequest: "/remote/hls/nesbyen/nesbyenlive01_2022-06-16_14-59-35.mp4", upstream: "https://[2a01:4f9:b000::1]:443/nesbyen/nesbyenlive01_2022-06-16_14-59-35.mp4", host: "localhost"
2025/10/16 11:35:25 [warn] 11#11: *13 upstream server temporarily disabled while connecting to upstream, client: 172.20.0.1, server: localhost, request: "GET /hls/nesbyen/nesbyenlive01_2022-06-16_14-59-35.mp4/segment-2-v1-a1.ts HTTP/1.1", subrequest: "/remote/hls/nesbyen/nesbyenlive01_2022-06-16_14-59-35.mp4", upstream: "https://[2a01:4f9:b000::1]:443/nesbyen/nesbyenlive01_2022-06-16_14-59-35.mp4", host: "localhost"
2025/10/16 11:35:25 [error] 10#10: *8 connect() to [2a01:4f9:b000::1]:443 failed (101: Network is unreachable) while connecting to upstream, client: 172.20.0.1, server: localhost, request: "GET /hls/nesbyen/nesbyenlive01_2022-06-16_14-59-35.mp4/segment-1-v1-a1.ts HTTP/1.1", subrequest: "/remote/hls/nesbyen/nesbyenlive01_2022-06-16_14-59-35.mp4", upstream: "https://[2a01:4f9:b000::1]:443/nesbyen/nesbyenlive01_2022-06-16_14-59-35.mp4", host: "localhost"
2025/10/16 11:35:25 [warn] 10#10: *8 upstream server temporarily disabled while connecting to upstream, client: 172.20.0.1, server: localhost, request: "GET /hls/nesbyen/nesbyenlive01_2022-06-16_14-59-35.mp4/segment-1-v1-a1.ts HTTP/1.1", subrequest: "/remote/hls/nesbyen/nesbyenlive01_2022-06-16_14-59-35.mp4", upstream: "https://[2a01:4f9:b000::1]:443/nesbyen/nesbyenlive01_2022-06-16_14-59-35.mp4", host: "localhost"
2025/10/16 11:35:25 [error] 11#11: *13 connect() to [2a01:4f9:b000::1]:443 failed (101: Network is unreachable) while connecting to upstream, client: 172.20.0.1, server: localhost, request: "GET /hls/nesbyen/nesbyenlive01_2022-06-16_14-59-35.mp4/segment-2-v1-a1.ts HTTP/1.1", subrequest: "/remote/hls/nesbyen/nesbyenlive01_2022-06-16_14-59-35.mp4", upstream: "https://[2a01:4f9:b000::1]:443/nesbyen/nesbyenlive01_2022-06-16_14-59-35.mp4", host: "localhost"
2025/10/16 11:35:25 [warn] 11#11: *13 upstream server temporarily disabled while connecting to upstream, client: 172.20.0.1, server: localhost, request: "GET /hls/nesbyen/nesbyenlive01_2022-06-16_14-59-35.mp4/segment-2-v1-a1.ts HTTP/1.1", subrequest: "/remote/hls/nesbyen/nesbyenlive01_2022-06-16_14-59-35.mp4", upstream: "https://[2a01:4f9:b000::1]:443/nesbyen/nesbyenlive01_2022-06-16_14-59-35.mp4", host: "localhost"
2025/10/16 11:35:25 [error] 10#10: *8 connect() to [2a01:4f9:b000::1]:443 failed (101: Network is unreachable) while connecting to upstream, client: 172.20.0.1, server: localhost, request: "GET /hls/nesbyen/nesbyenlive01_2022-06-16_14-59-35.mp4/segment-1-v1-a1.ts HTTP/1.1", subrequest: "/remote/hls/nesbyen/nesbyenlive01_2022-06-16_14-59-35.mp4", upstream: "https://[2a01:4f9:b000::1]:443/nesbyen/nesbyenlive01_2022-06-16_14-59-35.mp4", host: "localhost"
2025/10/16 11:35:25 [warn] 10#10: *8 upstream server temporarily disabled while connecting to upstream, client: 172.20.0.1, server: localhost, request: "GET /hls/nesbyen/nesbyenlive01_2022-06-16_14-59-35.mp4/segment-1-v1-a1.ts HTTP/1.1", subrequest: "/remote/hls/nesbyen/nesbyenlive01_2022-06-16_14-59-35.mp4", upstream: "https://[2a01:4f9:b000::1]:443/nesbyen/nesbyenlive01_2022-06-16_14-59-35.mp4", host: "localhost"
2025/10/16 11:35:25 [error] 11#11: *13 connect() to [2a01:4f9:b000::1]:443 failed (101: Network is unreachable) while connecting to upstream, client: 172.20.0.1, server: localhost, request: "GET /hls/nesbyen/nesbyenlive01_2022-06-16_14-59-35.mp4/segment-2-v1-a1.ts HTTP/1.1", subrequest: "/remote/hls/nesbyen/nesbyenlive01_2022-06-16_14-59-35.mp4", upstream: "https://[2a01:4f9:b000::1]:443/nesbyen/nesbyenlive01_2022-06-16_14-59-35.mp4", host: "localhost"
2025/10/16 11:35:25 [warn] 11#11: *13 upstream server temporarily disabled while connecting to upstream, client: 172.20.0.1, server: localhost, request: "GET /hls/nesbyen/nesbyenlive01_2022-06-16_14-59-35.mp4/segment-2-v1-a1.ts HTTP/1.1", subrequest: "/remote/hls/nesbyen/nesbyenlive01_2022-06-16_14-59-35.mp4", upstream: "https://[2a01:4f9:b000::1]:443/nesbyen/nesbyenlive01_2022-06-16_14-59-35.mp4", host: "localhost"
2025/10/16 11:35:25 [error] 10#10: *8 connect() to [2a01:4f9:b000::1]:443 failed (101: Network is unreachable) while connecting to upstream, client: 172.20.0.1, server: localhost, request: "GET /hls/nesbyen/nesbyenlive01_2022-06-16_14-59-35.mp4/segment-1-v1-a1.ts HTTP/1.1", subrequest: "/remote/hls/nesbyen/nesbyenlive01_2022-06-16_14-59-35.mp4", upstream: "https://[2a01:4f9:b000::1]:443/nesbyen/nesbyenlive01_2022-06-16_14-59-35.mp4", host: "localhost"
2025/10/16 11:35:25 [warn] 10#10: *8 upstream server temporarily disabled while connecting to upstream, client: 172.20.0.1, server: localhost, request: "GET /hls/nesbyen/nesbyenlive01_2022-06-16_14-59-35.mp4/segment-1-v1-a1.ts HTTP/1.1", subrequest: "/remote/hls/nesbyen/nesbyenlive01_2022-06-16_14-59-35.mp4", upstream: "https://[2a01:4f9:b000::1]:443/nesbyen/nesbyenlive01_2022-06-16_14-59-35.mp4", host: "localhost"
2025/10/16 11:35:25 [error] 10#10: *8 connect() to [2a01:4f9:b000::1]:443 failed (101: Network is unreachable) while connecting to upstream, client: 172.20.0.1, server: localhost, request: "GET /hls/nesbyen/nesbyenlive01_2022-06-16_14-59-35.mp4/segment-1-v1-a1.ts HTTP/1.1", subrequest: "/remote/hls/nesbyen/nesbyenlive01_2022-06-16_14-59-35.mp4", upstream: "https://[2a01:4f9:b000::1]:443/nesbyen/nesbyenlive01_2022-06-16_14-59-35.mp4", host: "localhost"
2025/10/16 11:35:25 [warn] 10#10: *8 upstream server temporarily disabled while connecting to upstream, client: 172.20.0.1, server: localhost, request: "GET /hls/nesbyen/nesbyenlive01_2022-06-16_14-59-35.mp4/segment-1-v1-a1.ts HTTP/1.1", subrequest: "/remote/hls/nesbyen/nesbyenlive01_2022-06-16_14-59-35.mp4", upstream: "https://[2a01:4f9:b000::1]:443/nesbyen/nesbyenlive01_2022-06-16_14-59-35.mp4", host: "localhost"
2025/10/16 11:35:26 [error] 11#11: *13 connect() to [2a01:4f9:b000::1]:443 failed (101: Network is unreachable) while connecting to upstream, client: 172.20.0.1, server: localhost, request: "GET /hls/nesbyen/nesbyenlive01_2022-06-16_14-59-35.mp4/segment-2-v1-a1.ts HTTP/1.1", subrequest: "/remote/hls/nesbyen/nesbyenlive01_2022-06-16_14-59-35.mp4", upstream: "https://[2a01:4f9:b000::1]:443/nesbyen/nesbyenlive01_2022-06-16_14-59-35.mp4", host: "localhost"
2025/10/16 11:35:26 [warn] 11#11: *13 upstream server temporarily disabled while connecting to upstream, client: 172.20.0.1, server: localhost, request: "GET /hls/nesbyen/nesbyenlive01_2022-06-16_14-59-35.mp4/segment-2-v1-a1.ts HTTP/1.1", subrequest: "/remote/hls/nesbyen/nesbyenlive01_2022-06-16_14-59-35.mp4", upstream: "https://[2a01:4f9:b000::1]:443/nesbyen/nesbyenlive01_2022-06-16_14-59-35.mp4", host: "localhost"
2025/10/16 11:35:26 [error] 10#10: *8 connect() to [2a01:4f9:b000::1]:443 failed (101: Network is unreachable) while connecting to upstream, client: 172.20.0.1, server: localhost, request: "GET /hls/nesbyen/nesbyenlive01_2022-06-16_14-59-35.mp4/segment-1-v1-a1.ts HTTP/1.1", subrequest: "/remote/hls/nesbyen/nesbyenlive01_2022-06-16_14-59-35.mp4", upstream: "https://[2a01:4f9:b000::1]:443/nesbyen/nesbyenlive01_2022-06-16_14-59-35.mp4", host: "localhost"
2025/10/16 11:35:26 [warn] 10#10: *8 upstream server temporarily disabled while connecting to upstream, client: 172.20.0.1, server: localhost, request: "GET /hls/nesbyen/nesbyenlive01_2022-06-16_14-59-35.mp4/segment-1-v1-a1.ts HTTP/1.1", subrequest: "/remote/hls/nesbyen/nesbyenlive01_2022-06-16_14-59-35.mp4", upstream: "https://[2a01:4f9:b000::1]:443/nesbyen/nesbyenlive01_2022-06-16_14-59-35.mp4", host: "localhost"
2025/10/16 11:35:26 [error] 10#10: *8 connect() to [2a01:4f9:b000::1]:443 failed (101: Network is unreachable) while connecting to upstream, client: 172.20.0.1, server: localhost, request: "GET /hls/nesbyen/nesbyenlive01_2022-06-16_14-59-35.mp4/segment-1-v1-a1.ts HTTP/1.1", subrequest: "/remote/hls/nesbyen/nesbyenlive01_2022-06-16_14-59-35.mp4", upstream: "https://[2a01:4f9:b000::1]:443/nesbyen/nesbyenlive01_2022-06-16_14-59-35.mp4", host: "localhost"
2025/10/16 11:35:26 [warn] 10#10: *8 upstream server temporarily disabled while connecting to upstream, client: 172.20.0.1, server: localhost, request: "GET /hls/nesbyen/nesbyenlive01_2022-06-16_14-59-35.mp4/segment-1-v1-a1.ts HTTP/1.1", subrequest: "/remote/hls/nesbyen/nesbyenlive01_2022-06-16_14-59-35.mp4", upstream: "https://[2a01:4f9:b000::1]:443/nesbyen/nesbyenlive01_2022-06-16_14-59-35.mp4", host: "localhost"
2025/10/16 11:35:26 [error] 11#11: *13 connect() to [2a01:4f9:b000::1]:443 failed (101: Network is unreachable) while connecting to upstream, client: 172.20.0.1, server: localhost, request: "GET /hls/nesbyen/nesbyenlive01_2022-06-16_14-59-35.mp4/segment-2-v1-a1.ts HTTP/1.1", subrequest: "/remote/hls/nesbyen/nesbyenlive01_2022-06-16_14-59-35.mp4", upstream: "https://[2a01:4f9:b000::1]:443/nesbyen/nesbyenlive01_2022-06-16_14-59-35.mp4", host: "localhost"
2025/10/16 11:35:26 [warn] 11#11: *13 upstream server temporarily disabled while connecting to upstream, client: 172.20.0.1, server: localhost, request: "GET /hls/nesbyen/nesbyenlive01_2022-06-16_14-59-35.mp4/segment-2-v1-a1.ts HTTP/1.1", subrequest: "/remote/hls/nesbyen/nesbyenlive01_2022-06-16_14-59-35.mp4", upstream: "https://[2a01:4f9:b000::1]:443/nesbyen/nesbyenlive01_2022-06-16_14-59-35.mp4", host: "localhost"
2025/10/16 11:35:26 [error] 11#11: *13 connect() to [2a01:4f9:b000::1]:443 failed (101: Network is unreachable) while connecting to upstream, client: 172.20.0.1, server: localhost, request: "GET /hls/nesbyen/nesbyenlive01_2022-06-16_14-59-35.mp4/segment-2-v1-a1.ts HTTP/1.1", subrequest: "/remote/hls/nesbyen/nesbyenlive01_2022-06-16_14-59-35.mp4", upstream: "https://[2a01:4f9:b000::1]:443/nesbyen/nesbyenlive01_2022-06-16_14-59-35.mp4", host: "localhost"
2025/10/16 11:35:26 [warn] 11#11: *13 upstream server temporarily disabled while connecting to upstream, client: 172.20.0.1, server: localhost, request: "GET /hls/nesbyen/nesbyenlive01_2022-06-16_14-59-35.mp4/segment-2-v1-a1.ts HTTP/1.1", subrequest: "/remote/hls/nesbyen/nesbyenlive01_2022-06-16_14-59-35.mp4", upstream: "https://[2a01:4f9:b000::1]:443/nesbyen/nesbyenlive01_2022-06-16_14-59-35.mp4", host: "localhost"
2025/10/16 11:35:27 [error] 10#10: *8 connect() to [2a01:4f9:b000::1]:443 failed (101: Network is unreachable) while connecting to upstream, client: 172.20.0.1, server: localhost, request: "GET /hls/nesbyen/nesbyenlive01_2022-06-16_14-59-35.mp4/segment-3-v1-a1.ts HTTP/1.1", subrequest: "/remote/hls/nesbyen/nesbyenlive01_2022-06-16_14-59-35.mp4", upstream: "https://[2a01:4f9:b000::1]:443/nesbyen/nesbyenlive01_2022-06-16_14-59-35.mp4", host: "localhost"
2025/10/16 11:35:27 [warn] 10#10: *8 upstream server temporarily disabled while connecting to upstream, client: 172.20.0.1, server: localhost, request: "GET /hls/nesbyen/nesbyenlive01_2022-06-16_14-59-35.mp4/segment-3-v1-a1.ts HTTP/1.1", subrequest: "/remote/hls/nesbyen/nesbyenlive01_2022-06-16_14-59-35.mp4", upstream: "https://[2a01:4f9:b000::1]:443/nesbyen/nesbyenlive01_2022-06-16_14-59-35.mp4", host: "localhost"
2025/10/16 11:35:27 [error] 10#10: *8 connect() to [2a01:4f9:b000::1]:443 failed (101: Network is unreachable) while connecting to upstream, client: 172.20.0.1, server: localhost, request: "GET /hls/nesbyen/nesbyenlive01_2022-06-16_14-59-35.mp4/segment-3-v1-a1.ts HTTP/1.1", subrequest: "/remote/hls/nesbyen/nesbyenlive01_2022-06-16_14-59-35.mp4", upstream: "https://[2a01:4f9:b000::1]:443/nesbyen/nesbyenlive01_2022-06-16_14-59-35.mp4", host: "localhost"
2025/10/16 11:35:27 [warn] 10#10: *8 upstream server temporarily disabled while connecting to upstream, client: 172.20.0.1, server: localhost, request: "GET /hls/nesbyen/nesbyenlive01_2022-06-16_14-59-35.mp4/segment-3-v1-a1.ts HTTP/1.1", subrequest: "/remote/hls/nesbyen/nesbyenlive01_2022-06-16_14-59-35.mp4", upstream: "https://[2a01:4f9:b000::1]:443/nesbyen/nesbyenlive01_2022-06-16_14-59-35.mp4", host: "localhost"
2025/10/16 11:35:27 [error] 10#10: *8 connect() to [2a01:4f9:b000::1]:443 failed (101: Network is unreachable) while connecting to upstream, client: 172.20.0.1, server: localhost, request: "GET /hls/nesbyen/nesbyenlive01_2022-06-16_14-59-35.mp4/segment-3-v1-a1.ts HTTP/1.1", subrequest: "/remote/hls/nesbyen/nesbyenlive01_2022-06-16_14-59-35.mp4", upstream: "https://[2a01:4f9:b000::1]:443/nesbyen/nesbyenlive01_2022-06-16_14-59-35.mp4", host: "localhost"
2025/10/16 11:35:27 [warn] 10#10: *8 upstream server temporarily disabled while connecting to upstream, client: 172.20.0.1, server: localhost, request: "GET /hls/nesbyen/nesbyenlive01_2022-06-16_14-59-35.mp4/segment-3-v1-a1.ts HTTP/1.1", subrequest: "/remote/hls/nesbyen/nesbyenlive01_2022-06-16_14-59-35.mp4", upstream: "https://[2a01:4f9:b000::1]:443/nesbyen/nesbyenlive01_2022-06-16_14-59-35.mp4", host: "localhost"
2025/10/16 11:35:27 [error] 10#10: *8 connect() to [2a01:4f9:b000::1]:443 failed (101: Network is unreachable) while connecting to upstream, client: 172.20.0.1, server: localhost, request: "GET /hls/nesbyen/nesbyenlive01_2022-06-16_14-59-35.mp4/segment-3-v1-a1.ts HTTP/1.1", subrequest: "/remote/hls/nesbyen/nesbyenlive01_2022-06-16_14-59-35.mp4", upstream: "https://[2a01:4f9:b000::1]:443/nesbyen/nesbyenlive01_2022-06-16_14-59-35.mp4", host: "localhost"
2025/10/16 11:35:27 [warn] 10#10: *8 upstream server temporarily disabled while connecting to upstream, client: 172.20.0.1, server: localhost, request: "GET /hls/nesbyen/nesbyenlive01_2022-06-16_14-59-35.mp4/segment-3-v1-a1.ts HTTP/1.1", subrequest: "/remote/hls/nesbyen/nesbyenlive01_2022-06-16_14-59-35.mp4", upstream: "https://[2a01:4f9:b000::1]:443/nesbyen/nesbyenlive01_2022-06-16_14-59-35.mp4", host: "localhost"
2025/10/16 11:35:28 [info] 10#10: *8 epoll_wait() reported that client prematurely closed connection, so upstream connection is closed too while reading upstream, client: 172.20.0.1, server: localhost, request: "GET /hls/nesbyen/nesbyenlive01_2022-06-16_14-59-35.mp4/segment-3-v1-a1.ts HTTP/1.1", subrequest: "/remote/hls/nesbyen/nesbyenlive01_2022-06-16_14-59-35.mp4", upstream: "https://37.27.175.128:443/nesbyen/nesbyenlive01_2022-06-16_14-59-35.mp4", host: "localhost"
2025/10/16 11:35:28 [info] 11#11: *13 client 172.20.0.1 closed keepalive connection
2025/10/16 11:35:28 [error] 12#12: *69 connect() to [2a01:4f9:b000::1]:443 failed (101: Network is unreachable) while connecting to upstream, client: 172.20.0.1, server: localhost, request: "GET /hls/nesbyen/nesbyenlive01_2022-06-16_14-59-35.mp4/segment-1647-v1-a1.ts HTTP/1.1", subrequest: "/remote/hls/nesbyen/nesbyenlive01_2022-06-16_14-59-35.mp4", upstream: "https://[2a01:4f9:b000::1]:443/nesbyen/nesbyenlive01_2022-06-16_14-59-35.mp4", host: "localhost"
2025/10/16 11:35:28 [warn] 12#12: *69 upstream server temporarily disabled while connecting to upstream, client: 172.20.0.1, server: localhost, request: "GET /hls/nesbyen/nesbyenlive01_2022-06-16_14-59-35.mp4/segment-1647-v1-a1.ts HTTP/1.1", subrequest: "/remote/hls/nesbyen/nesbyenlive01_2022-06-16_14-59-35.mp4", upstream: "https://[2a01:4f9:b000::1]:443/nesbyen/nesbyenlive01_2022-06-16_14-59-35.mp4", host: "localhost"
2025/10/16 11:35:28 [error] 12#12: *69 connect() to [2a01:4f9:b000::1]:443 failed (101: Network is unreachable) while connecting to upstream, client: 172.20.0.1, server: localhost, request: "GET /hls/nesbyen/nesbyenlive01_2022-06-16_14-59-35.mp4/segment-1647-v1-a1.ts HTTP/1.1", subrequest: "/remote/hls/nesbyen/nesbyenlive01_2022-06-16_14-59-35.mp4", upstream: "https://[2a01:4f9:b000::1]:443/nesbyen/nesbyenlive01_2022-06-16_14-59-35.mp4", host: "localhost"
2025/10/16 11:35:28 [warn] 12#12: *69 upstream server temporarily disabled while connecting to upstream, client: 172.20.0.1, server: localhost, request: "GET /hls/nesbyen/nesbyenlive01_2022-06-16_14-59-35.mp4/segment-1647-v1-a1.ts HTTP/1.1", subrequest: "/remote/hls/nesbyen/nesbyenlive01_2022-06-16_14-59-35.mp4", upstream: "https://[2a01:4f9:b000::1]:443/nesbyen/nesbyenlive01_2022-06-16_14-59-35.mp4", host: "localhost"
2025/10/16 11:35:28 [error] 13#13: *74 connect() to [2a01:4f9:b000::1]:443 failed (101: Network is unreachable) while connecting to upstream, client: 172.20.0.1, server: localhost, request: "GET /hls/nesbyen/nesbyenlive01_2022-06-16_14-59-35.mp4/segment-1648-v1-a1.ts HTTP/1.1", subrequest: "/remote/hls/nesbyen/nesbyenlive01_2022-06-16_14-59-35.mp4", upstream: "https://[2a01:4f9:b000::1]:443/nesbyen/nesbyenlive01_2022-06-16_14-59-35.mp4", host: "localhost"
2025/10/16 11:35:28 [warn] 13#13: *74 upstream server temporarily disabled while connecting to upstream, client: 172.20.0.1, server: localhost, request: "GET /hls/nesbyen/nesbyenlive01_2022-06-16_14-59-35.mp4/segment-1648-v1-a1.ts HTTP/1.1", subrequest: "/remote/hls/nesbyen/nesbyenlive01_2022-06-16_14-59-35.mp4", upstream: "https://[2a01:4f9:b000::1]:443/nesbyen/nesbyenlive01_2022-06-16_14-59-35.mp4", host: "localhost"
2025/10/16 11:35:28 [error] 12#12: *69 connect() to [2a01:4f9:b000::1]:443 failed (101: Network is unreachable) while connecting to upstream, client: 172.20.0.1, server: localhost, request: "GET /hls/nesbyen/nesbyenlive01_2022-06-16_14-59-35.mp4/segment-1647-v1-a1.ts HTTP/1.1", subrequest: "/remote/hls/nesbyen/nesbyenlive01_2022-06-16_14-59-35.mp4", upstream: "https://[2a01:4f9:b000::1]:443/nesbyen/nesbyenlive01_2022-06-16_14-59-35.mp4", host: "localhost"
2025/10/16 11:35:28 [warn] 12#12: *69 upstream server temporarily disabled while connecting to upstream, client: 172.20.0.1, server: localhost, request: "GET /hls/nesbyen/nesbyenlive01_2022-06-16_14-59-35.mp4/segment-1647-v1-a1.ts HTTP/1.1", subrequest: "/remote/hls/nesbyen/nesbyenlive01_2022-06-16_14-59-35.mp4", upstream: "https://[2a01:4f9:b000::1]:443/nesbyen/nesbyenlive01_2022-06-16_14-59-35.mp4", host: "localhost"
2025/10/16 11:35:29 [error] 13#13: *74 connect() to [2a01:4f9:b000::1]:443 failed (101: Network is unreachable) while connecting to upstream, client: 172.20.0.1, server: localhost, request: "GET /hls/nesbyen/nesbyenlive01_2022-06-16_14-59-35.mp4/segment-1648-v1-a1.ts HTTP/1.1", subrequest: "/remote/hls/nesbyen/nesbyenlive01_2022-06-16_14-59-35.mp4", upstream: "https://[2a01:4f9:b000::1]:443/nesbyen/nesbyenlive01_2022-06-16_14-59-35.mp4", host: "localhost"
2025/10/16 11:35:29 [warn] 13#13: *74 upstream server temporarily disabled while connecting to upstream, client: 172.20.0.1, server: localhost, request: "GET /hls/nesbyen/nesbyenlive01_2022-06-16_14-59-35.mp4/segment-1648-v1-a1.ts HTTP/1.1", subrequest: "/remote/hls/nesbyen/nesbyenlive01_2022-06-16_14-59-35.mp4", upstream: "https://[2a01:4f9:b000::1]:443/nesbyen/nesbyenlive01_2022-06-16_14-59-35.mp4", host: "localhost"
2025/10/16 11:35:29 [error] 12#12: *69 connect() to [2a01:4f9:b000::1]:443 failed (101: Network is unreachable) while connecting to upstream, client: 172.20.0.1, server: localhost, request: "GET /hls/nesbyen/nesbyenlive01_2022-06-16_14-59-35.mp4/segment-1647-v1-a1.ts HTTP/1.1", subrequest: "/remote/hls/nesbyen/nesbyenlive01_2022-06-16_14-59-35.mp4", upstream: "https://[2a01:4f9:b000::1]:443/nesbyen/nesbyenlive01_2022-06-16_14-59-35.mp4", host: "localhost"
2025/10/16 11:35:29 [warn] 12#12: *69 upstream server temporarily disabled while connecting to upstream, client: 172.20.0.1, server: localhost, request: "GET /hls/nesbyen/nesbyenlive01_2022-06-16_14-59-35.mp4/segment-1647-v1-a1.ts HTTP/1.1", subrequest: "/remote/hls/nesbyen/nesbyenlive01_2022-06-16_14-59-35.mp4", upstream: "https://[2a01:4f9:b000::1]:443/nesbyen/nesbyenlive01_2022-06-16_14-59-35.mp4", host: "localhost"
2025/10/16 11:35:29 [error] 12#12: *69 connect() to [2a01:4f9:b000::1]:443 failed (101: Network is unreachable) while connecting to upstream, client: 172.20.0.1, server: localhost, request: "GET /hls/nesbyen/nesbyenlive01_2022-06-16_14-59-35.mp4/segment-1647-v1-a1.ts HTTP/1.1", subrequest: "/remote/hls/nesbyen/nesbyenlive01_2022-06-16_14-59-35.mp4", upstream: "https://[2a01:4f9:b000::1]:443/nesbyen/nesbyenlive01_2022-06-16_14-59-35.mp4", host: "localhost"
2025/10/16 11:35:29 [warn] 12#12: *69 upstream server temporarily disabled while connecting to upstream, client: 172.20.0.1, server: localhost, request: "GET /hls/nesbyen/nesbyenlive01_2022-06-16_14-59-35.mp4/segment-1647-v1-a1.ts HTTP/1.1", subrequest: "/remote/hls/nesbyen/nesbyenlive01_2022-06-16_14-59-35.mp4", upstream: "https://[2a01:4f9:b000::1]:443/nesbyen/nesbyenlive01_2022-06-16_14-59-35.mp4", host: "localhost"
2025/10/16 11:35:29 [error] 12#12: *69 connect() to [2a01:4f9:b000::1]:443 failed (101: Network is unreachable) while connecting to upstream, client: 172.20.0.1, server: localhost, request: "GET /hls/nesbyen/nesbyenlive01_2022-06-16_14-59-35.mp4/segment-1647-v1-a1.ts HTTP/1.1", subrequest: "/remote/hls/nesbyen/nesbyenlive01_2022-06-16_14-59-35.mp4", upstream: "https://[2a01:4f9:b000::1]:443/nesbyen/nesbyenlive01_2022-06-16_14-59-35.mp4", host: "localhost"
2025/10/16 11:35:29 [warn] 12#12: *69 upstream server temporarily disabled while connecting to upstream, client: 172.20.0.1, server: localhost, request: "GET /hls/nesbyen/nesbyenlive01_2022-06-16_14-59-35.mp4/segment-1647-v1-a1.ts HTTP/1.1", subrequest: "/remote/hls/nesbyen/nesbyenlive01_2022-06-16_14-59-35.mp4", upstream: "https://[2a01:4f9:b000::1]:443/nesbyen/nesbyenlive01_2022-06-16_14-59-35.mp4", host: "localhost"
2025/10/16 11:35:29 [error] 13#13: *74 connect() to [2a01:4f9:b000::1]:443 failed (101: Network is unreachable) while connecting to upstream, client: 172.20.0.1, server: localhost, request: "GET /hls/nesbyen/nesbyenlive01_2022-06-16_14-59-35.mp4/segment-1648-v1-a1.ts HTTP/1.1", subrequest: "/remote/hls/nesbyen/nesbyenlive01_2022-06-16_14-59-35.mp4", upstream: "https://[2a01:4f9:b000::1]:443/nesbyen/nesbyenlive01_2022-06-16_14-59-35.mp4", host: "localhost"
2025/10/16 11:35:29 [warn] 13#13: *74 upstream server temporarily disabled while connecting to upstream, client: 172.20.0.1, server: localhost, request: "GET /hls/nesbyen/nesbyenlive01_2022-06-16_14-59-35.mp4/segment-1648-v1-a1.ts HTTP/1.1", subrequest: "/remote/hls/nesbyen/nesbyenlive01_2022-06-16_14-59-35.mp4", upstream: "https://[2a01:4f9:b000::1]:443/nesbyen/nesbyenlive01_2022-06-16_14-59-35.mp4", host: "localhost"
2025/10/16 11:35:29 [error] 13#13: *74 connect() to [2a01:4f9:b000::1]:443 failed (101: Network is unreachable) while connecting to upstream, client: 172.20.0.1, server: localhost, request: "GET /hls/nesbyen/nesbyenlive01_2022-06-16_14-59-35.mp4/segment-1648-v1-a1.ts HTTP/1.1", subrequest: "/remote/hls/nesbyen/nesbyenlive01_2022-06-16_14-59-35.mp4", upstream: "https://[2a01:4f9:b000::1]:443/nesbyen/nesbyenlive01_2022-06-16_14-59-35.mp4", host: "localhost"
2025/10/16 11:35:29 [warn] 13#13: *74 upstream server temporarily disabled while connecting to upstream, client: 172.20.0.1, server: localhost, request: "GET /hls/nesbyen/nesbyenlive01_2022-06-16_14-59-35.mp4/segment-1648-v1-a1.ts HTTP/1.1", subrequest: "/remote/hls/nesbyen/nesbyenlive01_2022-06-16_14-59-35.mp4", upstream: "https://[2a01:4f9:b000::1]:443/nesbyen/nesbyenlive01_2022-06-16_14-59-35.mp4", host: "localhost"
2025/10/16 11:35:29 [error] 12#12: *69 connect() to [2a01:4f9:b000::1]:443 failed (101: Network is unreachable) while connecting to upstream, client: 172.20.0.1, server: localhost, request: "GET /hls/nesbyen/nesbyenlive01_2022-06-16_14-59-35.mp4/segment-1647-v1-a1.ts HTTP/1.1", subrequest: "/remote/hls/nesbyen/nesbyenlive01_2022-06-16_14-59-35.mp4", upstream: "https://[2a01:4f9:b000::1]:443/nesbyen/nesbyenlive01_2022-06-16_14-59-35.mp4", host: "localhost"
2025/10/16 11:35:29 [warn] 12#12: *69 upstream server temporarily disabled while connecting to upstream, client: 172.20.0.1, server: localhost, request: "GET /hls/nesbyen/nesbyenlive01_2022-06-16_14-59-35.mp4/segment-1647-v1-a1.ts HTTP/1.1", subrequest: "/remote/hls/nesbyen/nesbyenlive01_2022-06-16_14-59-35.mp4", upstream: "https://[2a01:4f9:b000::1]:443/nesbyen/nesbyenlive01_2022-06-16_14-59-35.mp4", host: "localhost"
2025/10/16 11:35:30 [error] 12#12: *69 connect() to [2a01:4f9:b000::1]:443 failed (101: Network is unreachable) while connecting to upstream, client: 172.20.0.1, server: localhost, request: "GET /hls/nesbyen/nesbyenlive01_2022-06-16_14-59-35.mp4/segment-1647-v1-a1.ts HTTP/1.1", subrequest: "/remote/hls/nesbyen/nesbyenlive01_2022-06-16_14-59-35.mp4", upstream: "https://[2a01:4f9:b000::1]:443/nesbyen/nesbyenlive01_2022-06-16_14-59-35.mp4", host: "localhost"
2025/10/16 11:35:30 [warn] 12#12: *69 upstream server temporarily disabled while connecting to upstream, client: 172.20.0.1, server: localhost, request: "GET /hls/nesbyen/nesbyenlive01_2022-06-16_14-59-35.mp4/segment-1647-v1-a1.ts HTTP/1.1", subrequest: "/remote/hls/nesbyen/nesbyenlive01_2022-06-16_14-59-35.mp4", upstream: "https://[2a01:4f9:b000::1]:443/nesbyen/nesbyenlive01_2022-06-16_14-59-35.mp4", host: "localhost"
2025/10/16 11:35:30 [error] 13#13: *74 connect() to [2a01:4f9:b000::1]:443 failed (101: Network is unreachable) while connecting to upstream, client: 172.20.0.1, server: localhost, request: "GET /hls/nesbyen/nesbyenlive01_2022-06-16_14-59-35.mp4/segment-1648-v1-a1.ts HTTP/1.1", subrequest: "/remote/hls/nesbyen/nesbyenlive01_2022-06-16_14-59-35.mp4", upstream: "https://[2a01:4f9:b000::1]:443/nesbyen/nesbyenlive01_2022-06-16_14-59-35.mp4", host: "localhost"
2025/10/16 11:35:30 [warn] 13#13: *74 upstream server temporarily disabled while connecting to upstream, client: 172.20.0.1, server: localhost, request: "GET /hls/nesbyen/nesbyenlive01_2022-06-16_14-59-35.mp4/segment-1648-v1-a1.ts HTTP/1.1", subrequest: "/remote/hls/nesbyen/nesbyenlive01_2022-06-16_14-59-35.mp4", upstream: "https://[2a01:4f9:b000::1]:443/nesbyen/nesbyenlive01_2022-06-16_14-59-35.mp4", host: "localhost"
2025/10/16 11:35:30 [error] 12#12: *69 connect() to [2a01:4f9:b000::1]:443 failed (101: Network is unreachable) while connecting to upstream, client: 172.20.0.1, server: localhost, request: "GET /hls/nesbyen/nesbyenlive01_2022-06-16_14-59-35.mp4/segment-1647-v1-a1.ts HTTP/1.1", subrequest: "/remote/hls/nesbyen/nesbyenlive01_2022-06-16_14-59-35.mp4", upstream: "https://[2a01:4f9:b000::1]:443/nesbyen/nesbyenlive01_2022-06-16_14-59-35.mp4", host: "localhost"
2025/10/16 11:35:30 [warn] 12#12: *69 upstream server temporarily disabled while connecting to upstream, client: 172.20.0.1, server: localhost, request: "GET /hls/nesbyen/nesbyenlive01_2022-06-16_14-59-35.mp4/segment-1647-v1-a1.ts HTTP/1.1", subrequest: "/remote/hls/nesbyen/nesbyenlive01_2022-06-16_14-59-35.mp4", upstream: "https://[2a01:4f9:b000::1]:443/nesbyen/nesbyenlive01_2022-06-16_14-59-35.mp4", host: "localhost"
2025/10/16 11:35:31 [error] 12#12: *69 connect() to [2a01:4f9:b000::1]:443 failed (101: Network is unreachable) while connecting to upstream, client: 172.20.0.1, server: localhost, request: "GET /hls/nesbyen/nesbyenlive01_2022-06-16_14-59-35.mp4/segment-1649-v1-a1.ts HTTP/1.1", subrequest: "/remote/hls/nesbyen/nesbyenlive01_2022-06-16_14-59-35.mp4", upstream: "https://[2a01:4f9:b000::1]:443/nesbyen/nesbyenlive01_2022-06-16_14-59-35.mp4", host: "localhost"
2025/10/16 11:35:31 [warn] 12#12: *69 upstream server temporarily disabled while connecting to upstream, client: 172.20.0.1, server: localhost, request: "GET /hls/nesbyen/nesbyenlive01_2022-06-16_14-59-35.mp4/segment-1649-v1-a1.ts HTTP/1.1", subrequest: "/remote/hls/nesbyen/nesbyenlive01_2022-06-16_14-59-35.mp4", upstream: "https://[2a01:4f9:b000::1]:443/nesbyen/nesbyenlive01_2022-06-16_14-59-35.mp4", host: "localhost"
2025/10/16 11:35:31 [error] 12#12: *69 connect() to [2a01:4f9:b000::1]:443 failed (101: Network is unreachable) while connecting to upstream, client: 172.20.0.1, server: localhost, request: "GET /hls/nesbyen/nesbyenlive01_2022-06-16_14-59-35.mp4/segment-1649-v1-a1.ts HTTP/1.1", subrequest: "/remote/hls/nesbyen/nesbyenlive01_2022-06-16_14-59-35.mp4", upstream: "https://[2a01:4f9:b000::1]:443/nesbyen/nesbyenlive01_2022-06-16_14-59-35.mp4", host: "localhost"
2025/10/16 11:35:31 [warn] 12#12: *69 upstream server temporarily disabled while connecting to upstream, client: 172.20.0.1, server: localhost, request: "GET /hls/nesbyen/nesbyenlive01_2022-06-16_14-59-35.mp4/segment-1649-v1-a1.ts HTTP/1.1", subrequest: "/remote/hls/nesbyen/nesbyenlive01_2022-06-16_14-59-35.mp4", upstream: "https://[2a01:4f9:b000::1]:443/nesbyen/nesbyenlive01_2022-06-16_14-59-35.mp4", host: "localhost"
2025/10/16 11:35:31 [error] 12#12: *69 connect() to [2a01:4f9:b000::1]:443 failed (101: Network is unreachable) while connecting to upstream, client: 172.20.0.1, server: localhost, request: "GET /hls/nesbyen/nesbyenlive01_2022-06-16_14-59-35.mp4/segment-1649-v1-a1.ts HTTP/1.1", subrequest: "/remote/hls/nesbyen/nesbyenlive01_2022-06-16_14-59-35.mp4", upstream: "https://[2a01:4f9:b000::1]:443/nesbyen/nesbyenlive01_2022-06-16_14-59-35.mp4", host: "localhost"
2025/10/16 11:35:31 [warn] 12#12: *69 upstream server temporarily disabled while connecting to upstream, client: 172.20.0.1, server: localhost, request: "GET /hls/nesbyen/nesbyenlive01_2022-06-16_14-59-35.mp4/segment-1649-v1-a1.ts HTTP/1.1", subrequest: "/remote/hls/nesbyen/nesbyenlive01_2022-06-16_14-59-35.mp4", upstream: "https://[2a01:4f9:b000::1]:443/nesbyen/nesbyenlive01_2022-06-16_14-59-35.mp4", host: "localhost"
2025/10/16 11:35:31 [error] 12#12: *69 connect() to [2a01:4f9:b000::1]:443 failed (101: Network is unreachable) while connecting to upstream, client: 172.20.0.1, server: localhost, request: "GET /hls/nesbyen/nesbyenlive01_2022-06-16_14-59-35.mp4/segment-1649-v1-a1.ts HTTP/1.1", subrequest: "/remote/hls/nesbyen/nesbyenlive01_2022-06-16_14-59-35.mp4", upstream: "https://[2a01:4f9:b000::1]:443/nesbyen/nesbyenlive01_2022-06-16_14-59-35.mp4", host: "localhost"
2025/10/16 11:35:31 [warn] 12#12: *69 upstream server temporarily disabled while connecting to upstream, client: 172.20.0.1, server: localhost, request: "GET /hls/nesbyen/nesbyenlive01_2022-06-16_14-59-35.mp4/segment-1649-v1-a1.ts HTTP/1.1", subrequest: "/remote/hls/nesbyen/nesbyenlive01_2022-06-16_14-59-35.mp4", upstream: "https://[2a01:4f9:b000::1]:443/nesbyen/nesbyenlive01_2022-06-16_14-59-35.mp4", host: "localhost"
2025/10/16 11:35:32 [error] 12#12: *69 connect() to [2a01:4f9:b000::1]:443 failed (101: Network is unreachable) while connecting to upstream, client: 172.20.0.1, server: localhost, request: "GET /hls/nesbyen/nesbyenlive01_2022-06-16_14-59-35.mp4/segment-1649-v1-a1.ts HTTP/1.1", subrequest: "/remote/hls/nesbyen/nesbyenlive01_2022-06-16_14-59-35.mp4", upstream: "https://[2a01:4f9:b000::1]:443/nesbyen/nesbyenlive01_2022-06-16_14-59-35.mp4", host: "localhost"
2025/10/16 11:35:32 [warn] 12#12: *69 upstream server temporarily disabled while connecting to upstream, client: 172.20.0.1, server: localhost, request: "GET /hls/nesbyen/nesbyenlive01_2022-06-16_14-59-35.mp4/segment-1649-v1-a1.ts HTTP/1.1", subrequest: "/remote/hls/nesbyen/nesbyenlive01_2022-06-16_14-59-35.mp4", upstream: "https://[2a01:4f9:b000::1]:443/nesbyen/nesbyenlive01_2022-06-16_14-59-35.mp4", host: "localhost"
2025/10/16 11:35:32 [error] 12#12: *69 connect() to [2a01:4f9:b000::1]:443 failed (101: Network is unreachable) while connecting to upstream, client: 172.20.0.1, server: localhost, request: "GET /hls/nesbyen/nesbyenlive01_2022-06-16_14-59-35.mp4/segment-1649-v1-a1.ts HTTP/1.1", subrequest: "/remote/hls/nesbyen/nesbyenlive01_2022-06-16_14-59-35.mp4", upstream: "https://[2a01:4f9:b000::1]:443/nesbyen/nesbyenlive01_2022-06-16_14-59-35.mp4", host: "localhost"
2025/10/16 11:35:32 [warn] 12#12: *69 upstream server temporarily disabled while connecting to upstream, client: 172.20.0.1, server: localhost, request: "GET /hls/nesbyen/nesbyenlive01_2022-06-16_14-59-35.mp4/segment-1649-v1-a1.ts HTTP/1.1", subrequest: "/remote/hls/nesbyen/nesbyenlive01_2022-06-16_14-59-35.mp4", upstream: "https://[2a01:4f9:b000::1]:443/nesbyen/nesbyenlive01_2022-06-16_14-59-35.mp4", host: "localhost"
2025/10/16 11:35:32 [error] 13#13: *74 connect() to [2a01:4f9:b000::1]:443 failed (101: Network is unreachable) while connecting to upstream, client: 172.20.0.1, server: localhost, request: "GET /hls/nesbyen/nesbyenlive01_2022-06-16_14-59-35.mp4/segment-1650-v1-a1.ts HTTP/1.1", subrequest: "/remote/hls/nesbyen/nesbyenlive01_2022-06-16_14-59-35.mp4", upstream: "https://[2a01:4f9:b000::1]:443/nesbyen/nesbyenlive01_2022-06-16_14-59-35.mp4", host: "localhost"
2025/10/16 11:35:32 [warn] 13#13: *74 upstream server temporarily disabled while connecting to upstream, client: 172.20.0.1, server: localhost, request: "GET /hls/nesbyen/nesbyenlive01_2022-06-16_14-59-35.mp4/segment-1650-v1-a1.ts HTTP/1.1", subrequest: "/remote/hls/nesbyen/nesbyenlive01_2022-06-16_14-59-35.mp4", upstream: "https://[2a01:4f9:b000::1]:443/nesbyen/nesbyenlive01_2022-06-16_14-59-35.mp4", host: "localhost"
2025/10/16 11:35:32 [error] 13#13: *74 connect() to [2a01:4f9:b000::1]:443 failed (101: Network is unreachable) while connecting to upstream, client: 172.20.0.1, server: localhost, request: "GET /hls/nesbyen/nesbyenlive01_2022-06-16_14-59-35.mp4/segment-1650-v1-a1.ts HTTP/1.1", subrequest: "/remote/hls/nesbyen/nesbyenlive01_2022-06-16_14-59-35.mp4", upstream: "https://[2a01:4f9:b000::1]:443/nesbyen/nesbyenlive01_2022-06-16_14-59-35.mp4", host: "localhost"
2025/10/16 11:35:32 [warn] 13#13: *74 upstream server temporarily disabled while connecting to upstream, client: 172.20.0.1, server: localhost, request: "GET /hls/nesbyen/nesbyenlive01_2022-06-16_14-59-35.mp4/segment-1650-v1-a1.ts HTTP/1.1", subrequest: "/remote/hls/nesbyen/nesbyenlive01_2022-06-16_14-59-35.mp4", upstream: "https://[2a01:4f9:b000::1]:443/nesbyen/nesbyenlive01_2022-06-16_14-59-35.mp4", host: "localhost"
2025/10/16 11:35:32 [error] 12#12: *69 connect() to [2a01:4f9:b000::1]:443 failed (101: Network is unreachable) while connecting to upstream, client: 172.20.0.1, server: localhost, request: "GET /hls/nesbyen/nesbyenlive01_2022-06-16_14-59-35.mp4/segment-1651-v1-a1.ts HTTP/1.1", subrequest: "/remote/hls/nesbyen/nesbyenlive01_2022-06-16_14-59-35.mp4", upstream: "https://[2a01:4f9:b000::1]:443/nesbyen/nesbyenlive01_2022-06-16_14-59-35.mp4", host: "localhost"
2025/10/16 11:35:32 [warn] 12#12: *69 upstream server temporarily disabled while connecting to upstream, client: 172.20.0.1, server: localhost, request: "GET /hls/nesbyen/nesbyenlive01_2022-06-16_14-59-35.mp4/segment-1651-v1-a1.ts HTTP/1.1", subrequest: "/remote/hls/nesbyen/nesbyenlive01_2022-06-16_14-59-35.mp4", upstream: "https://[2a01:4f9:b000::1]:443/nesbyen/nesbyenlive01_2022-06-16_14-59-35.mp4", host: "localhost"
2025/10/16 11:35:33 [error] 12#12: *69 connect() to [2a01:4f9:b000::1]:443 failed (101: Network is unreachable) while connecting to upstream, client: 172.20.0.1, server: localhost, request: "GET /hls/nesbyen/nesbyenlive01_2022-06-16_14-59-35.mp4/segment-1651-v1-a1.ts HTTP/1.1", subrequest: "/remote/hls/nesbyen/nesbyenlive01_2022-06-16_14-59-35.mp4", upstream: "https://[2a01:4f9:b000::1]:443/nesbyen/nesbyenlive01_2022-06-16_14-59-35.mp4", host: "localhost"
2025/10/16 11:35:33 [warn] 12#12: *69 upstream server temporarily disabled while connecting to upstream, client: 172.20.0.1, server: localhost, request: "GET /hls/nesbyen/nesbyenlive01_2022-06-16_14-59-35.mp4/segment-1651-v1-a1.ts HTTP/1.1", subrequest: "/remote/hls/nesbyen/nesbyenlive01_2022-06-16_14-59-35.mp4", upstream: "https://[2a01:4f9:b000::1]:443/nesbyen/nesbyenlive01_2022-06-16_14-59-35.mp4", host: "localhost"
2025/10/16 11:35:33 [error] 12#12: *69 connect() to [2a01:4f9:b000::1]:443 failed (101: Network is unreachable) while connecting to upstream, client: 172.20.0.1, server: localhost, request: "GET /hls/nesbyen/nesbyenlive01_2022-06-16_14-59-35.mp4/segment-1651-v1-a1.ts HTTP/1.1", subrequest: "/remote/hls/nesbyen/nesbyenlive01_2022-06-16_14-59-35.mp4", upstream: "https://[2a01:4f9:b000::1]:443/nesbyen/nesbyenlive01_2022-06-16_14-59-35.mp4", host: "localhost"
2025/10/16 11:35:33 [warn] 12#12: *69 upstream server temporarily disabled while connecting to upstream, client: 172.20.0.1, server: localhost, request: "GET /hls/nesbyen/nesbyenlive01_2022-06-16_14-59-35.mp4/segment-1651-v1-a1.ts HTTP/1.1", subrequest: "/remote/hls/nesbyen/nesbyenlive01_2022-06-16_14-59-35.mp4", upstream: "https://[2a01:4f9:b000::1]:443/nesbyen/nesbyenlive01_2022-06-16_14-59-35.mp4", host: "localhost"
2025/10/16 11:35:33 [error] 13#13: *74 connect() to [2a01:4f9:b000::1]:443 failed (101: Network is unreachable) while connecting to upstream, client: 172.20.0.1, server: localhost, request: "GET /hls/nesbyen/nesbyenlive01_2022-06-16_14-59-35.mp4/segment-1650-v1-a1.ts HTTP/1.1", subrequest: "/remote/hls/nesbyen/nesbyenlive01_2022-06-16_14-59-35.mp4", upstream: "https://[2a01:4f9:b000::1]:443/nesbyen/nesbyenlive01_2022-06-16_14-59-35.mp4", host: "localhost"
2025/10/16 11:35:33 [warn] 13#13: *74 upstream server temporarily disabled while connecting to upstream, client: 172.20.0.1, server: localhost, request: "GET /hls/nesbyen/nesbyenlive01_2022-06-16_14-59-35.mp4/segment-1650-v1-a1.ts HTTP/1.1", subrequest: "/remote/hls/nesbyen/nesbyenlive01_2022-06-16_14-59-35.mp4", upstream: "https://[2a01:4f9:b000::1]:443/nesbyen/nesbyenlive01_2022-06-16_14-59-35.mp4", host: "localhost"
2025/10/16 11:35:33 [error] 13#13: *74 connect() to [2a01:4f9:b000::1]:443 failed (101: Network is unreachable) while connecting to upstream, client: 172.20.0.1, server: localhost, request: "GET /hls/nesbyen/nesbyenlive01_2022-06-16_14-59-35.mp4/segment-1652-v1-a1.ts HTTP/1.1", subrequest: "/remote/hls/nesbyen/nesbyenlive01_2022-06-16_14-59-35.mp4", upstream: "https://[2a01:4f9:b000::1]:443/nesbyen/nesbyenlive01_2022-06-16_14-59-35.mp4", host: "localhost"
2025/10/16 11:35:33 [warn] 13#13: *74 upstream server temporarily disabled while connecting to upstream, client: 172.20.0.1, server: localhost, request: "GET /hls/nesbyen/nesbyenlive01_2022-06-16_14-59-35.mp4/segment-1652-v1-a1.ts HTTP/1.1", subrequest: "/remote/hls/nesbyen/nesbyenlive01_2022-06-16_14-59-35.mp4", upstream: "https://[2a01:4f9:b000::1]:443/nesbyen/nesbyenlive01_2022-06-16_14-59-35.mp4", host: "localhost"
2025/10/16 11:35:34 [error] 12#12: *69 connect() to [2a01:4f9:b000::1]:443 failed (101: Network is unreachable) while connecting to upstream, client: 172.20.0.1, server: localhost, request: "GET /hls/nesbyen/nesbyenlive01_2022-06-16_14-59-35.mp4/segment-1651-v1-a1.ts HTTP/1.1", subrequest: "/remote/hls/nesbyen/nesbyenlive01_2022-06-16_14-59-35.mp4", upstream: "https://[2a01:4f9:b000::1]:443/nesbyen/nesbyenlive01_2022-06-16_14-59-35.mp4", host: "localhost"
2025/10/16 11:35:34 [warn] 12#12: *69 upstream server temporarily disabled while connecting to upstream, client: 172.20.0.1, server: localhost, request: "GET /hls/nesbyen/nesbyenlive01_2022-06-16_14-59-35.mp4/segment-1651-v1-a1.ts HTTP/1.1", subrequest: "/remote/hls/nesbyen/nesbyenlive01_2022-06-16_14-59-35.mp4", upstream: "https://[2a01:4f9:b000::1]:443/nesbyen/nesbyenlive01_2022-06-16_14-59-35.mp4", host: "localhost"
2025/10/16 11:35:34 [error] 13#13: *74 connect() to [2a01:4f9:b000::1]:443 failed (101: Network is unreachable) while connecting to upstream, client: 172.20.0.1, server: localhost, request: "GET /hls/nesbyen/nesbyenlive01_2022-06-16_14-59-35.mp4/segment-1652-v1-a1.ts HTTP/1.1", subrequest: "/remote/hls/nesbyen/nesbyenlive01_2022-06-16_14-59-35.mp4", upstream: "https://[2a01:4f9:b000::1]:443/nesbyen/nesbyenlive01_2022-06-16_14-59-35.mp4", host: "localhost"
2025/10/16 11:35:34 [warn] 13#13: *74 upstream server temporarily disabled while connecting to upstream, client: 172.20.0.1, server: localhost, request: "GET /hls/nesbyen/nesbyenlive01_2022-06-16_14-59-35.mp4/segment-1652-v1-a1.ts HTTP/1.1", subrequest: "/remote/hls/nesbyen/nesbyenlive01_2022-06-16_14-59-35.mp4", upstream: "https://[2a01:4f9:b000::1]:443/nesbyen/nesbyenlive01_2022-06-16_14-59-35.mp4", host: "localhost"
2025/10/16 11:35:34 [error] 12#12: *69 connect() to [2a01:4f9:b000::1]:443 failed (101: Network is unreachable) while connecting to upstream, client: 172.20.0.1, server: localhost, request: "GET /hls/nesbyen/nesbyenlive01_2022-06-16_14-59-35.mp4/segment-1651-v1-a1.ts HTTP/1.1", subrequest: "/remote/hls/nesbyen/nesbyenlive01_2022-06-16_14-59-35.mp4", upstream: "https://[2a01:4f9:b000::1]:443/nesbyen/nesbyenlive01_2022-06-16_14-59-35.mp4", host: "localhost"
2025/10/16 11:35:34 [warn] 12#12: *69 upstream server temporarily disabled while connecting to upstream, client: 172.20.0.1, server: localhost, request: "GET /hls/nesbyen/nesbyenlive01_2022-06-16_14-59-35.mp4/segment-1651-v1-a1.ts HTTP/1.1", subrequest: "/remote/hls/nesbyen/nesbyenlive01_2022-06-16_14-59-35.mp4", upstream: "https://[2a01:4f9:b000::1]:443/nesbyen/nesbyenlive01_2022-06-16_14-59-35.mp4", host: "localhost"
2025/10/16 11:35:34 [error] 12#12: *69 connect() to [2a01:4f9:b000::1]:443 failed (101: Network is unreachable) while connecting to upstream, client: 172.20.0.1, server: localhost, request: "GET /hls/nesbyen/nesbyenlive01_2022-06-16_14-59-35.mp4/segment-1651-v1-a1.ts HTTP/1.1", subrequest: "/remote/hls/nesbyen/nesbyenlive01_2022-06-16_14-59-35.mp4", upstream: "https://[2a01:4f9:b000::1]:443/nesbyen/nesbyenlive01_2022-06-16_14-59-35.mp4", host: "localhost"
2025/10/16 11:35:34 [warn] 12#12: *69 upstream server temporarily disabled while connecting to upstream, client: 172.20.0.1, server: localhost, request: "GET /hls/nesbyen/nesbyenlive01_2022-06-16_14-59-35.mp4/segment-1651-v1-a1.ts HTTP/1.1", subrequest: "/remote/hls/nesbyen/nesbyenlive01_2022-06-16_14-59-35.mp4", upstream: "https://[2a01:4f9:b000::1]:443/nesbyen/nesbyenlive01_2022-06-16_14-59-35.mp4", host: "localhost"
2025/10/16 11:35:34 [error] 12#12: *69 connect() to [2a01:4f9:b000::1]:443 failed (101: Network is unreachable) while connecting to upstream, client: 172.20.0.1, server: localhost, request: "GET /hls/nesbyen/nesbyenlive01_2022-06-16_14-59-35.mp4/segment-1653-v1-a1.ts HTTP/1.1", subrequest: "/remote/hls/nesbyen/nesbyenlive01_2022-06-16_14-59-35.mp4", upstream: "https://[2a01:4f9:b000::1]:443/nesbyen/nesbyenlive01_2022-06-16_14-59-35.mp4", host: "localhost"
2025/10/16 11:35:34 [warn] 12#12: *69 upstream server temporarily disabled while connecting to upstream, client: 172.20.0.1, server: localhost, request: "GET /hls/nesbyen/nesbyenlive01_2022-06-16_14-59-35.mp4/segment-1653-v1-a1.ts HTTP/1.1", subrequest: "/remote/hls/nesbyen/nesbyenlive01_2022-06-16_14-59-35.mp4", upstream: "https://[2a01:4f9:b000::1]:443/nesbyen/nesbyenlive01_2022-06-16_14-59-35.mp4", host: "localhost"
2025/10/16 11:35:35 [error] 12#12: *69 connect() to [2a01:4f9:b000::1]:443 failed (101: Network is unreachable) while connecting to upstream, client: 172.20.0.1, server: localhost, request: "GET /hls/nesbyen/nesbyenlive01_2022-06-16_14-59-35.mp4/segment-1653-v1-a1.ts HTTP/1.1", subrequest: "/remote/hls/nesbyen/nesbyenlive01_2022-06-16_14-59-35.mp4", upstream: "https://[2a01:4f9:b000::1]:443/nesbyen/nesbyenlive01_2022-06-16_14-59-35.mp4", host: "localhost"
2025/10/16 11:35:35 [warn] 12#12: *69 upstream server temporarily disabled while connecting to upstream, client: 172.20.0.1, server: localhost, request: "GET /hls/nesbyen/nesbyenlive01_2022-06-16_14-59-35.mp4/segment-1653-v1-a1.ts HTTP/1.1", subrequest: "/remote/hls/nesbyen/nesbyenlive01_2022-06-16_14-59-35.mp4", upstream: "https://[2a01:4f9:b000::1]:443/nesbyen/nesbyenlive01_2022-06-16_14-59-35.mp4", host: "localhost"
2025/10/16 11:35:35 [error] 13#13: *74 connect() to [2a01:4f9:b000::1]:443 failed (101: Network is unreachable) while connecting to upstream, client: 172.20.0.1, server: localhost, request: "GET /hls/nesbyen/nesbyenlive01_2022-06-16_14-59-35.mp4/segment-1652-v1-a1.ts HTTP/1.1", subrequest: "/remote/hls/nesbyen/nesbyenlive01_2022-06-16_14-59-35.mp4", upstream: "https://[2a01:4f9:b000::1]:443/nesbyen/nesbyenlive01_2022-06-16_14-59-35.mp4", host: "localhost"
2025/10/16 11:35:35 [warn] 13#13: *74 upstream server temporarily disabled while connecting to upstream, client: 172.20.0.1, server: localhost, request: "GET /hls/nesbyen/nesbyenlive01_2022-06-16_14-59-35.mp4/segment-1652-v1-a1.ts HTTP/1.1", subrequest: "/remote/hls/nesbyen/nesbyenlive01_2022-06-16_14-59-35.mp4", upstream: "https://[2a01:4f9:b000::1]:443/nesbyen/nesbyenlive01_2022-06-16_14-59-35.mp4", host: "localhost"
2025/10/16 11:35:35 [error] 13#13: *74 connect() to [2a01:4f9:b000::1]:443 failed (101: Network is unreachable) while connecting to upstream, client: 172.20.0.1, server: localhost, request: "GET /hls/nesbyen/nesbyenlive01_2022-06-16_14-59-35.mp4/segment-1652-v1-a1.ts HTTP/1.1", subrequest: "/remote/hls/nesbyen/nesbyenlive01_2022-06-16_14-59-35.mp4", upstream: "https://[2a01:4f9:b000::1]:443/nesbyen/nesbyenlive01_2022-06-16_14-59-35.mp4", host: "localhost"
2025/10/16 11:35:35 [warn] 13#13: *74 upstream server temporarily disabled while connecting to upstream, client: 172.20.0.1, server: localhost, request: "GET /hls/nesbyen/nesbyenlive01_2022-06-16_14-59-35.mp4/segment-1652-v1-a1.ts HTTP/1.1", subrequest: "/remote/hls/nesbyen/nesbyenlive01_2022-06-16_14-59-35.mp4", upstream: "https://[2a01:4f9:b000::1]:443/nesbyen/nesbyenlive01_2022-06-16_14-59-35.mp4", host: "localhost"
2025/10/16 11:35:35 [error] 13#13: *74 connect() to [2a01:4f9:b000::1]:443 failed (101: Network is unreachable) while connecting to upstream, client: 172.20.0.1, server: localhost, request: "GET /hls/nesbyen/nesbyenlive01_2022-06-16_14-59-35.mp4/segment-1652-v1-a1.ts HTTP/1.1", subrequest: "/remote/hls/nesbyen/nesbyenlive01_2022-06-16_14-59-35.mp4", upstream: "https://[2a01:4f9:b000::1]:443/nesbyen/nesbyenlive01_2022-06-16_14-59-35.mp4", host: "localhost"
2025/10/16 11:35:35 [warn] 13#13: *74 upstream server temporarily disabled while connecting to upstream, client: 172.20.0.1, server: localhost, request: "GET /hls/nesbyen/nesbyenlive01_2022-06-16_14-59-35.mp4/segment-1652-v1-a1.ts HTTP/1.1", subrequest: "/remote/hls/nesbyen/nesbyenlive01_2022-06-16_14-59-35.mp4", upstream: "https://[2a01:4f9:b000::1]:443/nesbyen/nesbyenlive01_2022-06-16_14-59-35.mp4", host: "localhost"
2025/10/16 11:35:35 [error] 12#12: *69 connect() to [2a01:4f9:b000::1]:443 failed (101: Network is unreachable) while connecting to upstream, client: 172.20.0.1, server: localhost, request: "GET /hls/nesbyen/nesbyenlive01_2022-06-16_14-59-35.mp4/segment-1653-v1-a1.ts HTTP/1.1", subrequest: "/remote/hls/nesbyen/nesbyenlive01_2022-06-16_14-59-35.mp4", upstream: "https://[2a01:4f9:b000::1]:443/nesbyen/nesbyenlive01_2022-06-16_14-59-35.mp4", host: "localhost"
2025/10/16 11:35:35 [warn] 12#12: *69 upstream server temporarily disabled while connecting to upstream, client: 172.20.0.1, server: localhost, request: "GET /hls/nesbyen/nesbyenlive01_2022-06-16_14-59-35.mp4/segment-1653-v1-a1.ts HTTP/1.1", subrequest: "/remote/hls/nesbyen/nesbyenlive01_2022-06-16_14-59-35.mp4", upstream: "https://[2a01:4f9:b000::1]:443/nesbyen/nesbyenlive01_2022-06-16_14-59-35.mp4", host: "localhost"
2025/10/16 11:35:35 [error] 12#12: *69 connect() to [2a01:4f9:b000::1]:443 failed (101: Network is unreachable) while connecting to upstream, client: 172.20.0.1, server: localhost, request: "GET /hls/nesbyen/nesbyenlive01_2022-06-16_14-59-35.mp4/segment-1653-v1-a1.ts HTTP/1.1", subrequest: "/remote/hls/nesbyen/nesbyenlive01_2022-06-16_14-59-35.mp4", upstream: "https://[2a01:4f9:b000::1]:443/nesbyen/nesbyenlive01_2022-06-16_14-59-35.mp4", host: "localhost"
2025/10/16 11:35:35 [warn] 12#12: *69 upstream server temporarily disabled while connecting to upstream, client: 172.20.0.1, server: localhost, request: "GET /hls/nesbyen/nesbyenlive01_2022-06-16_14-59-35.mp4/segment-1653-v1-a1.ts HTTP/1.1", subrequest: "/remote/hls/nesbyen/nesbyenlive01_2022-06-16_14-59-35.mp4", upstream: "https://[2a01:4f9:b000::1]:443/nesbyen/nesbyenlive01_2022-06-16_14-59-35.mp4", host: "localhost"
2025/10/16 11:35:35 [error] 13#13: *74 connect() to [2a01:4f9:b000::1]:443 failed (101: Network is unreachable) while connecting to upstream, client: 172.20.0.1, server: localhost, request: "GET /hls/nesbyen/nesbyenlive01_2022-06-16_14-59-35.mp4/segment-1654-v1-a1.ts HTTP/1.1", subrequest: "/remote/hls/nesbyen/nesbyenlive01_2022-06-16_14-59-35.mp4", upstream: "https://[2a01:4f9:b000::1]:443/nesbyen/nesbyenlive01_2022-06-16_14-59-35.mp4", host: "localhost"
2025/10/16 11:35:35 [warn] 13#13: *74 upstream server temporarily disabled while connecting to upstream, client: 172.20.0.1, server: localhost, request: "GET /hls/nesbyen/nesbyenlive01_2022-06-16_14-59-35.mp4/segment-1654-v1-a1.ts HTTP/1.1", subrequest: "/remote/hls/nesbyen/nesbyenlive01_2022-06-16_14-59-35.mp4", upstream: "https://[2a01:4f9:b000::1]:443/nesbyen/nesbyenlive01_2022-06-16_14-59-35.mp4", host: "localhost"
2025/10/16 11:35:36 [error] 13#13: *74 connect() to [2a01:4f9:b000::1]:443 failed (101: Network is unreachable) while connecting to upstream, client: 172.20.0.1, server: localhost, request: "GET /hls/nesbyen/nesbyenlive01_2022-06-16_14-59-35.mp4/segment-1654-v1-a1.ts HTTP/1.1", subrequest: "/remote/hls/nesbyen/nesbyenlive01_2022-06-16_14-59-35.mp4", upstream: "https://[2a01:4f9:b000::1]:443/nesbyen/nesbyenlive01_2022-06-16_14-59-35.mp4", host: "localhost"
2025/10/16 11:35:36 [warn] 13#13: *74 upstream server temporarily disabled while connecting to upstream, client: 172.20.0.1, server: localhost, request: "GET /hls/nesbyen/nesbyenlive01_2022-06-16_14-59-35.mp4/segment-1654-v1-a1.ts HTTP/1.1", subrequest: "/remote/hls/nesbyen/nesbyenlive01_2022-06-16_14-59-35.mp4", upstream: "https://[2a01:4f9:b000::1]:443/nesbyen/nesbyenlive01_2022-06-16_14-59-35.mp4", host: "localhost"
2025/10/16 11:35:36 [error] 13#13: *74 connect() to [2a01:4f9:b000::1]:443 failed (101: Network is unreachable) while connecting to upstream, client: 172.20.0.1, server: localhost, request: "GET /hls/nesbyen/nesbyenlive01_2022-06-16_14-59-35.mp4/segment-1654-v1-a1.ts HTTP/1.1", subrequest: "/remote/hls/nesbyen/nesbyenlive01_2022-06-16_14-59-35.mp4", upstream: "https://[2a01:4f9:b000::1]:443/nesbyen/nesbyenlive01_2022-06-16_14-59-35.mp4", host: "localhost"
2025/10/16 11:35:36 [warn] 13#13: *74 upstream server temporarily disabled while connecting to upstream, client: 172.20.0.1, server: localhost, request: "GET /hls/nesbyen/nesbyenlive01_2022-06-16_14-59-35.mp4/segment-1654-v1-a1.ts HTTP/1.1", subrequest: "/remote/hls/nesbyen/nesbyenlive01_2022-06-16_14-59-35.mp4", upstream: "https://[2a01:4f9:b000::1]:443/nesbyen/nesbyenlive01_2022-06-16_14-59-35.mp4", host: "localhost"
2025/10/16 11:35:36 [error] 12#12: *69 connect() to [2a01:4f9:b000::1]:443 failed (101: Network is unreachable) while connecting to upstream, client: 172.20.0.1, server: localhost, request: "GET /hls/nesbyen/nesbyenlive01_2022-06-16_14-59-35.mp4/segment-1653-v1-a1.ts HTTP/1.1", subrequest: "/remote/hls/nesbyen/nesbyenlive01_2022-06-16_14-59-35.mp4", upstream: "https://[2a01:4f9:b000::1]:443/nesbyen/nesbyenlive01_2022-06-16_14-59-35.mp4", host: "localhost"
2025/10/16 11:35:36 [warn] 12#12: *69 upstream server temporarily disabled while connecting to upstream, client: 172.20.0.1, server: localhost, request: "GET /hls/nesbyen/nesbyenlive01_2022-06-16_14-59-35.mp4/segment-1653-v1-a1.ts HTTP/1.1", subrequest: "/remote/hls/nesbyen/nesbyenlive01_2022-06-16_14-59-35.mp4", upstream: "https://[2a01:4f9:b000::1]:443/nesbyen/nesbyenlive01_2022-06-16_14-59-35.mp4", host: "localhost"
2025/10/16 11:35:36 [error] 13#13: *74 connect() to [2a01:4f9:b000::1]:443 failed (101: Network is unreachable) while connecting to upstream, client: 172.20.0.1, server: localhost, request: "GET /hls/nesbyen/nesbyenlive01_2022-06-16_14-59-35.mp4/segment-1654-v1-a1.ts HTTP/1.1", subrequest: "/remote/hls/nesbyen/nesbyenlive01_2022-06-16_14-59-35.mp4", upstream: "https://[2a01:4f9:b000::1]:443/nesbyen/nesbyenlive01_2022-06-16_14-59-35.mp4", host: "localhost"
2025/10/16 11:35:36 [warn] 13#13: *74 upstream server temporarily disabled while connecting to upstream, client: 172.20.0.1, server: localhost, request: "GET /hls/nesbyen/nesbyenlive01_2022-06-16_14-59-35.mp4/segment-1654-v1-a1.ts HTTP/1.1", subrequest: "/remote/hls/nesbyen/nesbyenlive01_2022-06-16_14-59-35.mp4", upstream: "https://[2a01:4f9:b000::1]:443/nesbyen/nesbyenlive01_2022-06-16_14-59-35.mp4", host: "localhost"
2025/10/16 11:35:36 [error] 12#12: *69 connect() to [2a01:4f9:b000::1]:443 failed (101: Network is unreachable) while connecting to upstream, client: 172.20.0.1, server: localhost, request: "GET /hls/nesbyen/nesbyenlive01_2022-06-16_14-59-35.mp4/segment-1653-v1-a1.ts HTTP/1.1", subrequest: "/remote/hls/nesbyen/nesbyenlive01_2022-06-16_14-59-35.mp4", upstream: "https://[2a01:4f9:b000::1]:443/nesbyen/nesbyenlive01_2022-06-16_14-59-35.mp4", host: "localhost"
2025/10/16 11:35:36 [warn] 12#12: *69 upstream server temporarily disabled while connecting to upstream, client: 172.20.0.1, server: localhost, request: "GET /hls/nesbyen/nesbyenlive01_2022-06-16_14-59-35.mp4/segment-1653-v1-a1.ts HTTP/1.1", subrequest: "/remote/hls/nesbyen/nesbyenlive01_2022-06-16_14-59-35.mp4", upstream: "https://[2a01:4f9:b000::1]:443/nesbyen/nesbyenlive01_2022-06-16_14-59-35.mp4", host: "localhost"
2025/10/16 11:35:36 [error] 13#13: *74 connect() to [2a01:4f9:b000::1]:443 failed (101: Network is unreachable) while connecting to upstream, client: 172.20.0.1, server: localhost, request: "GET /hls/nesbyen/nesbyenlive01_2022-06-16_14-59-35.mp4/segment-1654-v1-a1.ts HTTP/1.1", subrequest: "/remote/hls/nesbyen/nesbyenlive01_2022-06-16_14-59-35.mp4", upstream: "https://[2a01:4f9:b000::1]:443/nesbyen/nesbyenlive01_2022-06-16_14-59-35.mp4", host: "localhost"
2025/10/16 11:35:36 [warn] 13#13: *74 upstream server temporarily disabled while connecting to upstream, client: 172.20.0.1, server: localhost, request: "GET /hls/nesbyen/nesbyenlive01_2022-06-16_14-59-35.mp4/segment-1654-v1-a1.ts HTTP/1.1", subrequest: "/remote/hls/nesbyen/nesbyenlive01_2022-06-16_14-59-35.mp4", upstream: "https://[2a01:4f9:b000::1]:443/nesbyen/nesbyenlive01_2022-06-16_14-59-35.mp4", host: "localhost"
2025/10/16 11:35:37 [error] 13#13: *74 connect() to [2a01:4f9:b000::1]:443 failed (101: Network is unreachable) while connecting to upstream, client: 172.20.0.1, server: localhost, request: "GET /hls/nesbyen/nesbyenlive01_2022-06-16_14-59-35.mp4/segment-1654-v1-a1.ts HTTP/1.1", subrequest: "/remote/hls/nesbyen/nesbyenlive01_2022-06-16_14-59-35.mp4", upstream: "https://[2a01:4f9:b000::1]:443/nesbyen/nesbyenlive01_2022-06-16_14-59-35.mp4", host: "localhost"
2025/10/16 11:35:37 [warn] 13#13: *74 upstream server temporarily disabled while connecting to upstream, client: 172.20.0.1, server: localhost, request: "GET /hls/nesbyen/nesbyenlive01_2022-06-16_14-59-35.mp4/segment-1654-v1-a1.ts HTTP/1.1", subrequest: "/remote/hls/nesbyen/nesbyenlive01_2022-06-16_14-59-35.mp4", upstream: "https://[2a01:4f9:b000::1]:443/nesbyen/nesbyenlive01_2022-06-16_14-59-35.mp4", host: "localhost"
2025/10/16 11:35:37 [error] 12#12: *69 connect() to [2a01:4f9:b000::1]:443 failed (101: Network is unreachable) while connecting to upstream, client: 172.20.0.1, server: localhost, request: "GET /hls/nesbyen/nesbyenlive01_2022-06-16_14-59-35.mp4/segment-1655-v1-a1.ts HTTP/1.1", subrequest: "/remote/hls/nesbyen/nesbyenlive01_2022-06-16_14-59-35.mp4", upstream: "https://[2a01:4f9:b000::1]:443/nesbyen/nesbyenlive01_2022-06-16_14-59-35.mp4", host: "localhost"
2025/10/16 11:35:37 [warn] 12#12: *69 upstream server temporarily disabled while connecting to upstream, client: 172.20.0.1, server: localhost, request: "GET /hls/nesbyen/nesbyenlive01_2022-06-16_14-59-35.mp4/segment-1655-v1-a1.ts HTTP/1.1", subrequest: "/remote/hls/nesbyen/nesbyenlive01_2022-06-16_14-59-35.mp4", upstream: "https://[2a01:4f9:b000::1]:443/nesbyen/nesbyenlive01_2022-06-16_14-59-35.mp4", host: "localhost"
2025/10/16 11:35:37 [error] 12#12: *69 connect() to [2a01:4f9:b000::1]:443 failed (101: Network is unreachable) while connecting to upstream, client: 172.20.0.1, server: localhost, request: "GET /hls/nesbyen/nesbyenlive01_2022-06-16_14-59-35.mp4/segment-1655-v1-a1.ts HTTP/1.1", subrequest: "/remote/hls/nesbyen/nesbyenlive01_2022-06-16_14-59-35.mp4", upstream: "https://[2a01:4f9:b000::1]:443/nesbyen/nesbyenlive01_2022-06-16_14-59-35.mp4", host: "localhost"
2025/10/16 11:35:37 [warn] 12#12: *69 upstream server temporarily disabled while connecting to upstream, client: 172.20.0.1, server: localhost, request: "GET /hls/nesbyen/nesbyenlive01_2022-06-16_14-59-35.mp4/segment-1655-v1-a1.ts HTTP/1.1", subrequest: "/remote/hls/nesbyen/nesbyenlive01_2022-06-16_14-59-35.mp4", upstream: "https://[2a01:4f9:b000::1]:443/nesbyen/nesbyenlive01_2022-06-16_14-59-35.mp4", host: "localhost"
2025/10/16 11:35:37 [error] 12#12: *69 connect() to [2a01:4f9:b000::1]:443 failed (101: Network is unreachable) while connecting to upstream, client: 172.20.0.1, server: localhost, request: "GET /hls/nesbyen/nesbyenlive01_2022-06-16_14-59-35.mp4/segment-1655-v1-a1.ts HTTP/1.1", subrequest: "/remote/hls/nesbyen/nesbyenlive01_2022-06-16_14-59-35.mp4", upstream: "https://[2a01:4f9:b000::1]:443/nesbyen/nesbyenlive01_2022-06-16_14-59-35.mp4", host: "localhost"
2025/10/16 11:35:37 [warn] 12#12: *69 upstream server temporarily disabled while connecting to upstream, client: 172.20.0.1, server: localhost, request: "GET /hls/nesbyen/nesbyenlive01_2022-06-16_14-59-35.mp4/segment-1655-v1-a1.ts HTTP/1.1", subrequest: "/remote/hls/nesbyen/nesbyenlive01_2022-06-16_14-59-35.mp4", upstream: "https://[2a01:4f9:b000::1]:443/nesbyen/nesbyenlive01_2022-06-16_14-59-35.mp4", host: "localhost"
2025/10/16 11:35:37 [error] 13#13: *74 connect() to [2a01:4f9:b000::1]:443 failed (101: Network is unreachable) while connecting to upstream, client: 172.20.0.1, server: localhost, request: "GET /hls/nesbyen/nesbyenlive01_2022-06-16_14-59-35.mp4/segment-1654-v1-a1.ts HTTP/1.1", subrequest: "/remote/hls/nesbyen/nesbyenlive01_2022-06-16_14-59-35.mp4", upstream: "https://[2a01:4f9:b000::1]:443/nesbyen/nesbyenlive01_2022-06-16_14-59-35.mp4", host: "localhost"
2025/10/16 11:35:37 [warn] 13#13: *74 upstream server temporarily disabled while connecting to upstream, client: 172.20.0.1, server: localhost, request: "GET /hls/nesbyen/nesbyenlive01_2022-06-16_14-59-35.mp4/segment-1654-v1-a1.ts HTTP/1.1", subrequest: "/remote/hls/nesbyen/nesbyenlive01_2022-06-16_14-59-35.mp4", upstream: "https://[2a01:4f9:b000::1]:443/nesbyen/nesbyenlive01_2022-06-16_14-59-35.mp4", host: "localhost"
2025/10/16 11:35:37 [error] 13#13: *74 connect() to [2a01:4f9:b000::1]:443 failed (101: Network is unreachable) while connecting to upstream, client: 172.20.0.1, server: localhost, request: "GET /hls/nesbyen/nesbyenlive01_2022-06-16_14-59-35.mp4/segment-1654-v1-a1.ts HTTP/1.1", subrequest: "/remote/hls/nesbyen/nesbyenlive01_2022-06-16_14-59-35.mp4", upstream: "https://[2a01:4f9:b000::1]:443/nesbyen/nesbyenlive01_2022-06-16_14-59-35.mp4", host: "localhost"
2025/10/16 11:35:37 [warn] 13#13: *74 upstream server temporarily disabled while connecting to upstream, client: 172.20.0.1, server: localhost, request: "GET /hls/nesbyen/nesbyenlive01_2022-06-16_14-59-35.mp4/segment-1654-v1-a1.ts HTTP/1.1", subrequest: "/remote/hls/nesbyen/nesbyenlive01_2022-06-16_14-59-35.mp4", upstream: "https://[2a01:4f9:b000::1]:443/nesbyen/nesbyenlive01_2022-06-16_14-59-35.mp4", host: "localhost"
2025/10/16 11:35:38 [error] 13#13: *74 connect() to [2a01:4f9:b000::1]:443 failed (101: Network is unreachable) while connecting to upstream, client: 172.20.0.1, server: localhost, request: "GET /hls/nesbyen/nesbyenlive01_2022-06-16_14-59-35.mp4/segment-1656-v1-a1.ts HTTP/1.1", subrequest: "/remote/hls/nesbyen/nesbyenlive01_2022-06-16_14-59-35.mp4", upstream: "https://[2a01:4f9:b000::1]:443/nesbyen/nesbyenlive01_2022-06-16_14-59-35.mp4", host: "localhost"
2025/10/16 11:35:38 [warn] 13#13: *74 upstream server temporarily disabled while connecting to upstream, client: 172.20.0.1, server: localhost, request: "GET /hls/nesbyen/nesbyenlive01_2022-06-16_14-59-35.mp4/segment-1656-v1-a1.ts HTTP/1.1", subrequest: "/remote/hls/nesbyen/nesbyenlive01_2022-06-16_14-59-35.mp4", upstream: "https://[2a01:4f9:b000::1]:443/nesbyen/nesbyenlive01_2022-06-16_14-59-35.mp4", host: "localhost"
2025/10/16 11:35:38 [error] 12#12: *69 connect() to [2a01:4f9:b000::1]:443 failed (101: Network is unreachable) while connecting to upstream, client: 172.20.0.1, server: localhost, request: "GET /hls/nesbyen/nesbyenlive01_2022-06-16_14-59-35.mp4/segment-1655-v1-a1.ts HTTP/1.1", subrequest: "/remote/hls/nesbyen/nesbyenlive01_2022-06-16_14-59-35.mp4", upstream: "https://[2a01:4f9:b000::1]:443/nesbyen/nesbyenlive01_2022-06-16_14-59-35.mp4", host: "localhost"
2025/10/16 11:35:38 [warn] 12#12: *69 upstream server temporarily disabled while connecting to upstream, client: 172.20.0.1, server: localhost, request: "GET /hls/nesbyen/nesbyenlive01_2022-06-16_14-59-35.mp4/segment-1655-v1-a1.ts HTTP/1.1", subrequest: "/remote/hls/nesbyen/nesbyenlive01_2022-06-16_14-59-35.mp4", upstream: "https://[2a01:4f9:b000::1]:443/nesbyen/nesbyenlive01_2022-06-16_14-59-35.mp4", host: "localhost"
2025/10/16 11:35:38 [error] 13#13: *74 connect() to [2a01:4f9:b000::1]:443 failed (101: Network is unreachable) while connecting to upstream, client: 172.20.0.1, server: localhost, request: "GET /hls/nesbyen/nesbyenlive01_2022-06-16_14-59-35.mp4/segment-1656-v1-a1.ts HTTP/1.1", subrequest: "/remote/hls/nesbyen/nesbyenlive01_2022-06-16_14-59-35.mp4", upstream: "https://[2a01:4f9:b000::1]:443/nesbyen/nesbyenlive01_2022-06-16_14-59-35.mp4", host: "localhost"
2025/10/16 11:35:38 [warn] 13#13: *74 upstream server temporarily disabled while connecting to upstream, client: 172.20.0.1, server: localhost, request: "GET /hls/nesbyen/nesbyenlive01_2022-06-16_14-59-35.mp4/segment-1656-v1-a1.ts HTTP/1.1", subrequest: "/remote/hls/nesbyen/nesbyenlive01_2022-06-16_14-59-35.mp4", upstream: "https://[2a01:4f9:b000::1]:443/nesbyen/nesbyenlive01_2022-06-16_14-59-35.mp4", host: "localhost"
2025/10/16 11:35:38 [error] 12#12: *69 connect() to [2a01:4f9:b000::1]:443 failed (101: Network is unreachable) while connecting to upstream, client: 172.20.0.1, server: localhost, request: "GET /hls/nesbyen/nesbyenlive01_2022-06-16_14-59-35.mp4/segment-1657-v1-a1.ts HTTP/1.1", subrequest: "/remote/hls/nesbyen/nesbyenlive01_2022-06-16_14-59-35.mp4", upstream: "https://[2a01:4f9:b000::1]:443/nesbyen/nesbyenlive01_2022-06-16_14-59-35.mp4", host: "localhost"
2025/10/16 11:35:38 [warn] 12#12: *69 upstream server temporarily disabled while connecting to upstream, client: 172.20.0.1, server: localhost, request: "GET /hls/nesbyen/nesbyenlive01_2022-06-16_14-59-35.mp4/segment-1657-v1-a1.ts HTTP/1.1", subrequest: "/remote/hls/nesbyen/nesbyenlive01_2022-06-16_14-59-35.mp4", upstream: "https://[2a01:4f9:b000::1]:443/nesbyen/nesbyenlive01_2022-06-16_14-59-35.mp4", host: "localhost"
2025/10/16 11:35:38 [error] 13#13: *74 connect() to [2a01:4f9:b000::1]:443 failed (101: Network is unreachable) while connecting to upstream, client: 172.20.0.1, server: localhost, request: "GET /hls/nesbyen/nesbyenlive01_2022-06-16_14-59-35.mp4/segment-1656-v1-a1.ts HTTP/1.1", subrequest: "/remote/hls/nesbyen/nesbyenlive01_2022-06-16_14-59-35.mp4", upstream: "https://[2a01:4f9:b000::1]:443/nesbyen/nesbyenlive01_2022-06-16_14-59-35.mp4", host: "localhost"
2025/10/16 11:35:38 [warn] 13#13: *74 upstream server temporarily disabled while connecting to upstream, client: 172.20.0.1, server: localhost, request: "GET /hls/nesbyen/nesbyenlive01_2022-06-16_14-59-35.mp4/segment-1656-v1-a1.ts HTTP/1.1", subrequest: "/remote/hls/nesbyen/nesbyenlive01_2022-06-16_14-59-35.mp4", upstream: "https://[2a01:4f9:b000::1]:443/nesbyen/nesbyenlive01_2022-06-16_14-59-35.mp4", host: "localhost"
2025/10/16 11:35:38 [error] 13#13: *74 connect() to [2a01:4f9:b000::1]:443 failed (101: Network is unreachable) while connecting to upstream, client: 172.20.0.1, server: localhost, request: "GET /hls/nesbyen/nesbyenlive01_2022-06-16_14-59-35.mp4/segment-1656-v1-a1.ts HTTP/1.1", subrequest: "/remote/hls/nesbyen/nesbyenlive01_2022-06-16_14-59-35.mp4", upstream: "https://[2a01:4f9:b000::1]:443/nesbyen/nesbyenlive01_2022-06-16_14-59-35.mp4", host: "localhost"
2025/10/16 11:35:38 [warn] 13#13: *74 upstream server temporarily disabled while connecting to upstream, client: 172.20.0.1, server: localhost, request: "GET /hls/nesbyen/nesbyenlive01_2022-06-16_14-59-35.mp4/segment-1656-v1-a1.ts HTTP/1.1", subrequest: "/remote/hls/nesbyen/nesbyenlive01_2022-06-16_14-59-35.mp4", upstream: "https://[2a01:4f9:b000::1]:443/nesbyen/nesbyenlive01_2022-06-16_14-59-35.mp4", host: "localhost"
2025/10/16 11:35:39 [error] 13#13: *74 connect() to [2a01:4f9:b000::1]:443 failed (101: Network is unreachable) while connecting to upstream, client: 172.20.0.1, server: localhost, request: "GET /hls/nesbyen/nesbyenlive01_2022-06-16_14-59-35.mp4/segment-1656-v1-a1.ts HTTP/1.1", subrequest: "/remote/hls/nesbyen/nesbyenlive01_2022-06-16_14-59-35.mp4", upstream: "https://[2a01:4f9:b000::1]:443/nesbyen/nesbyenlive01_2022-06-16_14-59-35.mp4", host: "localhost"
2025/10/16 11:35:39 [warn] 13#13: *74 upstream server temporarily disabled while connecting to upstream, client: 172.20.0.1, server: localhost, request: "GET /hls/nesbyen/nesbyenlive01_2022-06-16_14-59-35.mp4/segment-1656-v1-a1.ts HTTP/1.1", subrequest: "/remote/hls/nesbyen/nesbyenlive01_2022-06-16_14-59-35.mp4", upstream: "https://[2a01:4f9:b000::1]:443/nesbyen/nesbyenlive01_2022-06-16_14-59-35.mp4", host: "localhost"
2025/10/16 11:35:39 [error] 12#12: *69 connect() to [2a01:4f9:b000::1]:443 failed (101: Network is unreachable) while connecting to upstream, client: 172.20.0.1, server: localhost, request: "GET /hls/nesbyen/nesbyenlive01_2022-06-16_14-59-35.mp4/segment-1657-v1-a1.ts HTTP/1.1", subrequest: "/remote/hls/nesbyen/nesbyenlive01_2022-06-16_14-59-35.mp4", upstream: "https://[2a01:4f9:b000::1]:443/nesbyen/nesbyenlive01_2022-06-16_14-59-35.mp4", host: "localhost"
2025/10/16 11:35:39 [warn] 12#12: *69 upstream server temporarily disabled while connecting to upstream, client: 172.20.0.1, server: localhost, request: "GET /hls/nesbyen/nesbyenlive01_2022-06-16_14-59-35.mp4/segment-1657-v1-a1.ts HTTP/1.1", subrequest: "/remote/hls/nesbyen/nesbyenlive01_2022-06-16_14-59-35.mp4", upstream: "https://[2a01:4f9:b000::1]:443/nesbyen/nesbyenlive01_2022-06-16_14-59-35.mp4", host: "localhost"
2025/10/16 11:35:39 [error] 13#13: *74 connect() to [2a01:4f9:b000::1]:443 failed (101: Network is unreachable) while connecting to upstream, client: 172.20.0.1, server: localhost, request: "GET /hls/nesbyen/nesbyenlive01_2022-06-16_14-59-35.mp4/segment-1656-v1-a1.ts HTTP/1.1", subrequest: "/remote/hls/nesbyen/nesbyenlive01_2022-06-16_14-59-35.mp4", upstream: "https://[2a01:4f9:b000::1]:443/nesbyen/nesbyenlive01_2022-06-16_14-59-35.mp4", host: "localhost"
2025/10/16 11:35:39 [warn] 13#13: *74 upstream server temporarily disabled while connecting to upstream, client: 172.20.0.1, server: localhost, request: "GET /hls/nesbyen/nesbyenlive01_2022-06-16_14-59-35.mp4/segment-1656-v1-a1.ts HTTP/1.1", subrequest: "/remote/hls/nesbyen/nesbyenlive01_2022-06-16_14-59-35.mp4", upstream: "https://[2a01:4f9:b000::1]:443/nesbyen/nesbyenlive01_2022-06-16_14-59-35.mp4", host: "localhost"
2025/10/16 11:35:39 [error] 12#12: *69 connect() to [2a01:4f9:b000::1]:443 failed (101: Network is unreachable) while connecting to upstream, client: 172.20.0.1, server: localhost, request: "GET /hls/nesbyen/nesbyenlive01_2022-06-16_14-59-35.mp4/segment-1657-v1-a1.ts HTTP/1.1", subrequest: "/remote/hls/nesbyen/nesbyenlive01_2022-06-16_14-59-35.mp4", upstream: "https://[2a01:4f9:b000::1]:443/nesbyen/nesbyenlive01_2022-06-16_14-59-35.mp4", host: "localhost"
2025/10/16 11:35:39 [warn] 12#12: *69 upstream server temporarily disabled while connecting to upstream, client: 172.20.0.1, server: localhost, request: "GET /hls/nesbyen/nesbyenlive01_2022-06-16_14-59-35.mp4/segment-1657-v1-a1.ts HTTP/1.1", subrequest: "/remote/hls/nesbyen/nesbyenlive01_2022-06-16_14-59-35.mp4", upstream: "https://[2a01:4f9:b000::1]:443/nesbyen/nesbyenlive01_2022-06-16_14-59-35.mp4", host: "localhost"
2025/10/16 11:35:39 [error] 12#12: *69 connect() to [2a01:4f9:b000::1]:443 failed (101: Network is unreachable) while connecting to upstream, client: 172.20.0.1, server: localhost, request: "GET /hls/nesbyen/nesbyenlive01_2022-06-16_14-59-35.mp4/segment-1657-v1-a1.ts HTTP/1.1", subrequest: "/remote/hls/nesbyen/nesbyenlive01_2022-06-16_14-59-35.mp4", upstream: "https://[2a01:4f9:b000::1]:443/nesbyen/nesbyenlive01_2022-06-16_14-59-35.mp4", host: "localhost"
2025/10/16 11:35:39 [warn] 12#12: *69 upstream server temporarily disabled while connecting to upstream, client: 172.20.0.1, server: localhost, request: "GET /hls/nesbyen/nesbyenlive01_2022-06-16_14-59-35.mp4/segment-1657-v1-a1.ts HTTP/1.1", subrequest: "/remote/hls/nesbyen/nesbyenlive01_2022-06-16_14-59-35.mp4", upstream: "https://[2a01:4f9:b000::1]:443/nesbyen/nesbyenlive01_2022-06-16_14-59-35.mp4", host: "localhost"
2025/10/16 11:35:40 [error] 13#13: *74 connect() to [2a01:4f9:b000::1]:443 failed (101: Network is unreachable) while connecting to upstream, client: 172.20.0.1, server: localhost, request: "GET /hls/nesbyen/nesbyenlive01_2022-06-16_14-59-35.mp4/segment-1658-v1-a1.ts HTTP/1.1", subrequest: "/remote/hls/nesbyen/nesbyenlive01_2022-06-16_14-59-35.mp4", upstream: "https://[2a01:4f9:b000::1]:443/nesbyen/nesbyenlive01_2022-06-16_14-59-35.mp4", host: "localhost"
2025/10/16 11:35:40 [warn] 13#13: *74 upstream server temporarily disabled while connecting to upstream, client: 172.20.0.1, server: localhost, request: "GET /hls/nesbyen/nesbyenlive01_2022-06-16_14-59-35.mp4/segment-1658-v1-a1.ts HTTP/1.1", subrequest: "/remote/hls/nesbyen/nesbyenlive01_2022-06-16_14-59-35.mp4", upstream: "https://[2a01:4f9:b000::1]:443/nesbyen/nesbyenlive01_2022-06-16_14-59-35.mp4", host: "localhost"
2025/10/16 11:35:40 [error] 12#12: *69 connect() to [2a01:4f9:b000::1]:443 failed (101: Network is unreachable) while connecting to upstream, client: 172.20.0.1, server: localhost, request: "GET /hls/nesbyen/nesbyenlive01_2022-06-16_14-59-35.mp4/segment-1657-v1-a1.ts HTTP/1.1", subrequest: "/remote/hls/nesbyen/nesbyenlive01_2022-06-16_14-59-35.mp4", upstream: "https://[2a01:4f9:b000::1]:443/nesbyen/nesbyenlive01_2022-06-16_14-59-35.mp4", host: "localhost"
2025/10/16 11:35:40 [warn] 12#12: *69 upstream server temporarily disabled while connecting to upstream, client: 172.20.0.1, server: localhost, request: "GET /hls/nesbyen/nesbyenlive01_2022-06-16_14-59-35.mp4/segment-1657-v1-a1.ts HTTP/1.1", subrequest: "/remote/hls/nesbyen/nesbyenlive01_2022-06-16_14-59-35.mp4", upstream: "https://[2a01:4f9:b000::1]:443/nesbyen/nesbyenlive01_2022-06-16_14-59-35.mp4", host: "localhost"
2025/10/16 11:35:40 [error] 12#12: *69 connect() to [2a01:4f9:b000::1]:443 failed (101: Network is unreachable) while connecting to upstream, client: 172.20.0.1, server: localhost, request: "GET /hls/nesbyen/nesbyenlive01_2022-06-16_14-59-35.mp4/segment-1657-v1-a1.ts HTTP/1.1", subrequest: "/remote/hls/nesbyen/nesbyenlive01_2022-06-16_14-59-35.mp4", upstream: "https://[2a01:4f9:b000::1]:443/nesbyen/nesbyenlive01_2022-06-16_14-59-35.mp4", host: "localhost"
2025/10/16 11:35:40 [warn] 12#12: *69 upstream server temporarily disabled while connecting to upstream, client: 172.20.0.1, server: localhost, request: "GET /hls/nesbyen/nesbyenlive01_2022-06-16_14-59-35.mp4/segment-1657-v1-a1.ts HTTP/1.1", subrequest: "/remote/hls/nesbyen/nesbyenlive01_2022-06-16_14-59-35.mp4", upstream: "https://[2a01:4f9:b000::1]:443/nesbyen/nesbyenlive01_2022-06-16_14-59-35.mp4", host: "localhost"
2025/10/16 11:35:40 [error] 13#13: *74 connect() to [2a01:4f9:b000::1]:443 failed (101: Network is unreachable) while connecting to upstream, client: 172.20.0.1, server: localhost, request: "GET /hls/nesbyen/nesbyenlive01_2022-06-16_14-59-35.mp4/segment-1658-v1-a1.ts HTTP/1.1", subrequest: "/remote/hls/nesbyen/nesbyenlive01_2022-06-16_14-59-35.mp4", upstream: "https://[2a01:4f9:b000::1]:443/nesbyen/nesbyenlive01_2022-06-16_14-59-35.mp4", host: "localhost"
2025/10/16 11:35:40 [warn] 13#13: *74 upstream server temporarily disabled while connecting to upstream, client: 172.20.0.1, server: localhost, request: "GET /hls/nesbyen/nesbyenlive01_2022-06-16_14-59-35.mp4/segment-1658-v1-a1.ts HTTP/1.1", subrequest: "/remote/hls/nesbyen/nesbyenlive01_2022-06-16_14-59-35.mp4", upstream: "https://[2a01:4f9:b000::1]:443/nesbyen/nesbyenlive01_2022-06-16_14-59-35.mp4", host: "localhost"
2025/10/16 11:35:40 [info] 12#12: *69 epoll_wait() reported that client prematurely closed connection, so upstream connection is closed too while reading upstream, client: 172.20.0.1, server: localhost, request: "GET /hls/nesbyen/nesbyenlive01_2022-06-16_14-59-35.mp4/segment-1657-v1-a1.ts HTTP/1.1", subrequest: "/remote/hls/nesbyen/nesbyenlive01_2022-06-16_14-59-35.mp4", upstream: "https://37.27.175.128:443/nesbyen/nesbyenlive01_2022-06-16_14-59-35.mp4", host: "localhost"
2025/10/16 11:35:40 [info] 13#13: *74 epoll_wait() reported that client prematurely closed connection, so upstream connection is closed too while reading upstream, client: 172.20.0.1, server: localhost, request: "GET /hls/nesbyen/nesbyenlive01_2022-06-16_14-59-35.mp4/segment-1658-v1-a1.ts HTTP/1.1", subrequest: "/remote/hls/nesbyen/nesbyenlive01_2022-06-16_14-59-35.mp4", upstream: "https://37.27.175.128:443/nesbyen/nesbyenlive01_2022-06-16_14-59-35.mp4", host: "localhost"
2025/10/16 11:35:41 [error] 15#15: *269 connect() to [2a01:4f9:b000::1]:443 failed (101: Network is unreachable) while connecting to upstream, client: 172.20.0.1, server: localhost, request: "GET /hls/nesbyen/nesbyenlive01_2022-06-16_14-59-35.mp4/segment-598-v1-a1.ts HTTP/1.1", subrequest: "/remote/hls/nesbyen/nesbyenlive01_2022-06-16_14-59-35.mp4", upstream: "https://[2a01:4f9:b000::1]:443/nesbyen/nesbyenlive01_2022-06-16_14-59-35.mp4", host: "localhost"
2025/10/16 11:35:41 [warn] 15#15: *269 upstream server temporarily disabled while connecting to upstream, client: 172.20.0.1, server: localhost, request: "GET /hls/nesbyen/nesbyenlive01_2022-06-16_14-59-35.mp4/segment-598-v1-a1.ts HTTP/1.1", subrequest: "/remote/hls/nesbyen/nesbyenlive01_2022-06-16_14-59-35.mp4", upstream: "https://[2a01:4f9:b000::1]:443/nesbyen/nesbyenlive01_2022-06-16_14-59-35.mp4", host: "localhost"
2025/10/16 11:35:41 [error] 15#15: *269 connect() to [2a01:4f9:b000::1]:443 failed (101: Network is unreachable) while connecting to upstream, client: 172.20.0.1, server: localhost, request: "GET /hls/nesbyen/nesbyenlive01_2022-06-16_14-59-35.mp4/segment-598-v1-a1.ts HTTP/1.1", subrequest: "/remote/hls/nesbyen/nesbyenlive01_2022-06-16_14-59-35.mp4", upstream: "https://[2a01:4f9:b000::1]:443/nesbyen/nesbyenlive01_2022-06-16_14-59-35.mp4", host: "localhost"
2025/10/16 11:35:41 [warn] 15#15: *269 upstream server temporarily disabled while connecting to upstream, client: 172.20.0.1, server: localhost, request: "GET /hls/nesbyen/nesbyenlive01_2022-06-16_14-59-35.mp4/segment-598-v1-a1.ts HTTP/1.1", subrequest: "/remote/hls/nesbyen/nesbyenlive01_2022-06-16_14-59-35.mp4", upstream: "https://[2a01:4f9:b000::1]:443/nesbyen/nesbyenlive01_2022-06-16_14-59-35.mp4", host: "localhost"
2025/10/16 11:35:41 [error] 14#14: *265 connect() to [2a01:4f9:b000::1]:443 failed (101: Network is unreachable) while connecting to upstream, client: 172.20.0.1, server: localhost, request: "GET /hls/nesbyen/nesbyenlive01_2022-06-16_14-59-35.mp4/segment-597-v1-a1.ts HTTP/1.1", subrequest: "/remote/hls/nesbyen/nesbyenlive01_2022-06-16_14-59-35.mp4", upstream: "https://[2a01:4f9:b000::1]:443/nesbyen/nesbyenlive01_2022-06-16_14-59-35.mp4", host: "localhost"
2025/10/16 11:35:41 [warn] 14#14: *265 upstream server temporarily disabled while connecting to upstream, client: 172.20.0.1, server: localhost, request: "GET /hls/nesbyen/nesbyenlive01_2022-06-16_14-59-35.mp4/segment-597-v1-a1.ts HTTP/1.1", subrequest: "/remote/hls/nesbyen/nesbyenlive01_2022-06-16_14-59-35.mp4", upstream: "https://[2a01:4f9:b000::1]:443/nesbyen/nesbyenlive01_2022-06-16_14-59-35.mp4", host: "localhost"
2025/10/16 11:35:41 [error] 14#14: *265 connect() to [2a01:4f9:b000::1]:443 failed (101: Network is unreachable) while connecting to upstream, client: 172.20.0.1, server: localhost, request: "GET /hls/nesbyen/nesbyenlive01_2022-06-16_14-59-35.mp4/segment-597-v1-a1.ts HTTP/1.1", subrequest: "/remote/hls/nesbyen/nesbyenlive01_2022-06-16_14-59-35.mp4", upstream: "https://[2a01:4f9:b000::1]:443/nesbyen/nesbyenlive01_2022-06-16_14-59-35.mp4", host: "localhost"
2025/10/16 11:35:41 [warn] 14#14: *265 upstream server temporarily disabled while connecting to upstream, client: 172.20.0.1, server: localhost, request: "GET /hls/nesbyen/nesbyenlive01_2022-06-16_14-59-35.mp4/segment-597-v1-a1.ts HTTP/1.1", subrequest: "/remote/hls/nesbyen/nesbyenlive01_2022-06-16_14-59-35.mp4", upstream: "https://[2a01:4f9:b000::1]:443/nesbyen/nesbyenlive01_2022-06-16_14-59-35.mp4", host: "localhost"
2025/10/16 11:35:41 [error] 15#15: *269 connect() to [2a01:4f9:b000::1]:443 failed (101: Network is unreachable) while connecting to upstream, client: 172.20.0.1, server: localhost, request: "GET /hls/nesbyen/nesbyenlive01_2022-06-16_14-59-35.mp4/segment-598-v1-a1.ts HTTP/1.1", subrequest: "/remote/hls/nesbyen/nesbyenlive01_2022-06-16_14-59-35.mp4", upstream: "https://[2a01:4f9:b000::1]:443/nesbyen/nesbyenlive01_2022-06-16_14-59-35.mp4", host: "localhost"
2025/10/16 11:35:41 [warn] 15#15: *269 upstream server temporarily disabled while connecting to upstream, client: 172.20.0.1, server: localhost, request: "GET /hls/nesbyen/nesbyenlive01_2022-06-16_14-59-35.mp4/segment-598-v1-a1.ts HTTP/1.1", subrequest: "/remote/hls/nesbyen/nesbyenlive01_2022-06-16_14-59-35.mp4", upstream: "https://[2a01:4f9:b000::1]:443/nesbyen/nesbyenlive01_2022-06-16_14-59-35.mp4", host: "localhost"
2025/10/16 11:35:41 [error] 15#15: *269 connect() to [2a01:4f9:b000::1]:443 failed (101: Network is unreachable) while connecting to upstream, client: 172.20.0.1, server: localhost, request: "GET /hls/nesbyen/nesbyenlive01_2022-06-16_14-59-35.mp4/segment-598-v1-a1.ts HTTP/1.1", subrequest: "/remote/hls/nesbyen/nesbyenlive01_2022-06-16_14-59-35.mp4", upstream: "https://[2a01:4f9:b000::1]:443/nesbyen/nesbyenlive01_2022-06-16_14-59-35.mp4", host: "localhost"
2025/10/16 11:35:41 [warn] 15#15: *269 upstream server temporarily disabled while connecting to upstream, client: 172.20.0.1, server: localhost, request: "GET /hls/nesbyen/nesbyenlive01_2022-06-16_14-59-35.mp4/segment-598-v1-a1.ts HTTP/1.1", subrequest: "/remote/hls/nesbyen/nesbyenlive01_2022-06-16_14-59-35.mp4", upstream: "https://[2a01:4f9:b000::1]:443/nesbyen/nesbyenlive01_2022-06-16_14-59-35.mp4", host: "localhost"
2025/10/16 11:35:42 [error] 15#15: *269 connect() to [2a01:4f9:b000::1]:443 failed (101: Network is unreachable) while connecting to upstream, client: 172.20.0.1, server: localhost, request: "GET /hls/nesbyen/nesbyenlive01_2022-06-16_14-59-35.mp4/segment-598-v1-a1.ts HTTP/1.1", subrequest: "/remote/hls/nesbyen/nesbyenlive01_2022-06-16_14-59-35.mp4", upstream: "https://[2a01:4f9:b000::1]:443/nesbyen/nesbyenlive01_2022-06-16_14-59-35.mp4", host: "localhost"
2025/10/16 11:35:42 [warn] 15#15: *269 upstream server temporarily disabled while connecting to upstream, client: 172.20.0.1, server: localhost, request: "GET /hls/nesbyen/nesbyenlive01_2022-06-16_14-59-35.mp4/segment-598-v1-a1.ts HTTP/1.1", subrequest: "/remote/hls/nesbyen/nesbyenlive01_2022-06-16_14-59-35.mp4", upstream: "https://[2a01:4f9:b000::1]:443/nesbyen/nesbyenlive01_2022-06-16_14-59-35.mp4", host: "localhost"
2025/10/16 11:35:42 [error] 15#15: *269 connect() to [2a01:4f9:b000::1]:443 failed (101: Network is unreachable) while connecting to upstream, client: 172.20.0.1, server: localhost, request: "GET /hls/nesbyen/nesbyenlive01_2022-06-16_14-59-35.mp4/segment-598-v1-a1.ts HTTP/1.1", subrequest: "/remote/hls/nesbyen/nesbyenlive01_2022-06-16_14-59-35.mp4", upstream: "https://[2a01:4f9:b000::1]:443/nesbyen/nesbyenlive01_2022-06-16_14-59-35.mp4", host: "localhost"
2025/10/16 11:35:42 [warn] 15#15: *269 upstream server temporarily disabled while connecting to upstream, client: 172.20.0.1, server: localhost, request: "GET /hls/nesbyen/nesbyenlive01_2022-06-16_14-59-35.mp4/segment-598-v1-a1.ts HTTP/1.1", subrequest: "/remote/hls/nesbyen/nesbyenlive01_2022-06-16_14-59-35.mp4", upstream: "https://[2a01:4f9:b000::1]:443/nesbyen/nesbyenlive01_2022-06-16_14-59-35.mp4", host: "localhost"
2025/10/16 11:35:42 [error] 15#15: *269 connect() to [2a01:4f9:b000::1]:443 failed (101: Network is unreachable) while connecting to upstream, client: 172.20.0.1, server: localhost, request: "GET /hls/nesbyen/nesbyenlive01_2022-06-16_14-59-35.mp4/segment-598-v1-a1.ts HTTP/1.1", subrequest: "/remote/hls/nesbyen/nesbyenlive01_2022-06-16_14-59-35.mp4", upstream: "https://[2a01:4f9:b000::1]:443/nesbyen/nesbyenlive01_2022-06-16_14-59-35.mp4", host: "localhost"
2025/10/16 11:35:42 [warn] 15#15: *269 upstream server temporarily disabled while connecting to upstream, client: 172.20.0.1, server: localhost, request: "GET /hls/nesbyen/nesbyenlive01_2022-06-16_14-59-35.mp4/segment-598-v1-a1.ts HTTP/1.1", subrequest: "/remote/hls/nesbyen/nesbyenlive01_2022-06-16_14-59-35.mp4", upstream: "https://[2a01:4f9:b000::1]:443/nesbyen/nesbyenlive01_2022-06-16_14-59-35.mp4", host: "localhost"
2025/10/16 11:35:42 [error] 14#14: *265 connect() to [2a01:4f9:b000::1]:443 failed (101: Network is unreachable) while connecting to upstream, client: 172.20.0.1, server: localhost, request: "GET /hls/nesbyen/nesbyenlive01_2022-06-16_14-59-35.mp4/segment-599-v1-a1.ts HTTP/1.1", subrequest: "/remote/hls/nesbyen/nesbyenlive01_2022-06-16_14-59-35.mp4", upstream: "https://[2a01:4f9:b000::1]:443/nesbyen/nesbyenlive01_2022-06-16_14-59-35.mp4", host: "localhost"
2025/10/16 11:35:42 [warn] 14#14: *265 upstream server temporarily disabled while connecting to upstream, client: 172.20.0.1, server: localhost, request: "GET /hls/nesbyen/nesbyenlive01_2022-06-16_14-59-35.mp4/segment-599-v1-a1.ts HTTP/1.1", subrequest: "/remote/hls/nesbyen/nesbyenlive01_2022-06-16_14-59-35.mp4", upstream: "https://[2a01:4f9:b000::1]:443/nesbyen/nesbyenlive01_2022-06-16_14-59-35.mp4", host: "localhost"
2025/10/16 11:35:42 [error] 14#14: *265 connect() to [2a01:4f9:b000::1]:443 failed (101: Network is unreachable) while connecting to upstream, client: 172.20.0.1, server: localhost, request: "GET /hls/nesbyen/nesbyenlive01_2022-06-16_14-59-35.mp4/segment-599-v1-a1.ts HTTP/1.1", subrequest: "/remote/hls/nesbyen/nesbyenlive01_2022-06-16_14-59-35.mp4", upstream: "https://[2a01:4f9:b000::1]:443/nesbyen/nesbyenlive01_2022-06-16_14-59-35.mp4", host: "localhost"
2025/10/16 11:35:42 [warn] 14#14: *265 upstream server temporarily disabled while connecting to upstream, client: 172.20.0.1, server: localhost, request: "GET /hls/nesbyen/nesbyenlive01_2022-06-16_14-59-35.mp4/segment-599-v1-a1.ts HTTP/1.1", subrequest: "/remote/hls/nesbyen/nesbyenlive01_2022-06-16_14-59-35.mp4", upstream: "https://[2a01:4f9:b000::1]:443/nesbyen/nesbyenlive01_2022-06-16_14-59-35.mp4", host: "localhost"
2025/10/16 11:35:42 [error] 15#15: *269 connect() to [2a01:4f9:b000::1]:443 failed (101: Network is unreachable) while connecting to upstream, client: 172.20.0.1, server: localhost, request: "GET /hls/nesbyen/nesbyenlive01_2022-06-16_14-59-35.mp4/segment-598-v1-a1.ts HTTP/1.1", subrequest: "/remote/hls/nesbyen/nesbyenlive01_2022-06-16_14-59-35.mp4", upstream: "https://[2a01:4f9:b000::1]:443/nesbyen/nesbyenlive01_2022-06-16_14-59-35.mp4", host: "localhost"
2025/10/16 11:35:42 [warn] 15#15: *269 upstream server temporarily disabled while connecting to upstream, client: 172.20.0.1, server: localhost, request: "GET /hls/nesbyen/nesbyenlive01_2022-06-16_14-59-35.mp4/segment-598-v1-a1.ts HTTP/1.1", subrequest: "/remote/hls/nesbyen/nesbyenlive01_2022-06-16_14-59-35.mp4", upstream: "https://[2a01:4f9:b000::1]:443/nesbyen/nesbyenlive01_2022-06-16_14-59-35.mp4", host: "localhost"
2025/10/16 11:35:43 [error] 14#14: *265 connect() to [2a01:4f9:b000::1]:443 failed (101: Network is unreachable) while connecting to upstream, client: 172.20.0.1, server: localhost, request: "GET /hls/nesbyen/nesbyenlive01_2022-06-16_14-59-35.mp4/segment-599-v1-a1.ts HTTP/1.1", subrequest: "/remote/hls/nesbyen/nesbyenlive01_2022-06-16_14-59-35.mp4", upstream: "https://[2a01:4f9:b000::1]:443/nesbyen/nesbyenlive01_2022-06-16_14-59-35.mp4", host: "localhost"
2025/10/16 11:35:43 [warn] 14#14: *265 upstream server temporarily disabled while connecting to upstream, client: 172.20.0.1, server: localhost, request: "GET /hls/nesbyen/nesbyenlive01_2022-06-16_14-59-35.mp4/segment-599-v1-a1.ts HTTP/1.1", subrequest: "/remote/hls/nesbyen/nesbyenlive01_2022-06-16_14-59-35.mp4", upstream: "https://[2a01:4f9:b000::1]:443/nesbyen/nesbyenlive01_2022-06-16_14-59-35.mp4", host: "localhost"
2025/10/16 11:35:43 [error] 15#15: *269 connect() to [2a01:4f9:b000::1]:443 failed (101: Network is unreachable) while connecting to upstream, client: 172.20.0.1, server: localhost, request: "GET /hls/nesbyen/nesbyenlive01_2022-06-16_14-59-35.mp4/segment-600-v1-a1.ts HTTP/1.1", subrequest: "/remote/hls/nesbyen/nesbyenlive01_2022-06-16_14-59-35.mp4", upstream: "https://[2a01:4f9:b000::1]:443/nesbyen/nesbyenlive01_2022-06-16_14-59-35.mp4", host: "localhost"
2025/10/16 11:35:43 [warn] 15#15: *269 upstream server temporarily disabled while connecting to upstream, client: 172.20.0.1, server: localhost, request: "GET /hls/nesbyen/nesbyenlive01_2022-06-16_14-59-35.mp4/segment-600-v1-a1.ts HTTP/1.1", subrequest: "/remote/hls/nesbyen/nesbyenlive01_2022-06-16_14-59-35.mp4", upstream: "https://[2a01:4f9:b000::1]:443/nesbyen/nesbyenlive01_2022-06-16_14-59-35.mp4", host: "localhost"
2025/10/16 11:35:43 [error] 14#14: *265 connect() to [2a01:4f9:b000::1]:443 failed (101: Network is unreachable) while connecting to upstream, client: 172.20.0.1, server: localhost, request: "GET /hls/nesbyen/nesbyenlive01_2022-06-16_14-59-35.mp4/segment-599-v1-a1.ts HTTP/1.1", subrequest: "/remote/hls/nesbyen/nesbyenlive01_2022-06-16_14-59-35.mp4", upstream: "https://[2a01:4f9:b000::1]:443/nesbyen/nesbyenlive01_2022-06-16_14-59-35.mp4", host: "localhost"
2025/10/16 11:35:43 [warn] 14#14: *265 upstream server temporarily disabled while connecting to upstream, client: 172.20.0.1, server: localhost, request: "GET /hls/nesbyen/nesbyenlive01_2022-06-16_14-59-35.mp4/segment-599-v1-a1.ts HTTP/1.1", subrequest: "/remote/hls/nesbyen/nesbyenlive01_2022-06-16_14-59-35.mp4", upstream: "https://[2a01:4f9:b000::1]:443/nesbyen/nesbyenlive01_2022-06-16_14-59-35.mp4", host: "localhost"
2025/10/16 11:35:43 [error] 15#15: *269 connect() to [2a01:4f9:b000::1]:443 failed (101: Network is unreachable) while connecting to upstream, client: 172.20.0.1, server: localhost, request: "GET /hls/nesbyen/nesbyenlive01_2022-06-16_14-59-35.mp4/segment-600-v1-a1.ts HTTP/1.1", subrequest: "/remote/hls/nesbyen/nesbyenlive01_2022-06-16_14-59-35.mp4", upstream: "https://[2a01:4f9:b000::1]:443/nesbyen/nesbyenlive01_2022-06-16_14-59-35.mp4", host: "localhost"
2025/10/16 11:35:43 [warn] 15#15: *269 upstream server temporarily disabled while connecting to upstream, client: 172.20.0.1, server: localhost, request: "GET /hls/nesbyen/nesbyenlive01_2022-06-16_14-59-35.mp4/segment-600-v1-a1.ts HTTP/1.1", subrequest: "/remote/hls/nesbyen/nesbyenlive01_2022-06-16_14-59-35.mp4", upstream: "https://[2a01:4f9:b000::1]:443/nesbyen/nesbyenlive01_2022-06-16_14-59-35.mp4", host: "localhost"
2025/10/16 11:35:43 [error] 14#14: *265 connect() to [2a01:4f9:b000::1]:443 failed (101: Network is unreachable) while connecting to upstream, client: 172.20.0.1, server: localhost, request: "GET /hls/nesbyen/nesbyenlive01_2022-06-16_14-59-35.mp4/segment-599-v1-a1.ts HTTP/1.1", subrequest: "/remote/hls/nesbyen/nesbyenlive01_2022-06-16_14-59-35.mp4", upstream: "https://[2a01:4f9:b000::1]:443/nesbyen/nesbyenlive01_2022-06-16_14-59-35.mp4", host: "localhost"
2025/10/16 11:35:43 [warn] 14#14: *265 upstream server temporarily disabled while connecting to upstream, client: 172.20.0.1, server: localhost, request: "GET /hls/nesbyen/nesbyenlive01_2022-06-16_14-59-35.mp4/segment-599-v1-a1.ts HTTP/1.1", subrequest: "/remote/hls/nesbyen/nesbyenlive01_2022-06-16_14-59-35.mp4", upstream: "https://[2a01:4f9:b000::1]:443/nesbyen/nesbyenlive01_2022-06-16_14-59-35.mp4", host: "localhost"
2025/10/16 11:35:43 [error] 14#14: *265 connect() to [2a01:4f9:b000::1]:443 failed (101: Network is unreachable) while connecting to upstream, client: 172.20.0.1, server: localhost, request: "GET /hls/nesbyen/nesbyenlive01_2022-06-16_14-59-35.mp4/segment-599-v1-a1.ts HTTP/1.1", subrequest: "/remote/hls/nesbyen/nesbyenlive01_2022-06-16_14-59-35.mp4", upstream: "https://[2a01:4f9:b000::1]:443/nesbyen/nesbyenlive01_2022-06-16_14-59-35.mp4", host: "localhost"
2025/10/16 11:35:43 [warn] 14#14: *265 upstream server temporarily disabled while connecting to upstream, client: 172.20.0.1, server: localhost, request: "GET /hls/nesbyen/nesbyenlive01_2022-06-16_14-59-35.mp4/segment-599-v1-a1.ts HTTP/1.1", subrequest: "/remote/hls/nesbyen/nesbyenlive01_2022-06-16_14-59-35.mp4", upstream: "https://[2a01:4f9:b000::1]:443/nesbyen/nesbyenlive01_2022-06-16_14-59-35.mp4", host: "localhost"
2025/10/16 11:35:43 [error] 15#15: *269 connect() to [2a01:4f9:b000::1]:443 failed (101: Network is unreachable) while connecting to upstream, client: 172.20.0.1, server: localhost, request: "GET /hls/nesbyen/nesbyenlive01_2022-06-16_14-59-35.mp4/segment-600-v1-a1.ts HTTP/1.1", subrequest: "/remote/hls/nesbyen/nesbyenlive01_2022-06-16_14-59-35.mp4", upstream: "https://[2a01:4f9:b000::1]:443/nesbyen/nesbyenlive01_2022-06-16_14-59-35.mp4", host: "localhost"
2025/10/16 11:35:43 [warn] 15#15: *269 upstream server temporarily disabled while connecting to upstream, client: 172.20.0.1, server: localhost, request: "GET /hls/nesbyen/nesbyenlive01_2022-06-16_14-59-35.mp4/segment-600-v1-a1.ts HTTP/1.1", subrequest: "/remote/hls/nesbyen/nesbyenlive01_2022-06-16_14-59-35.mp4", upstream: "https://[2a01:4f9:b000::1]:443/nesbyen/nesbyenlive01_2022-06-16_14-59-35.mp4", host: "localhost"
2025/10/16 11:35:44 [error] 14#14: *265 connect() to [2a01:4f9:b000::1]:443 failed (101: Network is unreachable) while connecting to upstream, client: 172.20.0.1, server: localhost, request: "GET /hls/nesbyen/nesbyenlive01_2022-06-16_14-59-35.mp4/segment-599-v1-a1.ts HTTP/1.1", subrequest: "/remote/hls/nesbyen/nesbyenlive01_2022-06-16_14-59-35.mp4", upstream: "https://[2a01:4f9:b000::1]:443/nesbyen/nesbyenlive01_2022-06-16_14-59-35.mp4", host: "localhost"
2025/10/16 11:35:44 [warn] 14#14: *265 upstream server temporarily disabled while connecting to upstream, client: 172.20.0.1, server: localhost, request: "GET /hls/nesbyen/nesbyenlive01_2022-06-16_14-59-35.mp4/segment-599-v1-a1.ts HTTP/1.1", subrequest: "/remote/hls/nesbyen/nesbyenlive01_2022-06-16_14-59-35.mp4", upstream: "https://[2a01:4f9:b000::1]:443/nesbyen/nesbyenlive01_2022-06-16_14-59-35.mp4", host: "localhost"
2025/10/16 11:35:44 [error] 14#14: *265 connect() to [2a01:4f9:b000::1]:443 failed (101: Network is unreachable) while connecting to upstream, client: 172.20.0.1, server: localhost, request: "GET /hls/nesbyen/nesbyenlive01_2022-06-16_14-59-35.mp4/segment-599-v1-a1.ts HTTP/1.1", subrequest: "/remote/hls/nesbyen/nesbyenlive01_2022-06-16_14-59-35.mp4", upstream: "https://[2a01:4f9:b000::1]:443/nesbyen/nesbyenlive01_2022-06-16_14-59-35.mp4", host: "localhost"
2025/10/16 11:35:44 [warn] 14#14: *265 upstream server temporarily disabled while connecting to upstream, client: 172.20.0.1, server: localhost, request: "GET /hls/nesbyen/nesbyenlive01_2022-06-16_14-59-35.mp4/segment-599-v1-a1.ts HTTP/1.1", subrequest: "/remote/hls/nesbyen/nesbyenlive01_2022-06-16_14-59-35.mp4", upstream: "https://[2a01:4f9:b000::1]:443/nesbyen/nesbyenlive01_2022-06-16_14-59-35.mp4", host: "localhost"
2025/10/16 11:35:44 [error] 14#14: *265 connect() to [2a01:4f9:b000::1]:443 failed (101: Network is unreachable) while connecting to upstream, client: 172.20.0.1, server: localhost, request: "GET /hls/nesbyen/nesbyenlive01_2022-06-16_14-59-35.mp4/segment-599-v1-a1.ts HTTP/1.1", subrequest: "/remote/hls/nesbyen/nesbyenlive01_2022-06-16_14-59-35.mp4", upstream: "https://[2a01:4f9:b000::1]:443/nesbyen/nesbyenlive01_2022-06-16_14-59-35.mp4", host: "localhost"
2025/10/16 11:35:44 [warn] 14#14: *265 upstream server temporarily disabled while connecting to upstream, client: 172.20.0.1, server: localhost, request: "GET /hls/nesbyen/nesbyenlive01_2022-06-16_14-59-35.mp4/segment-599-v1-a1.ts HTTP/1.1", subrequest: "/remote/hls/nesbyen/nesbyenlive01_2022-06-16_14-59-35.mp4", upstream: "https://[2a01:4f9:b000::1]:443/nesbyen/nesbyenlive01_2022-06-16_14-59-35.mp4", host: "localhost"
2025/10/16 11:35:44 [error] 15#15: *269 connect() to [2a01:4f9:b000::1]:443 failed (101: Network is unreachable) while connecting to upstream, client: 172.20.0.1, server: localhost, request: "GET /hls/nesbyen/nesbyenlive01_2022-06-16_14-59-35.mp4/segment-600-v1-a1.ts HTTP/1.1", subrequest: "/remote/hls/nesbyen/nesbyenlive01_2022-06-16_14-59-35.mp4", upstream: "https://[2a01:4f9:b000::1]:443/nesbyen/nesbyenlive01_2022-06-16_14-59-35.mp4", host: "localhost"
2025/10/16 11:35:44 [warn] 15#15: *269 upstream server temporarily disabled while connecting to upstream, client: 172.20.0.1, server: localhost, request: "GET /hls/nesbyen/nesbyenlive01_2022-06-16_14-59-35.mp4/segment-600-v1-a1.ts HTTP/1.1", subrequest: "/remote/hls/nesbyen/nesbyenlive01_2022-06-16_14-59-35.mp4", upstream: "https://[2a01:4f9:b000::1]:443/nesbyen/nesbyenlive01_2022-06-16_14-59-35.mp4", host: "localhost"
2025/10/16 11:35:44 [error] 14#14: *265 connect() to [2a01:4f9:b000::1]:443 failed (101: Network is unreachable) while connecting to upstream, client: 172.20.0.1, server: localhost, request: "GET /hls/nesbyen/nesbyenlive01_2022-06-16_14-59-35.mp4/segment-599-v1-a1.ts HTTP/1.1", subrequest: "/remote/hls/nesbyen/nesbyenlive01_2022-06-16_14-59-35.mp4", upstream: "https://[2a01:4f9:b000::1]:443/nesbyen/nesbyenlive01_2022-06-16_14-59-35.mp4", host: "localhost"
2025/10/16 11:35:44 [warn] 14#14: *265 upstream server temporarily disabled while connecting to upstream, client: 172.20.0.1, server: localhost, request: "GET /hls/nesbyen/nesbyenlive01_2022-06-16_14-59-35.mp4/segment-599-v1-a1.ts HTTP/1.1", subrequest: "/remote/hls/nesbyen/nesbyenlive01_2022-06-16_14-59-35.mp4", upstream: "https://[2a01:4f9:b000::1]:443/nesbyen/nesbyenlive01_2022-06-16_14-59-35.mp4", host: "localhost"
2025/10/16 11:35:45 [error] 15#15: *269 connect() to [2a01:4f9:b000::1]:443 failed (101: Network is unreachable) while connecting to upstream, client: 172.20.0.1, server: localhost, request: "GET /hls/nesbyen/nesbyenlive01_2022-06-16_14-59-35.mp4/segment-600-v1-a1.ts HTTP/1.1", subrequest: "/remote/hls/nesbyen/nesbyenlive01_2022-06-16_14-59-35.mp4", upstream: "https://[2a01:4f9:b000::1]:443/nesbyen/nesbyenlive01_2022-06-16_14-59-35.mp4", host: "localhost"
2025/10/16 11:35:45 [warn] 15#15: *269 upstream server temporarily disabled while connecting to upstream, client: 172.20.0.1, server: localhost, request: "GET /hls/nesbyen/nesbyenlive01_2022-06-16_14-59-35.mp4/segment-600-v1-a1.ts HTTP/1.1", subrequest: "/remote/hls/nesbyen/nesbyenlive01_2022-06-16_14-59-35.mp4", upstream: "https://[2a01:4f9:b000::1]:443/nesbyen/nesbyenlive01_2022-06-16_14-59-35.mp4", host: "localhost"
2025/10/16 11:35:45 [error] 14#14: *265 connect() to [2a01:4f9:b000::1]:443 failed (101: Network is unreachable) while connecting to upstream, client: 172.20.0.1, server: localhost, request: "GET /hls/nesbyen/nesbyenlive01_2022-06-16_14-59-35.mp4/segment-601-v1-a1.ts HTTP/1.1", subrequest: "/remote/hls/nesbyen/nesbyenlive01_2022-06-16_14-59-35.mp4", upstream: "https://[2a01:4f9:b000::1]:443/nesbyen/nesbyenlive01_2022-06-16_14-59-35.mp4", host: "localhost"
2025/10/16 11:35:45 [warn] 14#14: *265 upstream server temporarily disabled while connecting to upstream, client: 172.20.0.1, server: localhost, request: "GET /hls/nesbyen/nesbyenlive01_2022-06-16_14-59-35.mp4/segment-601-v1-a1.ts HTTP/1.1", subrequest: "/remote/hls/nesbyen/nesbyenlive01_2022-06-16_14-59-35.mp4", upstream: "https://[2a01:4f9:b000::1]:443/nesbyen/nesbyenlive01_2022-06-16_14-59-35.mp4", host: "localhost"
2025/10/16 11:35:45 [error] 15#15: *269 connect() to [2a01:4f9:b000::1]:443 failed (101: Network is unreachable) while connecting to upstream, client: 172.20.0.1, server: localhost, request: "GET /hls/nesbyen/nesbyenlive01_2022-06-16_14-59-35.mp4/segment-600-v1-a1.ts HTTP/1.1", subrequest: "/remote/hls/nesbyen/nesbyenlive01_2022-06-16_14-59-35.mp4", upstream: "https://[2a01:4f9:b000::1]:443/nesbyen/nesbyenlive01_2022-06-16_14-59-35.mp4", host: "localhost"
2025/10/16 11:35:45 [warn] 15#15: *269 upstream server temporarily disabled while connecting to upstream, client: 172.20.0.1, server: localhost, request: "GET /hls/nesbyen/nesbyenlive01_2022-06-16_14-59-35.mp4/segment-600-v1-a1.ts HTTP/1.1", subrequest: "/remote/hls/nesbyen/nesbyenlive01_2022-06-16_14-59-35.mp4", upstream: "https://[2a01:4f9:b000::1]:443/nesbyen/nesbyenlive01_2022-06-16_14-59-35.mp4", host: "localhost"
2025/10/16 11:35:45 [error] 14#14: *265 connect() to [2a01:4f9:b000::1]:443 failed (101: Network is unreachable) while connecting to upstream, client: 172.20.0.1, server: localhost, request: "GET /hls/nesbyen/nesbyenlive01_2022-06-16_14-59-35.mp4/segment-601-v1-a1.ts HTTP/1.1", subrequest: "/remote/hls/nesbyen/nesbyenlive01_2022-06-16_14-59-35.mp4", upstream: "https://[2a01:4f9:b000::1]:443/nesbyen/nesbyenlive01_2022-06-16_14-59-35.mp4", host: "localhost"
2025/10/16 11:35:45 [warn] 14#14: *265 upstream server temporarily disabled while connecting to upstream, client: 172.20.0.1, server: localhost, request: "GET /hls/nesbyen/nesbyenlive01_2022-06-16_14-59-35.mp4/segment-601-v1-a1.ts HTTP/1.1", subrequest: "/remote/hls/nesbyen/nesbyenlive01_2022-06-16_14-59-35.mp4", upstream: "https://[2a01:4f9:b000::1]:443/nesbyen/nesbyenlive01_2022-06-16_14-59-35.mp4", host: "localhost"
2025/10/16 11:35:46 [error] 14#14: *265 connect() to [2a01:4f9:b000::1]:443 failed (101: Network is unreachable) while connecting to upstream, client: 172.20.0.1, server: localhost, request: "GET /hls/nesbyen/nesbyenlive01_2022-06-16_14-59-35.mp4/segment-601-v1-a1.ts HTTP/1.1", subrequest: "/remote/hls/nesbyen/nesbyenlive01_2022-06-16_14-59-35.mp4", upstream: "https://[2a01:4f9:b000::1]:443/nesbyen/nesbyenlive01_2022-06-16_14-59-35.mp4", host: "localhost"
2025/10/16 11:35:46 [warn] 14#14: *265 upstream server temporarily disabled while connecting to upstream, client: 172.20.0.1, server: localhost, request: "GET /hls/nesbyen/nesbyenlive01_2022-06-16_14-59-35.mp4/segment-601-v1-a1.ts HTTP/1.1", subrequest: "/remote/hls/nesbyen/nesbyenlive01_2022-06-16_14-59-35.mp4", upstream: "https://[2a01:4f9:b000::1]:443/nesbyen/nesbyenlive01_2022-06-16_14-59-35.mp4", host: "localhost"
2025/10/16 11:35:46 [error] 14#14: *265 connect() to [2a01:4f9:b000::1]:443 failed (101: Network is unreachable) while connecting to upstream, client: 172.20.0.1, server: localhost, request: "GET /hls/nesbyen/nesbyenlive01_2022-06-16_14-59-35.mp4/segment-601-v1-a1.ts HTTP/1.1", subrequest: "/remote/hls/nesbyen/nesbyenlive01_2022-06-16_14-59-35.mp4", upstream: "https://[2a01:4f9:b000::1]:443/nesbyen/nesbyenlive01_2022-06-16_14-59-35.mp4", host: "localhost"
2025/10/16 11:35:46 [warn] 14#14: *265 upstream server temporarily disabled while connecting to upstream, client: 172.20.0.1, server: localhost, request: "GET /hls/nesbyen/nesbyenlive01_2022-06-16_14-59-35.mp4/segment-601-v1-a1.ts HTTP/1.1", subrequest: "/remote/hls/nesbyen/nesbyenlive01_2022-06-16_14-59-35.mp4", upstream: "https://[2a01:4f9:b000::1]:443/nesbyen/nesbyenlive01_2022-06-16_14-59-35.mp4", host: "localhost"
2025/10/16 11:35:46 [error] 14#14: *265 connect() to [2a01:4f9:b000::1]:443 failed (101: Network is unreachable) while connecting to upstream, client: 172.20.0.1, server: localhost, request: "GET /hls/nesbyen/nesbyenlive01_2022-06-16_14-59-35.mp4/segment-601-v1-a1.ts HTTP/1.1", subrequest: "/remote/hls/nesbyen/nesbyenlive01_2022-06-16_14-59-35.mp4", upstream: "https://[2a01:4f9:b000::1]:443/nesbyen/nesbyenlive01_2022-06-16_14-59-35.mp4", host: "localhost"
2025/10/16 11:35:46 [warn] 14#14: *265 upstream server temporarily disabled while connecting to upstream, client: 172.20.0.1, server: localhost, request: "GET /hls/nesbyen/nesbyenlive01_2022-06-16_14-59-35.mp4/segment-601-v1-a1.ts HTTP/1.1", subrequest: "/remote/hls/nesbyen/nesbyenlive01_2022-06-16_14-59-35.mp4", upstream: "https://[2a01:4f9:b000::1]:443/nesbyen/nesbyenlive01_2022-06-16_14-59-35.mp4", host: "localhost"
2025/10/16 11:35:46 [error] 15#15: *269 connect() to [2a01:4f9:b000::1]:443 failed (101: Network is unreachable) while connecting to upstream, client: 172.20.0.1, server: localhost, request: "GET /hls/nesbyen/nesbyenlive01_2022-06-16_14-59-35.mp4/segment-602-v1-a1.ts HTTP/1.1", subrequest: "/remote/hls/nesbyen/nesbyenlive01_2022-06-16_14-59-35.mp4", upstream: "https://[2a01:4f9:b000::1]:443/nesbyen/nesbyenlive01_2022-06-16_14-59-35.mp4", host: "localhost"
2025/10/16 11:35:46 [warn] 15#15: *269 upstream server temporarily disabled while connecting to upstream, client: 172.20.0.1, server: localhost, request: "GET /hls/nesbyen/nesbyenlive01_2022-06-16_14-59-35.mp4/segment-602-v1-a1.ts HTTP/1.1", subrequest: "/remote/hls/nesbyen/nesbyenlive01_2022-06-16_14-59-35.mp4", upstream: "https://[2a01:4f9:b000::1]:443/nesbyen/nesbyenlive01_2022-06-16_14-59-35.mp4", host: "localhost"
2025/10/16 11:35:46 [error] 15#15: *269 connect() to [2a01:4f9:b000::1]:443 failed (101: Network is unreachable) while connecting to upstream, client: 172.20.0.1, server: localhost, request: "GET /hls/nesbyen/nesbyenlive01_2022-06-16_14-59-35.mp4/segment-602-v1-a1.ts HTTP/1.1", subrequest: "/remote/hls/nesbyen/nesbyenlive01_2022-06-16_14-59-35.mp4", upstream: "https://[2a01:4f9:b000::1]:443/nesbyen/nesbyenlive01_2022-06-16_14-59-35.mp4", host: "localhost"
2025/10/16 11:35:46 [warn] 15#15: *269 upstream server temporarily disabled while connecting to upstream, client: 172.20.0.1, server: localhost, request: "GET /hls/nesbyen/nesbyenlive01_2022-06-16_14-59-35.mp4/segment-602-v1-a1.ts HTTP/1.1", subrequest: "/remote/hls/nesbyen/nesbyenlive01_2022-06-16_14-59-35.mp4", upstream: "https://[2a01:4f9:b000::1]:443/nesbyen/nesbyenlive01_2022-06-16_14-59-35.mp4", host: "localhost"
2025/10/16 11:35:46 [info] 14#14: *265 epoll_wait() reported that client prematurely closed connection, so upstream connection is closed too while reading upstream, client: 172.20.0.1, server: localhost, request: "GET /hls/nesbyen/nesbyenlive01_2022-06-16_14-59-35.mp4/segment-601-v1-a1.ts HTTP/1.1", subrequest: "/remote/hls/nesbyen/nesbyenlive01_2022-06-16_14-59-35.mp4", upstream: "https://37.27.175.128:443/nesbyen/nesbyenlive01_2022-06-16_14-59-35.mp4", host: "localhost"
2025/10/16 11:35:46 [info] 15#15: *269 epoll_wait() reported that client prematurely closed connection, so upstream connection is closed too while reading response header from upstream, client: 172.20.0.1, server: localhost, request: "GET /hls/nesbyen/nesbyenlive01_2022-06-16_14-59-35.mp4/segment-602-v1-a1.ts HTTP/1.1", subrequest: "/remote/hls/nesbyen/nesbyenlive01_2022-06-16_14-59-35.mp4", upstream: "https://37.27.175.128:443/nesbyen/nesbyenlive01_2022-06-16_14-59-35.mp4", host: "localhost"
2025/10/16 11:35:46 [info] 9#9: *7 client 172.20.0.1 closed keepalive connection
2025/10/16 20:31:51 [notice] 1#1: signal 3 (SIGQUIT) received, shutting down
2025/10/16 20:31:51 [notice] 7#7: gracefully shutting down
2025/10/16 20:31:51 [notice] 8#8: gracefully shutting down
2025/10/16 20:31:51 [notice] 10#10: gracefully shutting down
2025/10/16 20:31:51 [notice] 13#13: gracefully shutting down
2025/10/16 20:31:51 [notice] 11#11: gracefully shutting down
2025/10/16 20:31:51 [notice] 14#14: gracefully shutting down
2025/10/16 20:31:51 [notice] 15#15: gracefully shutting down
2025/10/16 20:31:51 [notice] 7#7: exiting
2025/10/16 20:31:51 [notice] 12#12: gracefully shutting down
2025/10/16 20:31:51 [notice] 9#9: gracefully shutting down
2025/10/16 20:31:51 [notice] 8#8: exiting
2025/10/16 20:31:51 [notice] 17#17: gracefully shutting down
2025/10/16 20:31:51 [notice] 18#18: gracefully shutting down
2025/10/16 20:31:51 [notice] 19#19: gracefully shutting down
2025/10/16 20:31:51 [notice] 10#10: exiting
2025/10/16 20:31:51 [notice] 13#13: exiting
2025/10/16 20:31:51 [notice] 16#16: gracefully shutting down
2025/10/16 20:31:51 [notice] 11#11: exiting
2025/10/16 20:31:51 [notice] 14#14: exiting
2025/10/16 20:31:51 [notice] 15#15: exiting
2025/10/16 20:31:51 [notice] 12#12: exiting
2025/10/16 20:31:51 [notice] 9#9: exiting
2025/10/16 20:31:51 [notice] 20#20: gracefully shutting down
2025/10/16 20:31:51 [notice] 17#17: exiting
2025/10/16 20:31:51 [notice] 18#18: exiting
2025/10/16 20:31:51 [notice] 19#19: exiting
2025/10/16 20:31:51 [notice] 16#16: exiting
2025/10/16 20:31:51 [notice] 20#20: exiting
2025/10/16 20:31:51 [notice] 23#23: gracefully shutting down
2025/10/16 20:31:51 [notice] 7#7: exit
2025/10/16 20:31:51 [notice] 13#13: exit
2025/10/16 20:31:51 [notice] 11#11: exit
2025/10/16 20:31:51 [notice] 10#10: exit
2025/10/16 20:31:51 [notice] 14#14: exit
2025/10/16 20:31:51 [notice] 23#23: exiting
2025/10/16 20:31:51 [notice] 15#15: exit
2025/10/16 20:31:51 [notice] 8#8: exit
2025/10/16 20:31:51 [notice] 9#9: exit
2025/10/16 20:31:51 [notice] 17#17: exit
2025/10/16 20:31:51 [notice] 16#16: exit
2025/10/16 20:31:51 [notice] 18#18: exit
2025/10/16 20:31:51 [notice] 19#19: exit
2025/10/16 20:31:51 [notice] 20#20: exit
2025/10/16 20:31:51 [notice] 22#22: gracefully shutting down
2025/10/16 20:31:51 [notice] 22#22: exiting
2025/10/16 20:31:51 [notice] 23#23: exit
2025/10/16 20:31:51 [notice] 21#21: gracefully shutting down
2025/10/16 20:31:51 [notice] 21#21: exiting
2025/10/16 20:31:51 [notice] 24#24: gracefully shutting down
2025/10/16 20:31:51 [notice] 21#21: exit
2025/10/16 20:31:51 [notice] 24#24: exiting
2025/10/16 20:31:51 [notice] 12#12: exit
2025/10/16 20:31:51 [notice] 22#22: exit
2025/10/16 20:31:51 [notice] 26#26: gracefully shutting down
2025/10/16 20:31:51 [notice] 26#26: exiting
2025/10/16 20:31:51 [notice] 24#24: exit
2025/10/16 20:31:51 [notice] 26#26: exit
2025/10/16 20:31:51 [notice] 25#25: gracefully shutting down
2025/10/16 20:31:51 [notice] 25#25: exiting
2025/10/16 20:31:51 [notice] 25#25: exit
2025/10/16 20:31:52 [notice] 1#1: signal 17 (SIGCHLD) received from 16
2025/10/16 20:31:52 [notice] 1#1: worker process 16 exited with code 0
2025/10/16 20:31:52 [notice] 1#1: signal 29 (SIGIO) received
2025/10/16 20:31:52 [notice] 1#1: signal 17 (SIGCHLD) received from 14
2025/10/16 20:31:52 [notice] 1#1: worker process 14 exited with code 0
2025/10/16 20:31:52 [notice] 1#1: signal 29 (SIGIO) received
2025/10/16 20:31:52 [notice] 1#1: signal 17 (SIGCHLD) received from 20
2025/10/16 20:31:52 [notice] 1#1: worker process 20 exited with code 0
2025/10/16 20:31:52 [notice] 1#1: signal 29 (SIGIO) received
2025/10/16 20:31:52 [notice] 1#1: signal 17 (SIGCHLD) received from 10
2025/10/16 20:31:52 [notice] 1#1: worker process 10 exited with code 0
2025/10/16 20:31:52 [notice] 1#1: signal 29 (SIGIO) received
2025/10/16 20:31:52 [notice] 1#1: signal 17 (SIGCHLD) received from 25
2025/10/16 20:31:52 [notice] 1#1: worker process 8 exited with code 0
2025/10/16 20:31:52 [notice] 1#1: worker process 23 exited with code 0
2025/10/16 20:31:52 [notice] 1#1: worker process 25 exited with code 0
2025/10/16 20:31:52 [notice] 1#1: worker process 12 exited with code 0
2025/10/16 20:31:52 [notice] 1#1: signal 29 (SIGIO) received
2025/10/16 20:31:52 [notice] 1#1: signal 17 (SIGCHLD) received from 23
2025/10/16 20:31:52 [notice] 1#1: worker process 17 exited with code 0
2025/10/16 20:31:52 [notice] 1#1: worker process 21 exited with code 0
2025/10/16 20:31:52 [notice] 1#1: signal 29 (SIGIO) received
2025/10/16 20:31:52 [notice] 1#1: signal 17 (SIGCHLD) received from 11
2025/10/16 20:31:52 [notice] 1#1: worker process 11 exited with code 0
2025/10/16 20:31:52 [notice] 1#1: signal 29 (SIGIO) received
2025/10/16 20:31:52 [notice] 1#1: signal 17 (SIGCHLD) received from 9
2025/10/16 20:31:52 [notice] 1#1: worker process 9 exited with code 0
2025/10/16 20:31:52 [notice] 1#1: signal 29 (SIGIO) received
2025/10/16 20:31:52 [notice] 1#1: signal 17 (SIGCHLD) received from 22
2025/10/16 20:31:52 [notice] 1#1: worker process 22 exited with code 0
2025/10/16 20:31:52 [notice] 1#1: worker process 26 exited with code 0
2025/10/16 20:31:52 [notice] 1#1: signal 29 (SIGIO) received
2025/10/16 20:31:52 [notice] 1#1: signal 17 (SIGCHLD) received from 26
2025/10/16 20:31:52 [notice] 1#1: worker process 7 exited with code 0
2025/10/16 20:31:52 [notice] 1#1: worker process 13 exited with code 0
2025/10/16 20:31:52 [notice] 1#1: signal 29 (SIGIO) received
2025/10/16 20:31:52 [notice] 1#1: signal 17 (SIGCHLD) received from 13
2025/10/16 20:31:52 [notice] 1#1: signal 17 (SIGCHLD) received from 24
2025/10/16 20:31:52 [notice] 1#1: worker process 24 exited with code 0
2025/10/16 20:31:52 [notice] 1#1: signal 29 (SIGIO) received
2025/10/16 20:31:52 [notice] 1#1: signal 17 (SIGCHLD) received from 19
2025/10/16 20:31:52 [notice] 1#1: worker process 19 exited with code 0
2025/10/16 20:31:52 [notice] 1#1: signal 29 (SIGIO) received
2025/10/16 20:31:52 [notice] 1#1: signal 17 (SIGCHLD) received from 18
2025/10/16 20:31:52 [notice] 1#1: worker process 18 exited with code 0
2025/10/16 20:31:52 [notice] 1#1: signal 29 (SIGIO) received
2025/10/16 20:31:52 [notice] 1#1: signal 17 (SIGCHLD) received from 15
2025/10/16 20:31:52 [notice] 1#1: worker process 15 exited with code 0
2025/10/16 20:31:52 [notice] 1#1: exit
2025/10/17 08:59:11 [notice] 1#1: using the "epoll" event method
2025/10/17 08:59:11 [notice] 1#1: nginx/1.28.0
2025/10/17 08:59:11 [notice] 1#1: built by gcc 13.3.0 (Ubuntu 13.3.0-6ubuntu2~24.04) 
2025/10/17 08:59:11 [notice] 1#1: OS: Linux 6.17.2-arch1-1
2025/10/17 08:59:11 [notice] 1#1: getrlimit(RLIMIT_NOFILE): 1024:524288
2025/10/17 08:59:11 [notice] 1#1: start worker processes
2025/10/17 08:59:11 [notice] 1#1: start worker process 7
2025/10/17 08:59:11 [notice] 1#1: start worker process 8
2025/10/17 08:59:11 [notice] 1#1: start worker process 9
2025/10/17 08:59:11 [notice] 1#1: start worker process 10
2025/10/17 08:59:11 [notice] 1#1: start worker process 11
2025/10/17 08:59:11 [info] 9#9: audio_encoder_process_init: using aac encoder "aac"
2025/10/17 08:59:11 [info] 8#8: audio_encoder_process_init: using aac encoder "aac"
2025/10/17 08:59:11 [warn] 9#9: audio_encoder_process_init: encoder does not support the required input format, audio encoding is disabled
2025/10/17 08:59:11 [info] 10#10: audio_encoder_process_init: using aac encoder "aac"
2025/10/17 08:59:11 [info] 7#7: audio_encoder_process_init: using aac encoder "aac"
2025/10/17 08:59:11 [warn] 8#8: audio_encoder_process_init: encoder does not support the required input format, audio encoding is disabled
2025/10/17 08:59:11 [warn] 10#10: audio_encoder_process_init: encoder does not support the required input format, audio encoding is disabled
2025/10/17 08:59:11 [warn] 7#7: audio_encoder_process_init: encoder does not support the required input format, audio encoding is disabled
2025/10/17 08:59:11 [notice] 1#1: start worker process 12
2025/10/17 08:59:11 [info] 11#11: audio_encoder_process_init: using aac encoder "aac"
2025/10/17 08:59:11 [warn] 11#11: audio_encoder_process_init: encoder does not support the required input format, audio encoding is disabled
2025/10/17 08:59:11 [info] 12#12: audio_encoder_process_init: using aac encoder "aac"
2025/10/17 08:59:11 [warn] 12#12: audio_encoder_process_init: encoder does not support the required input format, audio encoding is disabled
2025/10/17 08:59:11 [notice] 1#1: start worker process 13
2025/10/17 08:59:11 [info] 13#13: audio_encoder_process_init: using aac encoder "aac"
2025/10/17 08:59:11 [warn] 13#13: audio_encoder_process_init: encoder does not support the required input format, audio encoding is disabled
2025/10/17 08:59:11 [notice] 1#1: start worker process 14
2025/10/17 08:59:11 [info] 14#14: audio_encoder_process_init: using aac encoder "aac"
2025/10/17 08:59:11 [warn] 14#14: audio_encoder_process_init: encoder does not support the required input format, audio encoding is disabled
2025/10/17 08:59:11 [notice] 1#1: start worker process 15
2025/10/17 08:59:11 [info] 15#15: audio_encoder_process_init: using aac encoder "aac"
2025/10/17 08:59:11 [warn] 15#15: audio_encoder_process_init: encoder does not support the required input format, audio encoding is disabled
2025/10/17 08:59:11 [notice] 1#1: start worker process 16
2025/10/17 08:59:11 [info] 16#16: audio_encoder_process_init: using aac encoder "aac"
2025/10/17 08:59:11 [warn] 16#16: audio_encoder_process_init: encoder does not support the required input format, audio encoding is disabled
2025/10/17 08:59:11 [notice] 1#1: start worker process 17
2025/10/17 08:59:11 [info] 17#17: audio_encoder_process_init: using aac encoder "aac"
2025/10/17 08:59:11 [warn] 17#17: audio_encoder_process_init: encoder does not support the required input format, audio encoding is disabled
2025/10/17 08:59:11 [notice] 1#1: start worker process 18
2025/10/17 08:59:11 [info] 18#18: audio_encoder_process_init: using aac encoder "aac"
2025/10/17 08:59:11 [warn] 18#18: audio_encoder_process_init: encoder does not support the required input format, audio encoding is disabled
2025/10/17 08:59:11 [notice] 1#1: start worker process 19
2025/10/17 08:59:11 [info] 19#19: audio_encoder_process_init: using aac encoder "aac"
2025/10/17 08:59:11 [warn] 19#19: audio_encoder_process_init: encoder does not support the required input format, audio encoding is disabled
2025/10/17 08:59:11 [notice] 1#1: start worker process 20
2025/10/17 08:59:11 [info] 20#20: audio_encoder_process_init: using aac encoder "aac"
2025/10/17 08:59:11 [warn] 20#20: audio_encoder_process_init: encoder does not support the required input format, audio encoding is disabled
2025/10/17 08:59:11 [notice] 1#1: start worker process 21
2025/10/17 08:59:11 [info] 21#21: audio_encoder_process_init: using aac encoder "aac"
2025/10/17 08:59:11 [warn] 21#21: audio_encoder_process_init: encoder does not support the required input format, audio encoding is disabled
2025/10/17 08:59:11 [notice] 1#1: start worker process 22
2025/10/17 08:59:11 [info] 22#22: audio_encoder_process_init: using aac encoder "aac"
2025/10/17 08:59:11 [warn] 22#22: audio_encoder_process_init: encoder does not support the required input format, audio encoding is disabled
2025/10/17 08:59:11 [notice] 1#1: start worker process 23
2025/10/17 08:59:11 [info] 23#23: audio_encoder_process_init: using aac encoder "aac"
2025/10/17 08:59:11 [warn] 23#23: audio_encoder_process_init: encoder does not support the required input format, audio encoding is disabled
2025/10/17 08:59:11 [notice] 1#1: start worker process 24
2025/10/17 08:59:11 [info] 24#24: audio_encoder_process_init: using aac encoder "aac"
2025/10/17 08:59:11 [warn] 24#24: audio_encoder_process_init: encoder does not support the required input format, audio encoding is disabled
2025/10/17 08:59:11 [notice] 1#1: start worker process 25
2025/10/17 08:59:11 [info] 25#25: audio_encoder_process_init: using aac encoder "aac"
2025/10/17 08:59:11 [warn] 25#25: audio_encoder_process_init: encoder does not support the required input format, audio encoding is disabled
2025/10/17 08:59:11 [notice] 1#1: start worker process 26
2025/10/17 08:59:11 [info] 26#26: audio_encoder_process_init: using aac encoder "aac"
2025/10/17 08:59:11 [warn] 26#26: audio_encoder_process_init: encoder does not support the required input format, audio encoding is disabled
2025/10/20 11:09:50 [notice] 1#1: signal 3 (SIGQUIT) received, shutting down
2025/10/20 11:09:50 [notice] 14#14: gracefully shutting down
2025/10/20 11:09:50 [notice] 19#19: gracefully shutting down
2025/10/20 11:09:50 [notice] 18#18: gracefully shutting down
2025/10/20 11:09:50 [notice] 16#16: gracefully shutting down
2025/10/20 11:09:50 [notice] 14#14: exiting
2025/10/20 11:09:50 [notice] 19#19: exiting
2025/10/20 11:09:50 [notice] 20#20: gracefully shutting down
2025/10/20 11:09:50 [notice] 12#12: gracefully shutting down
2025/10/20 11:09:50 [notice] 16#16: exiting
2025/10/20 11:09:50 [notice] 20#20: exiting
2025/10/20 11:09:50 [notice] 18#18: exiting
2025/10/20 11:09:50 [notice] 12#12: exiting
2025/10/20 11:09:50 [notice] 25#25: gracefully shutting down
2025/10/20 11:09:50 [notice] 23#23: gracefully shutting down
2025/10/20 11:09:50 [notice] 8#8: gracefully shutting down
2025/10/20 11:09:50 [notice] 9#9: gracefully shutting down
2025/10/20 11:09:50 [notice] 11#11: gracefully shutting down
2025/10/20 11:09:50 [notice] 26#26: gracefully shutting down
2025/10/20 11:09:50 [notice] 13#13: gracefully shutting down
2025/10/20 11:09:50 [notice] 22#22: gracefully shutting down
2025/10/20 11:09:50 [notice] 10#10: gracefully shutting down
2025/10/20 11:09:50 [notice] 15#15: gracefully shutting down
2025/10/20 11:09:50 [notice] 7#7: gracefully shutting down
2025/10/20 11:09:50 [notice] 17#17: gracefully shutting down
2025/10/20 11:09:50 [notice] 24#24: gracefully shutting down
2025/10/20 11:09:50 [notice] 21#21: gracefully shutting down
2025/10/20 11:09:50 [notice] 25#25: exiting
2025/10/20 11:09:50 [notice] 10#10: exiting
2025/10/20 11:09:50 [notice] 23#23: exiting
2025/10/20 11:09:50 [notice] 9#9: exiting
2025/10/20 11:09:50 [notice] 22#22: exiting
2025/10/20 11:09:50 [notice] 11#11: exiting
2025/10/20 11:09:50 [notice] 17#17: exiting
2025/10/20 11:09:50 [notice] 8#8: exiting
2025/10/20 11:09:50 [notice] 26#26: exiting
2025/10/20 11:09:50 [notice] 15#15: exiting
2025/10/20 11:09:50 [notice] 13#13: exiting
2025/10/20 11:09:50 [notice] 7#7: exiting
2025/10/20 11:09:50 [notice] 21#21: exiting
2025/10/20 11:09:50 [notice] 24#24: exiting
2025/10/20 11:09:50 [notice] 11#11: exit
2025/10/20 11:09:50 [notice] 16#16: exit
2025/10/20 11:09:50 [notice] 18#18: exit
2025/10/20 11:09:50 [notice] 12#12: exit
2025/10/20 11:09:50 [notice] 21#21: exit
2025/10/20 11:09:50 [notice] 23#23: exit
2025/10/20 11:09:50 [notice] 10#10: exit
2025/10/20 11:09:50 [notice] 24#24: exit
2025/10/20 11:09:50 [notice] 9#9: exit
2025/10/20 11:09:50 [notice] 13#13: exit
2025/10/20 11:09:50 [notice] 22#22: exit
2025/10/20 11:09:50 [notice] 19#19: exit
2025/10/20 11:09:50 [notice] 20#20: exit
2025/10/20 11:09:50 [notice] 15#15: exit
2025/10/20 11:09:50 [notice] 7#7: exit
2025/10/20 11:09:50 [notice] 26#26: exit
2025/10/20 11:09:50 [notice] 25#25: exit
2025/10/20 11:09:50 [notice] 14#14: exit
2025/10/20 11:09:50 [notice] 8#8: exit
2025/10/20 11:09:50 [notice] 17#17: exit
2025/10/20 11:09:50 [notice] 1#1: signal 17 (SIGCHLD) received from 21
2025/10/20 11:09:50 [notice] 1#1: worker process 21 exited with code 0
2025/10/20 11:09:50 [notice] 1#1: worker process 9 exited with code 0
2025/10/20 11:09:50 [notice] 1#1: worker process 13 exited with code 0
2025/10/20 11:09:50 [notice] 1#1: worker process 17 exited with code 0
2025/10/20 11:09:50 [notice] 1#1: worker process 18 exited with code 0
2025/10/20 11:09:50 [notice] 1#1: worker process 24 exited with code 0
2025/10/20 11:09:50 [notice] 1#1: signal 29 (SIGIO) received
2025/10/20 11:09:50 [notice] 1#1: signal 17 (SIGCHLD) received from 9
2025/10/20 11:09:50 [notice] 1#1: signal 17 (SIGCHLD) received from 14
2025/10/20 11:09:50 [notice] 1#1: worker process 14 exited with code 0
2025/10/20 11:09:50 [notice] 1#1: signal 29 (SIGIO) received
2025/10/20 11:09:50 [notice] 1#1: signal 17 (SIGCHLD) received from 7
2025/10/20 11:09:50 [notice] 1#1: worker process 7 exited with code 0
2025/10/20 11:09:50 [notice] 1#1: worker process 12 exited with code 0
2025/10/20 11:09:50 [notice] 1#1: worker process 19 exited with code 0
2025/10/20 11:09:50 [notice] 1#1: signal 29 (SIGIO) received
2025/10/20 11:09:50 [notice] 1#1: signal 17 (SIGCHLD) received from 19
2025/10/20 11:09:50 [notice] 1#1: signal 17 (SIGCHLD) received from 20
2025/10/20 11:09:50 [notice] 1#1: worker process 15 exited with code 0
2025/10/20 11:09:50 [notice] 1#1: worker process 20 exited with code 0
2025/10/20 11:09:50 [notice] 1#1: worker process 11 exited with code 0
2025/10/20 11:09:50 [notice] 1#1: signal 29 (SIGIO) received
2025/10/20 11:09:50 [notice] 1#1: signal 17 (SIGCHLD) received from 15
2025/10/20 11:09:50 [notice] 1#1: signal 17 (SIGCHLD) received from 16
2025/10/20 11:09:50 [notice] 1#1: worker process 10 exited with code 0
2025/10/20 11:09:50 [notice] 1#1: worker process 16 exited with code 0
2025/10/20 11:09:50 [notice] 1#1: signal 29 (SIGIO) received
2025/10/20 11:09:50 [notice] 1#1: signal 17 (SIGCHLD) received from 10
2025/10/20 11:09:50 [notice] 1#1: signal 17 (SIGCHLD) received from 22
2025/10/20 11:09:50 [notice] 1#1: worker process 22 exited with code 0
2025/10/20 11:09:50 [notice] 1#1: signal 29 (SIGIO) received
2025/10/20 11:09:50 [notice] 1#1: signal 17 (SIGCHLD) received from 23
2025/10/20 11:09:50 [notice] 1#1: worker process 23 exited with code 0
2025/10/20 11:09:50 [notice] 1#1: signal 29 (SIGIO) received
2025/10/20 11:09:50 [notice] 1#1: signal 17 (SIGCHLD) received from 8
2025/10/20 11:09:50 [notice] 1#1: worker process 8 exited with code 0
2025/10/20 11:09:50 [notice] 1#1: signal 29 (SIGIO) received
2025/10/20 11:09:50 [notice] 1#1: signal 17 (SIGCHLD) received from 25
2025/10/20 11:09:50 [notice] 1#1: worker process 25 exited with code 0
2025/10/20 11:09:50 [notice] 1#1: signal 17 (SIGCHLD) received from 26
2025/10/20 11:09:50 [notice] 1#1: worker process 26 exited with code 0
2025/10/20 11:09:50 [notice] 1#1: exit
2025/10/20 11:09:54 [emerg] 1#1: "add_header" directive is not allowed here in /etc/nginx/nginx.conf:184
2025/10/20 11:09:55 [emerg] 1#1: "add_header" directive is not allowed here in /etc/nginx/nginx.conf:184
2025/10/20 11:09:55 [emerg] 1#1: "add_header" directive is not allowed here in /etc/nginx/nginx.conf:184
2025/10/20 11:09:56 [emerg] 1#1: "add_header" directive is not allowed here in /etc/nginx/nginx.conf:184
2025/10/20 11:09:57 [emerg] 1#1: "add_header" directive is not allowed here in /etc/nginx/nginx.conf:184
2025/10/20 11:09:59 [emerg] 1#1: "add_header" directive is not allowed here in /etc/nginx/nginx.conf:184
2025/10/20 11:10:21 [emerg] 1#1: cannot load certificate "/etc/letsencrypt/live/edge.kaukus.no/fullchain.pem": BIO_new_file() failed (SSL: error:80000002:system library::No such file or directory:calling fopen(/etc/letsencrypt/live/edge.kaukus.no/fullchain.pem, r) error:10000080:BIO routines::no such file)
2025/10/20 11:10:22 [emerg] 1#1: cannot load certificate "/etc/letsencrypt/live/edge.kaukus.no/fullchain.pem": BIO_new_file() failed (SSL: error:80000002:system library::No such file or directory:calling fopen(/etc/letsencrypt/live/edge.kaukus.no/fullchain.pem, r) error:10000080:BIO routines::no such file)
2025/10/20 11:10:22 [emerg] 1#1: cannot load certificate "/etc/letsencrypt/live/edge.kaukus.no/fullchain.pem": BIO_new_file() failed (SSL: error:80000002:system library::No such file or directory:calling fopen(/etc/letsencrypt/live/edge.kaukus.no/fullchain.pem, r) error:10000080:BIO routines::no such file)
2025/10/20 11:10:23 [emerg] 1#1: cannot load certificate "/etc/letsencrypt/live/edge.kaukus.no/fullchain.pem": BIO_new_file() failed (SSL: error:80000002:system library::No such file or directory:calling fopen(/etc/letsencrypt/live/edge.kaukus.no/fullchain.pem, r) error:10000080:BIO routines::no such file)
2025/10/20 11:10:30 [emerg] 1#1: cannot load certificate "/etc/letsencrypt/live/edge.kaukus.no/fullchain.pem": BIO_new_file() failed (SSL: error:80000002:system library::No such file or directory:calling fopen(/etc/letsencrypt/live/edge.kaukus.no/fullchain.pem, r) error:10000080:BIO routines::no such file)
2025/10/20 11:10:30 [emerg] 1#1: cannot load certificate "/etc/letsencrypt/live/edge.kaukus.no/fullchain.pem": BIO_new_file() failed (SSL: error:80000002:system library::No such file or directory:calling fopen(/etc/letsencrypt/live/edge.kaukus.no/fullchain.pem, r) error:10000080:BIO routines::no such file)
2025/10/20 11:10:31 [emerg] 1#1: cannot load certificate "/etc/letsencrypt/live/edge.kaukus.no/fullchain.pem": BIO_new_file() failed (SSL: error:80000002:system library::No such file or directory:calling fopen(/etc/letsencrypt/live/edge.kaukus.no/fullchain.pem, r) error:10000080:BIO routines::no such file)
2025/10/20 11:10:31 [emerg] 1#1: cannot load certificate "/etc/letsencrypt/live/edge.kaukus.no/fullchain.pem": BIO_new_file() failed (SSL: error:80000002:system library::No such file or directory:calling fopen(/etc/letsencrypt/live/edge.kaukus.no/fullchain.pem, r) error:10000080:BIO routines::no such file)
2025/10/20 11:10:32 [emerg] 1#1: cannot load certificate "/etc/letsencrypt/live/edge.kaukus.no/fullchain.pem": BIO_new_file() failed (SSL: error:80000002:system library::No such file or directory:calling fopen(/etc/letsencrypt/live/edge.kaukus.no/fullchain.pem, r) error:10000080:BIO routines::no such file)
2025/10/20 11:10:34 [emerg] 1#1: cannot load certificate "/etc/letsencrypt/live/edge.kaukus.no/fullchain.pem": BIO_new_file() failed (SSL: error:80000002:system library::No such file or directory:calling fopen(/etc/letsencrypt/live/edge.kaukus.no/fullchain.pem, r) error:10000080:BIO routines::no such file)
2025/10/20 11:10:38 [emerg] 1#1: cannot load certificate "/etc/letsencrypt/live/edge.kaukus.no/fullchain.pem": BIO_new_file() failed (SSL: error:80000002:system library::No such file or directory:calling fopen(/etc/letsencrypt/live/edge.kaukus.no/fullchain.pem, r) error:10000080:BIO routines::no such file)
2025/10/20 11:10:44 [emerg] 1#1: cannot load certificate "/etc/letsencrypt/live/edge.kaukus.no/fullchain.pem": BIO_new_file() failed (SSL: error:80000002:system library::No such file or directory:calling fopen(/etc/letsencrypt/live/edge.kaukus.no/fullchain.pem, r) error:10000080:BIO routines::no such file)
2025/10/20 11:10:57 [emerg] 1#1: cannot load certificate "/etc/letsencrypt/live/edge.kaukus.no/fullchain.pem": BIO_new_file() failed (SSL: error:80000002:system library::No such file or directory:calling fopen(/etc/letsencrypt/live/edge.kaukus.no/fullchain.pem, r) error:10000080:BIO routines::no such file)
2025/10/20 11:11:23 [notice] 1#1: using the "epoll" event method
2025/10/20 11:11:23 [notice] 1#1: nginx/1.28.0
2025/10/20 11:11:23 [notice] 1#1: built by gcc 13.3.0 (Ubuntu 13.3.0-6ubuntu2~24.04) 
2025/10/20 11:11:23 [notice] 1#1: OS: Linux 6.17.2-arch1-1
2025/10/20 11:11:23 [notice] 1#1: getrlimit(RLIMIT_NOFILE): 1024:524288
2025/10/20 11:11:23 [notice] 1#1: start worker processes
2025/10/20 11:11:23 [notice] 1#1: start worker process 7
2025/10/20 11:11:23 [notice] 1#1: start worker process 8
2025/10/20 11:11:23 [notice] 1#1: start worker process 9
2025/10/20 11:11:23 [notice] 1#1: start worker process 10
2025/10/20 11:11:23 [notice] 1#1: start worker process 11
2025/10/20 11:11:23 [notice] 1#1: start worker process 12
2025/10/20 11:11:23 [notice] 1#1: start worker process 13
2025/10/20 11:11:23 [notice] 1#1: start worker process 14
2025/10/20 11:11:23 [notice] 1#1: start worker process 15
2025/10/20 11:11:23 [info] 14#14: audio_encoder_process_init: using aac encoder "aac"
2025/10/20 11:11:23 [info] 12#12: audio_encoder_process_init: using aac encoder "aac"
2025/10/20 11:11:23 [warn] 14#14: audio_encoder_process_init: encoder does not support the required input format, audio encoding is disabled
2025/10/20 11:11:23 [info] 9#9: audio_encoder_process_init: using aac encoder "aac"
2025/10/20 11:11:23 [info] 10#10: audio_encoder_process_init: using aac encoder "aac"
2025/10/20 11:11:23 [info] 8#8: audio_encoder_process_init: using aac encoder "aac"
2025/10/20 11:11:23 [info] 11#11: audio_encoder_process_init: using aac encoder "aac"
2025/10/20 11:11:23 [warn] 12#12: audio_encoder_process_init: encoder does not support the required input format, audio encoding is disabled
2025/10/20 11:11:23 [info] 7#7: audio_encoder_process_init: using aac encoder "aac"
2025/10/20 11:11:23 [info] 13#13: audio_encoder_process_init: using aac encoder "aac"
2025/10/20 11:11:23 [warn] 9#9: audio_encoder_process_init: encoder does not support the required input format, audio encoding is disabled
2025/10/20 11:11:23 [warn] 10#10: audio_encoder_process_init: encoder does not support the required input format, audio encoding is disabled
2025/10/20 11:11:23 [warn] 8#8: audio_encoder_process_init: encoder does not support the required input format, audio encoding is disabled
2025/10/20 11:11:23 [warn] 11#11: audio_encoder_process_init: encoder does not support the required input format, audio encoding is disabled
2025/10/20 11:11:23 [warn] 7#7: audio_encoder_process_init: encoder does not support the required input format, audio encoding is disabled
2025/10/20 11:11:23 [warn] 13#13: audio_encoder_process_init: encoder does not support the required input format, audio encoding is disabled
2025/10/20 11:11:23 [info] 15#15: audio_encoder_process_init: using aac encoder "aac"
2025/10/20 11:11:23 [warn] 15#15: audio_encoder_process_init: encoder does not support the required input format, audio encoding is disabled
2025/10/20 11:11:23 [notice] 1#1: start worker process 16
2025/10/20 11:11:23 [notice] 1#1: start worker process 17
2025/10/20 11:11:23 [info] 16#16: audio_encoder_process_init: using aac encoder "aac"
2025/10/20 11:11:23 [warn] 16#16: audio_encoder_process_init: encoder does not support the required input format, audio encoding is disabled
2025/10/20 11:11:23 [info] 17#17: audio_encoder_process_init: using aac encoder "aac"
2025/10/20 11:11:23 [warn] 17#17: audio_encoder_process_init: encoder does not support the required input format, audio encoding is disabled
2025/10/20 11:11:23 [notice] 1#1: start worker process 18
2025/10/20 11:11:23 [info] 18#18: audio_encoder_process_init: using aac encoder "aac"
2025/10/20 11:11:23 [warn] 18#18: audio_encoder_process_init: encoder does not support the required input format, audio encoding is disabled
2025/10/20 11:11:23 [notice] 1#1: start worker process 19
2025/10/20 11:11:23 [info] 19#19: audio_encoder_process_init: using aac encoder "aac"
2025/10/20 11:11:23 [warn] 19#19: audio_encoder_process_init: encoder does not support the required input format, audio encoding is disabled
2025/10/20 11:11:23 [notice] 1#1: start worker process 20
2025/10/20 11:11:23 [info] 20#20: audio_encoder_process_init: using aac encoder "aac"
2025/10/20 11:11:23 [warn] 20#20: audio_encoder_process_init: encoder does not support the required input format, audio encoding is disabled
2025/10/20 11:11:23 [notice] 1#1: start worker process 21
2025/10/20 11:11:23 [info] 21#21: audio_encoder_process_init: using aac encoder "aac"
2025/10/20 11:11:23 [warn] 21#21: audio_encoder_process_init: encoder does not support the required input format, audio encoding is disabled
2025/10/20 11:11:23 [notice] 1#1: start worker process 22
2025/10/20 11:11:23 [info] 22#22: audio_encoder_process_init: using aac encoder "aac"
2025/10/20 11:11:23 [warn] 22#22: audio_encoder_process_init: encoder does not support the required input format, audio encoding is disabled
2025/10/20 11:11:23 [notice] 1#1: start worker process 23
2025/10/20 11:11:23 [info] 23#23: audio_encoder_process_init: using aac encoder "aac"
2025/10/20 11:11:23 [warn] 23#23: audio_encoder_process_init: encoder does not support the required input format, audio encoding is disabled
2025/10/20 11:11:23 [notice] 1#1: start worker process 24
2025/10/20 11:11:23 [notice] 1#1: start worker process 25
2025/10/20 11:11:23 [info] 24#24: audio_encoder_process_init: using aac encoder "aac"
2025/10/20 11:11:23 [warn] 24#24: audio_encoder_process_init: encoder does not support the required input format, audio encoding is disabled
2025/10/20 11:11:23 [info] 25#25: audio_encoder_process_init: using aac encoder "aac"
2025/10/20 11:11:23 [warn] 25#25: audio_encoder_process_init: encoder does not support the required input format, audio encoding is disabled
2025/10/20 11:11:23 [notice] 1#1: start worker process 26
2025/10/20 11:11:23 [info] 26#26: audio_encoder_process_init: using aac encoder "aac"
2025/10/20 11:11:23 [warn] 26#26: audio_encoder_process_init: encoder does not support the required input format, audio encoding is disabled
2025/10/20 11:11:23 [notice] 1#1: start cache manager process 27
2025/10/20 11:11:23 [info] 27#27: audio_encoder_process_init: using aac encoder "aac"
2025/10/20 11:11:23 [warn] 27#27: audio_encoder_process_init: encoder does not support the required input format, audio encoding is disabled
2025/10/20 11:11:23 [notice] 1#1: start cache loader process 28
2025/10/20 11:11:23 [info] 28#28: audio_encoder_process_init: using aac encoder "aac"
2025/10/20 11:11:23 [warn] 28#28: audio_encoder_process_init: encoder does not support the required input format, audio encoding is disabled
